evolution$generation,alpha,beta,tsteps,popfit,indicsfit,evolution$samples
100,1.9618584180276022,0.09444905995062391,16.057749221299993,1.879370036048937E9,0.39733512645435354,6
100,5.244239401487558,0.0857509687197893,55.651618370620284,3.343712089949533E9,0.26739041402965175,4
100,1.0564142174046707,0.018889236163966674,84.0531090184251,1.4775824846128776E9,0.22157221152992979,1
100,1.7071010526432682,0.031286466502789816,51.32041312103352,1.6171000541720977E9,0.3209669631221088,2
100,3.388304359840286,0.0734410772627838,61.59261225950719,3.0560453476261406E9,0.18604095868567486,2
100,1.043664757618392,0.0190103427990186,82.45028950348694,1.4650666820298414E9,0.22555891053477073,1
100,1.1037753041765903,0.01917685405714177,85.6551242452409,1.512120315016758E9,0.2130130217981568,1
100,0.0,0.023474208321781865,15.792360428478965,1.1579371680684273E9,1.4562503002517777,1
