evolution$generation,alpha,beta,tsteps,popfit,indicsfit,evolution$samples
300,0.5718016114830768,0.01454615951064376,95.90674063331768,1.723801041504137E10,0.7900121506764781,1
300,8.665897085994485,0.05533025443235612,96.9603545292293,2.233413634998153E10,1.0782738087178654,6
300,0.7348479750710326,0.02363709164089988,100.0,2.5633011556002605E10,0.5597564059791978,1
300,6.880295153021208,0.06876488392540836,100.0,2.084376640711026E10,1.0976606148903816,2
300,10.0,0.08724017219920709,73.19176067379357,2.1768444821408913E10,1.0860181683508205,4
300,8.496859873472209,0.06178337688825236,99.98979669866024,2.1808419846223915E10,1.0766193978659349,2
300,9.815048594029145,0.0952868149706477,56.329898815561705,2.1903698897648487E10,1.0587406838268765,2
300,8.198688495527541,0.060963759736557814,98.63411960795496,2.182509737834056E10,1.0711860447835058,2
300,6.538488009617344,0.059288478203637966,100.0,2.1839086366632256E10,1.0664703502123036,2
300,7.438459293396907,0.05672744286738977,100.0,2.199084752922463E10,1.0685607413446918,5
