evolution$generation,alpha,beta,tsteps,popfit,indicsfit,evolution$samples
200,0.0,0.038540898594775885,25.94775897028609,5.956240415086279E9,2.1457325897262405,1
200,3.491954262444242,0.07033035491480412,97.94826930375291,2.3293511626689618E11,0.2401415958181356,1
200,8.83749256939726,0.08767288046947586,99.57743336446636,1.6968970389797687E11,0.29531755836149315,1
200,9.05838678957872,0.07432007028086841,100.0,2.2004049733023584E11,0.274365070926412,1
200,8.85235626509205,0.08752647149893598,99.57801414253586,1.7012871566409137E11,0.2947580442172849,1
200,3.8967367956619747,0.06960542768061388,96.46432896004947,2.4992773936540247E11,0.25918566978486385,3
200,0.4539669295025661,0.05120533473527264,7.545524577748811,1.1664429741721354E10,0.8826330448948244,1
200,3.9797969083967377,0.07067959037387557,99.01409679969447,2.3532027214732642E11,0.25548591981349544,2
200,0.5837389798891566,0.02121172142552424,21.64802347843225,1.3460623161212332E10,0.8558799561413293,1
200,0.44463157704826367,0.052656168525167524,4.784344456628233,1.3507895501518425E10,0.7918850780984596,2
200,0.4291167959476782,0.09636721307533748,26.31626647155129,7.351245464685187E9,1.4901347844971113,1
200,0.25973225703337016,0.06230021160419963,60.48485932500622,6.462066531119569E9,1.9326010399692801,3
200,0.03474898544455578,0.06459107085369223,39.04929122790306,6.158527969302472E9,2.1434156530841717,1
200,0.0,0.05372481040203845,39.381792832611396,6.223525259733402E9,2.208794341896273,2
200,0.0,0.05372055376445374,33.40558515672767,6.297260943265376E9,2.2050646547469333,3
