evolution$generation,alpha,beta,tsteps,popfit,indicsfit,evolution$samples
100,0.25973225703337016,0.06230021160419963,60.48485932500622,6.462066531119569E9,1.9326010399692801,3
100,6.61699821447894,0.06958282702901404,99.53021337979423,2.461044603941537E11,0.27872298735395534,2
100,3.9797969083967377,0.07067959037387557,99.01409679969447,2.353384431551645E11,0.2553887672354172,1
100,8.83749256939726,0.08767288046947586,99.57743336446636,1.6968970389797687E11,0.29531755836149315,1
100,0.0,0.05372055376445374,33.40558515672767,6.299819067523573E9,2.205872042025101,2
100,0.44463157704826367,0.052656168525167524,4.784344456628233,1.3507895501518425E10,0.7918850780984596,2
100,0.0,0.05372481040203845,39.381792832611396,6.221187863820021E9,2.208708072390421,1
100,8.85235626509205,0.08752647149893598,99.57801414253586,1.7012871566409137E11,0.2947580442172849,1
