evolution$generation,alpha,beta,tsteps,popfit,indicsfit,evolution$samples
100,6.0027348120226875,0.08906359869442022,23.08274818445122,8.16775658090835E7,1.4733151044651636,4
100,1.5382632354236494,0.01280661010091011,12.731167944041786,6.772853366402125E7,1.3189423653918977,1
100,5.948873740148733,0.08853093545989453,35.25256035695597,8.509435630422686E7,1.4642193308823517,3
100,0.0,0.05332089062528189,29.689117752021627,8.188465157849091E7,1.4039308458197226,2
100,9.592103223340379,0.08826624708652021,44.893708765191995,8.651566089796609E7,1.4617455899224772,3
100,8.653103853215002,0.058286574354737455,23.192622648829012,7.361732856780513E7,1.5794464673642774,2
100,8.22998729027986,0.06934708428561909,23.879559784232274,7.623096020219472E7,1.5370627015094662,2
100,5.885960001724171,0.08847877188762462,23.17817267749236,8.154374177909532E7,1.4746782136733345,2
100,9.213154862021058,0.020272386221955527,56.663342459946115,7.051891090468809E7,1.7733664796122324,2
100,8.758373021653789,0.06380820863525904,21.027825424556614,7.436614353352432E7,1.5616921510164976,3
100,8.654177366176555,0.06305655542738298,23.296819207747546,7.463397526607531E7,1.5608394728251576,2
