evolution$generation,alpha,beta,tsteps,popfit,indicsfit,evolution$samples
800,5.033134520414722,0.06878074058879716,1.0,1.3184711519296339E9,6.6026578989044715,8
