evolution$generation,alpha,beta,tsteps,popfit,indicsfit,evolution$samples
600,4.779564594668113,0.0,1.0,1.3184711519296339E9,6.6026578989044715,7
600,7.479754519404537,0.022164231472655747,47.2516643661755,1.3184711519296339E9,6.6026578989044715,7
600,4.164849729435865,0.011932202874877274,48.62083245618927,1.3184711519296339E9,6.6026578989044715,7
