evolution$generation,alpha,beta,tsteps,popfit,indicsfit,evolution$samples
300,1.1271643262422404,0.005659606711793243,5.389369433002272,1.3184711519296339E9,6.6026578989044715,5
