evolution$generation,alpha,beta,tsteps,popfit,indicsfit,evolution$samples
700,7.214127950678551,0.06149779720635743,46.0972499204218,2.3894880305518764E10,4.184160583574163,6
700,3.5041410702434983,0.03348738968642706,72.35241170695281,2.3894880305518764E10,4.184160583574163,6
700,5.851934638487693,0.09676452914091434,30.24580246861981,2.3894880305518764E10,4.184160583574163,6
700,3.083113705784255,0.06401655509308933,12.80179144374575,2.3894880305518764E10,4.184160583574163,6
700,5.057557676369156,0.03477473122201158,47.551263723954214,2.3894880305518764E10,4.184160583574163,6
