evolution$generation,alpha,beta,tsteps,popfit,indicsfit,evolution$samples
600,3.083113705784255,0.06401655509308933,12.80179144374575,2.3894880305518764E10,4.184160583574163,6
600,3.5041410702434983,0.03348738968642706,72.35241170695281,2.3894880305518764E10,4.184160583574163,6
