evolution$generation,alpha,beta,tsteps,popfit,indicsfit,evolution$samples
800,5.456673531425168,0.03448364533377483,51.49279815128627,3.3150927930591814E7,1.9944534194837749,8
