evolution$generation,alpha,beta,tsteps,popfit,indicsfit,evolution$samples
300,0.33316941215489504,0.035441338016030825,100.0,1.006624152580509E9,0.959863252584535,2
300,1.04580487261727,0.08561504910174139,99.98195557866181,1.0908485869606965E9,0.4164250012346945,1
300,3.952040836906706,0.08206379131905134,100.0,1.3215122521765635E10,2.2259015057087677,6
300,2.2729468608613566,0.08534892099675817,100.0,1.5411810671443396E9,0.6843152351646058,4
300,0.39959004003825854,0.03957649136699601,100.0,1.0157485886342146E9,0.874120934198881,1
300,1.2494136463338166,0.08568206710539647,99.87088010630679,1.0835623742988698E9,0.4179816625899192,1
300,1.5082695364210597,0.08535078504387944,100.0,1.093818895663966E9,0.4394266268240255,2
300,0.9239221419395827,0.08569648738788477,99.99252891367318,1.1040545739645557E9,0.43335505667845164,2
