evolution$generation,alpha,beta,tsteps,popfit,indicsfit,evolution$samples
100,7.8167399645672635,0.03981968805052856,21.446071859153925,2.546911762172269E8,1.6319352336865767,4
