evolution$generation,alpha,beta,tsteps,popfit,indicsfit,evolution$samples
800,5.295755894914532,0.010105345208625228,1.0,2.546911762172269E8,1.6319352336865767,8
800,8.497605960191551,0.0951210710664469,84.39159287792504,2.546911762172269E8,1.6319352336865767,8
