evolution$generation,alpha,beta,tsteps,popfit,indicsfit,evolution$samples
1000,5.295755894914532,0.010105345208625228,1.0,2.546911762172269E8,1.6319352336865767,10
