evolution$generation,alpha,beta,tsteps,popfit,indicsfit,evolution$samples
100,0.9027610870754743,0.07530709673477039,10.037463275377993,3.4039637666624804E9,0.3535590717257595,2
100,2.688525856034729,0.05707048856070023,36.218204100956314,1.2378224435449254E11,1.5452991718205498,3
100,1.2612107877923904,0.03626689717731703,70.73366892343616,7.753917272087203E9,0.1287175917848702,1
