evolution$generation,alpha,beta,tsteps,popfit,indicsfit,evolution$samples
200,9.849274398262581,0.03257772682210363,26.354637419600728,5.69411738191712E9,0.23759640014721073,8
200,1.5653945911980376,0.07465220016777967,1.0,1.4179571233498514E9,0.5326901721453612,1
200,1.9792645749241224,0.0,35.30793894951102,1.7523123425755663E9,0.16275656936845595,2
200,4.017835148042712,0.03407801022680244,21.61101939374165,4.712895138435526E9,0.23896273611229701,4
200,0.33168791513603857,0.01921784169255445,63.60544538702551,4.591311295904081E9,1.0100833473059612,4
200,9.178851532067188,0.03402965005069261,28.697863528455652,5.419291190066517E9,0.2169002121915579,3
200,1.6764028304631213,0.001637433880708217,43.94020960149213,1.4280994158163662E9,0.6269975480483669,2
200,1.8167918239881264,0.013419492861652865,30.833187427051314,1.473557252784101E9,0.4644640245145106,1
200,1.6819949578457296,0.0,43.62268638767253,1.5816122105016546E9,0.170656459802196,1
200,4.906436762821605,0.048141296386603194,27.902754032228874,4.607089183311882E9,0.25990208138667026,4
200,0.7221515315577991,0.0,27.07828788451255,1.5378626246260996E9,0.24266517490119216,1
200,1.4827497841928603,0.0,44.0236845866073,1.5579548242692826E9,0.1789064003531512,1
200,1.4826047319632585,0.0,6.562357383754886,1.558784338657838E9,0.1784703151665495,1
200,1.4640637276238877,0.0,44.04607314076559,1.5515530528672554E9,0.1800054473338545,1
200,1.0241399703887117,0.0,43.894230650160644,1.5392272119862566E9,0.2057687035325557,1
200,0.7982306108330268,0.0,32.33886569698952,1.5399162235936375E9,0.22888488218334618,2
