evolution$generation,alpha,beta,tsteps,popfit,indicsfit,evolution$samples
200,0.6204689759056854,0.1,2.3635500531767812,9.996635237526033E9,0.345932502999001,1
200,0.47326975708362423,0.08030705349839008,18.354652738617652,2.658053207587188E9,0.8212320469194843,1
200,0.0,0.06352061544838156,42.18392104721883,4.661309699123516E9,1.7673677221823914,5
200,1.4934658439553992,0.04731417425474184,24.158880183996345,1.0838264563272354E10,0.5131387541171875,4
200,0.8182663862284968,0.06764599752195648,46.63689410947104,2.815932665002554E9,0.46601064988520974,1
200,1.5350509823658158,0.03171141532402132,85.07457937016956,4.965084231761591E9,0.4596224362311718,3
200,0.7549871439491782,0.08144327773504516,54.20521132545135,3.0649462749346266E9,0.6073616564789627,2
200,0.6056182324779024,0.08746757978748963,8.353281509600613,3.7581830130235133E9,0.36469595744663746,1
200,0.0,0.0929164293272326,8.838979103358565,3.608911098893575E9,1.6138236609108552,4
200,1.7360505124737653,0.046686636871102326,82.95383433693691,4.362016898867043E9,0.48350298902336497,2
200,1.6779347837247856,0.05494581332241605,84.97777176066069,3.736970193469074E9,0.49568771719775795,2
200,1.3333380514475,0.1,74.88022535026808,3.2659359933328815E9,0.523827847618207,2
200,0.017280962948393874,0.08905988434109464,8.430564640811747,3.453672585941664E9,1.435228588766043,3
