evolution$generation,alpha,beta,tsteps,popfit,indicsfit,evolution$samples
400,10.0,0.08308562576238482,82.8339566401974,9.780783527768221E8,3.0430145773331714,6
