evolution$generation,alpha,beta,tsteps,popfit,indicsfit,evolution$samples
200,0.2702849814838011,0.0,67.26902860217336,2.6643917833157346E8,1.8325978613588438,1
200,2.118491514284591,0.08245634316450158,93.57334093651602,1.9718748631340747E9,0.26422396032439943,1
200,0.11531922474460554,0.08484069379844549,11.79143235314058,8.047779774821725E8,1.4517355042192848,4
200,3.013446845409576,0.08794641584567353,53.601603508219455,7.927662886816284E9,1.2417179880056977,3
200,2.4591678031673614,0.09935563964857103,53.93337345997449,2.5125586589679804E9,0.398457315771258,2
200,4.122973720322818,0.06819429655327942,79.7209908893817,8.388030869334195E9,1.2335588390864582,3
200,6.665005563501047E-5,0.09048899724770067,1.5989496585719918,3.84637667180763E8,1.4847122897756715,2
200,0.26997438105509186,5.747994035844159E-4,67.50115732479627,2.732469845475047E8,1.643011007956851,1
200,0.9933251759739783,0.0,23.556746758299123,6.178622668154924E8,1.178917572571128,1
200,0.6937714471984742,0.09542694401177836,69.91495372911086,1.730378331718568E9,0.556658446546959,1
200,1.7001785458740093,0.039218301266358585,37.072751825312466,1.1645040300188923E9,0.7660318500710273,2
200,0.5864436013674286,0.09638441745665371,68.5923946096923,1.7604235489111276E9,0.7010155567893687,2
200,0.747463340729599,0.0969765146489219,78.135018984236,1.8015427205202594E9,0.5300503527236775,1
200,1.9016249320812286,0.09110925385024764,70.10052154577319,1.8237112026518757E9,0.2689783774625531,1
200,0.7075279261085875,0.09725926434063699,69.77018520855312,1.7382808050301254E9,0.5417135812487129,1
200,0.44211835276469336,0.03902303630922999,34.8986251259671,7.585619109047931E8,0.8915739817145736,1
200,0.17129822788206406,0.04112830034159476,35.18584816666985,9.735358690773618E8,1.376368677817315,4
200,0.4464044874673351,0.04009272328408675,32.53916725664191,7.394303225702629E8,0.8939146820560415,1
200,0.756293049115506,0.0,53.726281900531916,3.95525590438818E8,1.200125940688803,1
200,0.7647800805919529,0.0,53.458865068996495,4.0939146806858927E8,1.1981173285069469,1
