evolution$generation,alpha,beta,tsteps,popfit,indicsfit,evolution$samples
300,0.7223069954552591,0.1,20.997554913134746,2.7921588776105313E9,0.40669452133248346,3
300,3.8811237060114,0.02708564808464098,34.29293190480261,1.1673262245242989E11,3.416866866544601,6
300,1.2025291904504054,0.09442412033594039,81.36528972138105,4.745397774805002E9,0.25404561796088376,1
300,4.373763918034199,0.09358181067096556,34.37035534382503,3.561286772576037E10,2.375866201783889,5
300,0.7016520944903948,0.08707628161438014,37.00667215281184,3.5962859946993923E9,0.35950344617226604,4
300,0.7443148453781725,0.1,38.15026340791384,3.874600258949559E9,0.33180806906870297,2
300,1.3855864556099422,0.1,70.50134291455825,4.552242368430578E9,0.26522403380134146,1
300,1.517156987430788,0.07929774481221255,59.92715290864815,3.912935915543495E9,0.3177702292580214,2
300,0.8400858592275582,0.08187501482742607,57.39525751608417,4.1351259235795803E9,0.2942683367664179,1
300,0.914102696902156,0.1,75.56861754224155,4.855404820754865E9,0.26775924635533244,2
300,1.5729939190698283,0.08055687542780363,55.23056900896972,3.8008184373057833E9,0.33305472838488953,1
300,1.4913772200330464,0.08347185940485066,59.853644497837884,3.997132302102426E9,0.3085997066921937,1
300,1.211820989467879,0.08116678219953719,65.08828921969358,4.160005725927316E9,0.280556842616649,1
300,1.566014639812852,0.1,75.22118248467194,4.609419814995947E9,0.2735437161129364,2
