evolution$generation,alpha,beta,tsteps,popfit,indicsfit,evolution$samples
200,0.914102696902156,0.1,75.56861754224155,4.855404820754865E9,0.26775924635533244,2
200,2.1634811979794706,0.0337250494118842,93.53031284916287,3.4866014438028636E9,0.6047015850037719,1
200,4.373763918034199,0.09358181067096556,34.37035534382503,3.561286772576037E10,2.375866201783889,5
200,0.7016520944903948,0.08707628161438014,37.00667215281184,3.5962859946993923E9,0.35950344617226604,4
200,1.566014639812852,0.1,75.22118248467194,4.609419814995947E9,0.2735437161129364,2
200,1.544199481679833,0.07933158535177161,61.06031869662848,3.931374746976167E9,0.31931565389501776,1
200,0.7443148453781725,0.1,38.15026340791384,3.874600258949559E9,0.33180806906870297,2
200,0.8400858592275582,0.08187501482742607,57.39525751608417,4.1351259235795803E9,0.2942683367664179,1
