evolution$generation,alpha,beta,tsteps,popfit,indicsfit,evolution$samples
100,8.208419157079202,0.06048475060399255,61.48388626700091,7.787761331546371E9,2.5631556817857493,6
100,5.372759302192498,0.08465701587984338,69.9834275637151,8.393519380331221E9,2.430956349400761,4
100,0.24476652599549675,0.022394908745503386,58.753529248302684,3.2024755865677116E10,0.5716177122759211,1
100,4.49081360620179,0.07076358171172147,49.77188116167643,7.726053598695936E9,2.525677573468124,3
100,3.976825524692499,0.07164861556435882,61.66784513967277,8.159499240560328E9,2.492059194362827,1
100,4.24341908454262,0.07125775288634101,68.99253416756156,8.261235403844487E9,2.4870116407505227,1
100,3.222806026046709,0.06455839603416573,56.0881252674418,8.112831521111708E9,2.5214986129391423,2
100,5.372807949410927,0.08435730685536473,69.48434402561344,8.37881992431592E9,2.4329267093233065,2
100,0.015489862152027606,0.0,58.753993980344966,8.27209005732209E9,1.8033627768073681,1
100,10.0,0.07207265532536587,61.667087007503994,7.957709694460191E9,2.504700532760875,1
100,4.201198471971795,0.0685855489372514,68.53455716036834,8.214698020248588E9,2.500299854947352,2
100,0.0,7.08581556963385E-5,61.60956391654228,8.490987968522802E9,1.749113883214607,1
100,0.0,0.0,50.44081949735323,8.412886088531013E9,1.7563635171042908,2
100,0.0,0.03982784851587246,18.68586577161613,2.8230868904616924E10,0.8784563189751287,1
100,1.1365635201789035,0.06268082259388323,33.511374848275985,3.549228784542209E10,0.18605901394865385,1
