evolution$generation,alpha,beta,tsteps,popfit,indicsfit,evolution$samples
300,9.567498370498335,0.0971731115236991,50.41269557679887,6.2984024228769745E10,4.593062666762254,5
300,0.0,0.007280527520739733,11.929814311430079,6.2984024228769745E10,4.593062666762254,5
300,9.384693579607704,0.1,47.56725157609419,6.2984024228769745E10,4.593062666762254,5
