evolution$generation,alpha,beta,tsteps,popfit,indicsfit,evolution$samples
600,0.0,0.007280527520739733,11.929814311430079,6.2984024228769745E10,4.593062666762254,8
