evolution$generation,alpha,beta,tsteps,popfit,indicsfit,evolution$samples
500,0.7358391585476809,0.006893219991390498,23.620086536331403,2.2227088614879388E8,1.5809488473842899,4
500,0.9357035971512753,0.1,100.0,1.5640582211069942E9,0.26112512944719546,2
500,0.0,0.06176706029442818,65.22885858694745,1.8516687834195478E9,2.053186894955639,5
500,1.432958869996968,0.1,38.86896576256773,9.900105416072385E8,0.7631395693639735,2
500,0.6255002823868763,0.03439988752722136,16.780687279786957,3.727920189859108E8,0.8145243666029078,4
500,0.958013245854062,0.08952095236801189,100.0,1.4832467630405061E9,0.26790846327266327,1
500,0.7800727419938592,0.08793668192625226,50.28108164017241,1.1877677182562473E9,0.36747546064622977,1
500,0.7132903558465632,0.03485534197531723,20.575168073617228,3.6057555356556755E8,0.814152026551376,1
500,0.6306434199908063,0.009562358633868657,23.082508582597377,2.5635218488704225E8,1.0598255442910078,1
500,0.1275549819134923,0.011828429615424007,29.929952997981317,8.924721436921409E8,2.230191089715176,5
500,0.6790513745485305,0.047350661515044204,10.900184413041329,3.1112687062219864E8,0.870878651034478,1
500,0.9189029631599503,0.08452026285204,89.47421998395306,1.4012810543270602E9,0.28838859893955826,1
500,1.468800538352575,0.1,38.704806019610515,1.0121847572158526E9,0.7851894803949682,3
500,1.1702389692736066,0.08988523252225214,50.15100810255919,1.0294104887840418E9,0.5367098500754136,4
500,0.9558218647912393,0.0850950645309532,100.0,1.4509921970492308E9,0.27682116822173225,1
500,0.6176164440327361,0.0,21.835788877094796,2.3747209580547386E8,1.4953417541076157,4
500,1.4359655545324599,0.09999999999999999,39.13009206090205,1.0012233924702244E9,0.7570547821125175,2
500,1.3273024521527637,0.09831682727959029,43.68428965313984,9.939779339990432E8,0.6522337510155877,1
500,0.730102703815665,0.010421106566093042,23.755961633116645,2.2834337416273713E8,1.3171414796931122,1
500,0.7320090991102285,0.006606266341093255,25.24567757600147,2.2329175112789807E8,1.5265414038495744,1
500,0.7398741035502686,0.009513480687653945,23.1332080658525,2.2482089390820387E8,1.461277912400955,1
500,0.6898212603430566,0.011327877767489263,20.865424284000284,2.2964340896470684E8,1.2082804767115043,1
500,0.7340378888555441,0.009312263060822185,27.587511701546983,2.255208415884738E8,1.3863782495893968,1
500,0.7458851974666083,0.011791036838024096,25.41360005210024,2.2987842530660242E8,1.3444845752195886,2
