evolution$generation,alpha,beta,tsteps,popfit,indicsfit,evolution$samples
300,1.1702389692736066,0.08988523252225214,50.15100810255919,1.0285635846885356E9,0.5360977331155441,1
300,0.730102703815665,0.010421106566093042,23.755961633116645,2.2834337416273713E8,1.3171414796931122,1
300,2.5922302487761106,0.09686357315362602,74.77551654971862,6.534750155363518E9,1.3443933418847207,4
300,0.6306434199908063,0.009562358633868657,23.082508582597377,2.5635218488704225E8,1.0598255442910078,1
300,1.8042720970390211,0.09936379133988286,68.23463667079139,1.4030028393448536E9,0.6741176109993842,2
300,0.4803141585635143,0.0872922782000012,50.41978688420823,1.4483246367452376E9,0.9055881823506622,3
300,1.432958869996968,0.1,38.86896576256773,9.898460993910053E8,0.761711184629033,1
300,1.4359655545324599,0.09999999999999999,39.13009206090205,1.0001540354033955E9,0.7574201320791644,1
300,0.7458851974666083,0.011791036838024096,25.41360005210024,2.2987842530660242E8,1.3444845752195886,2
300,1.8896636227894712,0.09777416449840143,69.5896918042975,1.557742790213007E9,0.7145934697312017,3
