evolution$generation,alpha,beta,tsteps,popfit,indicsfit,evolution$samples
100,3.642732755187359,0.07115272803292594,96.55034337844418,8.160498140479294E9,0.14464157039306927,5
100,0.36592993241475913,0.0874025927912106,38.09641974544703,6.083712827714448E9,0.39355648386405606,4
100,1.5149180834990594,0.07408833290531472,58.31595079147126,6.375217960297945E9,0.15030564102132954,1
100,0.7702620591446618,0.07560879458872714,32.157983828733265,4.280591092119324E9,0.28357223240524776,2
100,2.2171790367535538,0.04744013153001854,78.28058836964678,5.116015112380493E9,0.22711507409632523,3
100,0.9402365918673244,0.07732166808600496,58.09535742731257,6.884831559051514E9,0.13384948062137814,2
100,0.7169985668113532,0.08766011683012338,39.5890469134076,5.848426390302754E9,0.19331732967577966,1
100,0.9752795812822006,0.09412369123329688,30.51940666290659,4.796450700465151E9,0.2323619855982621,1
100,0.9538786993951158,0.07714855920142186,58.016303894404906,6.865716266248881E9,0.13296182995531208,1
100,0.0,0.0820276316262078,10.431644536898645,2.4319776572857466E9,1.1042297726072456,1
100,0.7283218083788473,0.07473542893840365,32.05475982389793,4.2706822505662847E9,0.2892366383037748,1
100,2.6361632820543965,0.02716741770732153,77.08890653330279,3.2115750836617594E9,0.7185015131679429,1
100,0.7415264174505164,0.08513936216035242,39.35780623620608,5.652986753579886E9,0.19565086953956287,1
100,0.0,0.08267188517922479,9.455622345806235,2.25260301384487E9,1.1490856677316053,1
100,1.4826694845734825,0.09322504968916524,59.047420863654054,7.621376292211716E9,0.11925832856657793,1
100,2.309059120930298,0.04916745927925295,77.94662175008854,5.233252382781066E9,0.2186374088072264,1
