evolution$generation,alpha,beta,tsteps,popfit,indicsfit,evolution$samples
1000,0.5211875297136775,0.06581929662120495,94.92434006319853,3.913001323178171E8,2.1710519027550146,9
