evolution$generation,alpha,beta,tsteps,popfit,indicsfit,evolution$samples
300,4.266497844345035,0.04980931204860795,72.22975015880004,3.913001323178171E8,2.1710519027550146,5
