evolution$generation,alpha,beta,tsteps,popfit,indicsfit,evolution$samples
100,3.71109095665493,0.08772719145727877,47.4022035737171,2.0689892061098156E9,1.1575903339702096,3
100,4.509652946858386,0.019691358170505893,15.226284934699269,4.0965981326017466E9,0.6844691884041137,3
100,1.1022787084139527,0.004145982181153352,23.26282520512668,2.0906649344124758E9,1.1087743464924473,1
100,4.38073587505427,0.09699867858051114,42.779658765530684,2.0606122187211163E9,1.1389748692087802,2
100,4.4101531853110485,0.1,42.68253385599932,2.0585763131283534E9,1.1331691723386161,1
100,2.439873310952677,0.01902973050947876,10.343434389507363,2.417150692275401E9,0.8953194568613743,1
100,4.971325208917593,0.00860358044382697,18.415489025996738,2.1618341837050543E9,0.9791391826528923,1
100,3.6144557391559404,0.1,49.27706140740559,2.0587967311099474E9,1.1331083057362104,1
100,4.78442361911682,0.1,42.67861257456063,2.058468792996725E9,1.133205502630079,1
100,1.2780885534269995,0.005722563940954408,23.711825109412814,2.1179291440747406E9,1.023742539631669,1
100,4.1627204523064885,0.023349688723778794,18.051012908715595,1.4751936319136604E10,0.35917548821618756,1
100,5.772855509019132,0.1,30.101820339082263,2.058340808359549E9,1.1333265039572067,1
100,4.555901980544323,0.01875200476172073,20.4924651348464,9.283034207306395E9,0.4636954517625034,1
100,1.8630375272391237,0.007751903828772082,29.71593303367217,2.7394779912060857E9,0.8303461459155322,1
100,2.3258321058890994,0.021390320794793236,13.487084889408175,3.863499161529125E9,0.7038300586070853,1
100,5.0067030027240875,0.009557266867249252,17.975891244352738,2.2126054838378086E9,0.9538409751482723,1
100,1.1752641402567092,0.006549494043152997,26.258624481391525,2.249067669438002E9,0.9450778199425012,1
100,7.981343249853122,0.1,34.00958499000284,2.0575664975985365E9,1.1333923541937405,1
100,0.0,0.010827917230845058,24.96737059792109,1.0342377505853188E10,0.4501672123929662,1
100,2.4896302893474704,0.024304410992579566,7.919407992699092,2.3761693877992234E9,0.9058624481632712,1
