evolution$generation,alpha,beta,tsteps,popfit,indicsfit,evolution$samples
100,0.6108313060072246,0.050612503941978804,25.38856806411172,1.1010872822342615E9,0.8107539592104178,4
100,1.1052612222292035,0.008567300450968452,91.03107812881332,4.9314088015457773E8,0.9559916202480535,1
100,0.6605736659179212,0.055615014204012714,18.355930207788038,8.708505107099268E8,0.8346065042202698,1
100,1.2961825589612341,0.04313242804717882,70.42972823177334,1.8371586676690273E9,0.705524053777628,1
100,1.088091092008649,0.006001130114186588,89.50892818531226,2.933860222608626E8,1.0390744378219376,1
100,1.4909722846893427,0.05732146492625093,7.803705441863643,2.2299073196373126E8,1.1074299693083214,1
100,0.4767567664608718,0.0,25.87812412198652,1.2371169779839237E8,1.2597193552766834,3
100,1.0297642697315204,0.0026079907003693876,91.46879911674513,1.0181680271886374E8,1.1990727970290718,1
100,0.8732827802192138,0.058334025769407966,17.603768427541514,7.885741587119873E8,0.862462369335283,1
100,0.7021809128349122,0.009209612547527129,90.8493463948586,6.629568271733618E8,0.878681490457686,1
100,0.6301250318283308,0.06826978478160214,13.133290206494095,8.013217111865104E8,0.8510737008696593,1
100,0.5727390059172748,0.051019141984903184,23.96536298941363,1.08934630852429E9,0.8339927826906397,1
100,1.148814491296388,0.04502879731872207,76.01612348178304,1.9710064222749686E9,0.6808833734029897,1
100,0.8972752216629682,0.058094217081836146,8.379219075372859,3.174083900865451E8,1.012503058472794,1
100,1.0635116739513448,0.0,93.60964796856332,4.663167624017418E7,1.2117706319000185,1
100,0.8900782750424006,0.057969333438275865,14.546138528419055,6.27514569025948E8,0.9039210929080959,1
