evolution$generation,alpha,beta,tsteps,popfit,indicsfit,evolution$samples
200,1.62295300863871,0.09849850208510923,26.023490703710895,1.9645654464082152E8,1.1588766796496888,8
200,1.6616682090945387,0.02243192349259929,75.83773126582565,4.1138938167340336E9,0.3469442288726956,2
200,0.9963362549966631,0.0,17.07588445952958,1.4988898879285647E7,1.0385963731094903,1
200,2.201823705367789,0.03436100695134727,41.38669882209995,3.5797029567560225E9,0.3814661260632648,1
200,2.2512267688118905,0.09020422998505374,7.620920940645973,1.448701269855676E9,0.538545683246193,1
200,2.354209628461112,0.09164475395649793,16.642162091242696,4.0271777893061833E9,0.3762929760327186,1
200,1.386938566155028,0.014588383027966948,86.26821525134646,3.0369662834583774E9,0.38912093230487604,1
200,1.631454728205579,0.016584190066127907,70.65642479835584,2.7786150091673794E9,0.4010002622073119,1
200,1.240966788650001,0.020323524497581204,28.686130593451132,9.49456518362216E8,0.5977989229126272,2
200,2.2685251534652084,0.09105402863040254,7.435717505907404,1.3312967417812893E9,0.5537931775295089,1
200,1.5286868222759442,0.03664979973420051,24.452378109331516,1.9670030984774256E9,0.4591013924620816,2
200,1.6394923540250335,0.013773937025100193,76.04344302588794,2.398379010110357E9,0.4249149083832471,1
200,1.26610619912682,0.09713893071613305,3.4828199875140697,4.170075972670598E8,0.7472099747047398,1
200,1.2450272309144759,0.01637336949705657,69.36183001326775,2.707514410890673E9,0.40872954631511527,1
200,1.6109405022663983,0.014433333328030554,76.04067206576504,2.561471789787103E9,0.41415968101761286,1
200,1.6305582268108956,0.02233960081691825,75.84843218455494,4.104265808004754E9,0.3473901273718618,1
200,1.5026206148939676,0.0,18.273874323313958,3.8918396151144944E7,1.0498074937228596,3
200,2.901310478064587,0.09836969475964477,26.241766021956845,1.9290494769065675E8,1.160602679629665,4
200,1.2398173213158614,0.1,1.0,1.3745105970778188E8,1.0014064433977663,2
