evolution$generation,alpha,beta,tsteps,popfit,indicsfit,evolution$samples
100,7.7766249900435716,0.037784614031876634,23.040541256963017,4.794735727080945E7,2.0755708203648418,1
100,0.0,0.0,20.72514297949577,4.872395853442303E7,1.055242997162061,2
100,0.0,0.09874891034841092,100.0,5.3063097351684704E7,1.4243681315428747,4
100,10.0,0.049580215195821196,25.304488304276653,4.812420219913419E7,1.9986642670638006,1
100,2.88764693021623,0.0930832848388844,85.39046219469343,5.2106592519044764E7,1.7939350005552583,3
100,4.044568318186434,0.05094779929392346,80.04079049708835,4.857889721626803E7,1.9882532328134188,1
100,8.975057562597348,0.04757848954380348,11.477668377515998,4.806242280899174E7,2.0140154076255454,3
100,8.438767856857629,0.04851071870069143,13.490995417439724,4.79986560916715E7,2.0072795400590033,2
100,4.3118210589909545,0.05254167284562792,84.65389787206595,4.8618609139448114E7,1.9791698681851575,1
100,0.0,0.0,13.007073285977194,4.870644208358813E7,1.0562079265603295,1
100,7.7768193638043694,0.03839068618975405,21.415201142159876,4.7970057644511595E7,2.071430566853851,4
100,4.188109283111147,0.053223833737157035,85.09620982630234,4.8661206671308495E7,1.975297635547817,2
100,4.372942083138108,0.05385837154020889,81.10767675111637,4.867922320467475E7,1.971735721511222,1
100,7.777043876293668,0.03780169414437887,20.78685833260716,4.796242891215676E7,2.0757690684029027,2
100,10.0,0.0494696267502185,13.268362929478217,4.803137769592284E7,2.001971307498358,1
100,4.061205483635619,0.05295637071028565,84.82194143161632,4.864403977938241E7,1.976791384509912,1
100,4.237603438992402,0.0525872883226701,86.70240931089455,4.8631486443944484E7,1.9788950107822652,1
100,4.311823181788016,0.05254167284562792,84.65389787206595,4.862620740296374E7,1.9791447592506723,2
