evolution$generation,alpha,beta,tsteps,popfit,indicsfit,evolution$samples
100,2.427597550092102,0.08536416229803712,78.04583674822601,1.9414544544081504E9,0.27275962165876283,3
100,0.0,0.09572374469939707,1.0,3.410475205636603E8,1.4594035596398618,1
100,2.7105632454557287,0.07567244952513784,57.6705500890521,1.5518341252130644E9,0.3241915789686526,1
100,2.5918170934370077,0.057425408494803314,11.143541594719014,6.959690406463736E8,1.1412904354228774,1
100,2.7263841081483084,0.07630522555584934,57.737644910948745,1.5660651346025357E9,0.3226686651190519,1
100,2.4694669548482557,0.08582590813029259,77.72415133028568,1.9367126950916839E9,0.27345688809971497,1
100,2.3950476219848396,0.054739031842439625,30.09267193390988,7.77544687328479E8,0.6237300255636272,1
100,2.4040137438701454,0.05723226186800932,34.871975357538204,9.027451731612629E8,0.5440189551774592,2
100,2.244310454049331,0.062087220003160686,50.08905449149889,1.2864571421272743E9,0.3723398060907735,1
100,2.212522205757316,0.06342692043684854,50.08218951160608,1.312183744166779E9,0.3643581302285635,1
100,2.6320949867433754,0.03812166993298952,61.56107942089689,1.0374373281654683E9,0.5237892046244291,1
100,2.739078488704857,0.054867302603910234,50.00442606361724,1.15875173805489E9,0.47298695312124955,1
100,2.49445133173313,0.02458180585211546,100.0,1.0511426360018935E9,0.48444000695102724,1
100,2.705627891675329,0.05662805359424419,57.44962386810387,1.2973155804986084E9,0.40440136393461884,2
100,2.7196572374057166,0.05640353253888569,46.7556260869191,1.1419592676306765E9,0.48434263306016007,1
100,2.7589341178179554,0.056353386472100066,46.15197746168,1.1339016865930467E9,0.49944854762847013,2
