evolution$generation,alpha,beta,tsteps,popfit,indicsfit,evolution$samples
100,9.847430483027992,0.038677932572154086,7.854971905151954,8.69946950985601E9,3.9554354808395655,4
