evolution$generation,alpha,beta,tsteps,popfit,indicsfit,evolution$samples
200,8.120304383745246,0.06204824746743083,21.255049662650503,1.7645889518774124E10,2.0213610834702456,8
200,8.328500215432648,0.058657416149800294,95.198214334406,3.913651420037308E8,1.5027036071522688,2
200,2.222172222340148,0.05283917562277755,78.39675967420203,6.624675074804379E9,0.0948570893197512,1
200,0.0,0.0668985147585736,3.19503150337012,8.78387287161392E8,0.989044754467419,1
200,1.0347665825700727,0.06403797885018324,18.563690057010852,3.4116735631654468E9,0.230908123266344,1
200,2.2553404436732776,0.0524882826450011,73.61364330074828,6.35032845718247E9,0.12501210658665252,1
200,0.9567436691360478,0.06381963894515709,20.031323513965507,3.7453471897842073E9,0.2088565426381969,2
200,0.0,0.06213813195863014,1.0,5.598469749349331E8,1.225147240251951,1
200,0.11198556764065318,0.1,54.8870512184798,5.486794812529076E8,1.3244382151298517,1
200,4.487271336751698,0.09478110557326097,63.581371950011224,4.232917012276544E8,1.4199767881780014,1
200,0.7534182968724523,0.06387347990938493,17.286559552637215,3.4483082740734863E9,0.24889877174489103,4
200,2.4032092875059736,0.052289419107621964,84.08409564021372,6.943877598344179E9,0.11124990755641075,3
200,6.494560497066985,0.08002329507740646,70.32165066131994,4.046857332178916E8,1.4553744878206487,1
200,2.5332452486278614,0.05246604475450765,78.43043832661598,6.58971494552187E9,0.18465996013456448,3
200,5.759582530873741,0.0803287155747316,67.28170176573776,6.587172194492266E9,0.25770568143430916,5
200,5.719256532960325,0.08631016732141787,67.3498371754179,4.1216647980737674E8,1.4402688610073437,1
