evolution$generation,alpha,beta,tsteps,popfit,indicsfit,evolution$samples
200,0.5338861312325336,0.004166197876875471,29.922152474967866,6.1046321842922166E7,0.10408166186987294,1
200,0.6565246914000572,0.00598993089394045,27.94711103950238,6.873107079011151E7,0.09727341650352864,1
200,0.8961457221462521,0.07858592224359368,31.906946524583077,3.3789349320047796E8,0.2742338854261967,5
200,0.24542660734886645,1.721304812639879E-4,16.75821165571213,7.55821176370014E7,0.35983869393026735,2
200,0.7453007496114722,0.0035812776840123566,27.345291930102118,8.847065028059338E7,0.1684542165496254,2
