evolution$generation,alpha,beta,tsteps,popfit,indicsfit,evolution$samples
100,1.6510733193942717,0.0822836682318465,13.918749016441854,4.355403681214807E8,0.7373501410041656,2
100,1.876685901085584,0.06376917982544845,99.70438274370109,1.2367859421450038E9,0.29047043511950466,2
100,0.2390042941485282,0.07452678979675934,21.577345631169184,7.701328187087421E8,0.5548028738136547,4
100,2.407041290742797,0.06526338063060062,97.94700047415009,1.2389855740959094E9,0.3029265488852759,3
100,1.64849803064116,0.06291093599929386,98.40910432257074,1.2310633176122231E9,0.2887030315685828,1
100,1.3951534999663282,0.054981633032556015,100.0,1.1939738982313347E9,0.29763229341820824,1
100,1.702164815353192,0.08238978259866331,16.077984679224915,4.965881793087199E8,0.6832416247289763,1
100,1.2614550452277578,0.018267388646391297,19.807443570976364,1.12150925969962E8,1.3336127656264534,2
100,1.4152458920916755,0.08630542873684012,4.27577032490464,1.3562144879293156E8,1.2836678254252973,1
100,1.0823479422084124,0.041477419398890464,99.85076069538593,1.093789122429803E9,0.32916969706817895,1
100,0.744455718580366,0.09505948154198497,87.21026582395852,1.4315728826721077E9,0.28018216436369375,1
100,1.6468489069247858,0.06294752062454588,98.3620008251482,1.2314780328182845E9,0.2885053798690728,1
100,1.9193950358670155,0.066658486211907,99.23540081373285,1.2522072186872704E9,0.2864605655377829,2
100,1.6507987098238224,0.08655492708268814,6.198298155302785,1.8938918123457775E8,1.115359389816218,1
100,2.1934956828295715,0.0831385950875417,15.94784677481299,4.877452277572975E8,0.7131214282498531,1
100,1.6706488299808666,0.08347369946529569,23.73600547629965,7.151219923913448E8,0.5273547698312472,1
100,0.744780382030952,0.03947273257486009,98.80551381611743,1.099406198371193E9,0.32200829871437214,1
100,1.5108514389738965,0.08638720782892396,26.77086619534066,8.028345200676925E8,0.4746336803196469,1
100,1.309755738003557,0.08705888351194915,27.90771505935228,8.35425716944477E8,0.4533605512945703,1
100,1.648508461879398,0.0628054544741409,97.09730935680882,1.2281190225422058E9,0.2898357458519008,1
