evolution$generation,alpha,beta,tsteps,popfit,indicsfit,evolution$samples
100,3.863656872069996,0.06058757473918335,23.29464064739742,1.078412227064936E8,1.1450291010711837,3
