evolution$generation,alpha,beta,tsteps,popfit,indicsfit,evolution$samples
200,2.670168803695332,0.07735070677064561,15.304750196058695,2.809815601157009E11,4.634185907963689,4
200,0.16871630298727902,0.06303590997452396,22.34052748775319,1.1477576411826162E10,2.2632853198363567,1
200,1.0971763651648292,0.0984460786794708,50.123389776511,1.6935036596356607E10,1.6383677041168614,1
200,4.064938156017586,0.09998946341928688,55.630895087037686,9.77753531334487E10,2.7815226698838216,3
200,0.0,0.062282564583898165,32.72475122651455,1.3500987577778664E10,1.9791960041946872,1
200,0.7700694821731112,0.06391679482092975,24.494794759055676,1.2697033299097462E10,2.7402632514005383,2
200,0.8928407670193583,0.06371160227222512,31.658144082517094,1.3937834878962685E10,2.5737732118001793,2
200,0.0,0.053252856950976625,26.034518764813726,1.2436642094847408E10,2.225504262200031,1
