evolution$generation,alpha,beta,tsteps,popfit,indicsfit,evolution$samples
100,4.064938156017586,0.09998946341928688,55.630895087037686,9.77753531334487E10,2.7815226698838216,3
100,0.0,0.062282564583898165,32.72475122651455,1.3500987577778664E10,1.9791960041946872,1
100,0.0,0.053252856950976625,26.034518764813726,1.2436642094847408E10,2.225504262200031,1
