evolution$generation,alpha,beta,tsteps,popfit,indicsfit,evolution$samples
100,0.6658532198186594,0.03564953466898672,32.00089020710852,1.9356366528075252E9,0.6019636769845049,2
100,0.6932675504091717,0.07546968311720975,16.080757883882377,2.0235374271425276E9,0.5704742051144908,3
100,0.6921982661992025,0.07437526242593032,24.592216776806694,2.2558278610357513E9,0.49357438830659023,1
100,0.6235728873164788,0.03655056487017755,28.285721249427272,1.8721390671363447E9,0.6633034478783542,1
100,0.602996533903821,0.0062146320334595835,46.02846061647846,1.6617471126974669E9,0.8871354495734236,1
