evolution$generation,alpha,beta,tsteps,popfit,indicsfit,evolution$samples
100,7.045780249617161,0.07109315296389178,47.94176422137771,3.788510602222064E8,0.885232605398208,3
