evolution$generation,alpha,beta,tsteps,popfit,indicsfit,evolution$samples
900,7.697315200757541,0.07351277110971594,72.84149829864164,9.081758775973043E7,0.9120857983471877,11
