evolution$generation,alpha,beta,tsteps,popfit,indicsfit,evolution$samples
100,1.8184497512216913,0.0811707793334276,56.428182203372046,4.082084028651967E9,0.35634603350293564,3
100,0.5605179695815199,0.029002108453637113,23.08172774888197,1.5328758158714216E9,0.6426992786798964,1
100,1.693105088664102,0.02796017582272301,41.74468742676756,1.5545899375868115E9,0.7868412194247695,2
100,0.6669464136351986,0.025507988991108593,41.592467095544606,1.8858954628120563E9,0.4686216206066207,2
100,1.8180161444078478,0.0811707793334276,56.428182203372046,4.0813545337362494E9,0.3555456878389017,2
100,1.7290447371902398,0.08999210405435681,56.54087675379103,4.1137014155556903E9,0.3123717664566053,2
100,1.7200295823699157,0.09132985397110549,56.538703382320705,4.124568003653925E9,0.3083086813361782,1
100,0.66559547979108,0.025507988991108593,41.59437039793892,1.887154838034577E9,0.4645626815555088,1
100,1.3499759652997203,0.09202832152171939,93.54798191562084,4.497638114380648E9,0.22690957079603521,1
100,1.6633373737705153,0.027189579780424106,43.28832487165366,1.4244399082187765E9,0.7610331747841823,1
100,1.7185324974841418,0.09128440973132672,56.54076378920485,4.115986592090398E9,0.30894653620928536,1
100,1.3432892579025244,0.09079144301500028,92.50120618626825,4.475764998059794E9,0.22702997341090894,1
100,0.9831589706531068,0.0901893620177453,64.22831477639554,4.1279172013149366E9,0.2417229584371049,1
