evolution$generation,alpha,beta,tsteps,popfit,indicsfit,evolution$samples
200,0.46243603093462254,0.004116132066358554,93.58422246610438,3.3374559598493505E7,1.0646433121108412,6
