evolution$generation,alpha,beta,tsteps,popfit,indicsfit,evolution$samples
100,7.3759080656985,0.08468978174503493,5.904069049262253,1.950491929904888E10,1.917014731835723,3
100,8.573449326397798,0.032347227134283486,37.579776479568174,2.2877121296960354E10,1.127279601185021,5
100,9.367176013742506,0.023833129092149255,38.006518103579616,1.7590759334878952E10,1.3432896469075652,2
100,0.9826622358399306,0.005097017338100729,75.30956700449369,6.961611298244735E9,1.0420474175582617,1
100,9.959492048853404,0.09011392745340735,8.458855845670696,1.6881773966792088E10,1.4127174577996429,2
100,0.6963920244955579,0.07072283562793134,13.32987351103143,3.870829812138246E10,0.8477175609986382,2
100,10.0,0.031551414477534505,36.74648891794865,2.168482593605507E10,1.1506079994654546,2
100,8.573449326397798,0.03233496318153366,37.579776479568174,2.28670285685616E10,1.1274565777027652,2
100,9.367176013742506,0.02383312909214926,38.02821205742212,1.7592023022682724E10,1.3428934234961116,2
