evolution$generation,alpha,beta,tsteps,popfit,indicsfit,evolution$samples
800,3.269372158698609,0.02306961533434251,33.80359998316557,1.0053168246374157E8,3.3670694803182464,9
800,6.93737586511174,0.07737972491326395,22.971140061074856,1.0053168246374157E8,3.3670694803182464,9
