evolution$generation,alpha,beta,tsteps,popfit,indicsfit,evolution$samples
700,1.035161397272395,0.028686068196343364,82.47514046184396,9.957369279506844E9,4.030863478077889,8
700,1.0066715203459258,0.052501929348615375,9.887720958307856,9.957369279506844E9,4.030863478077889,8
