evolution$generation,alpha,beta,tsteps,popfit,indicsfit,evolution$samples
100,0.7859745034122301,0.040937981373581095,65.82559134045903,3.739392380194111E9,0.7482609012644834,4
100,0.32629272040324064,0.0959057766337679,14.15993756703812,2.634762738937205E9,0.966031901356576,3
100,2.7106776622964213,0.01168576002139119,48.770843719216785,2.2997170722193756E9,1.1162155050033133,6
100,4.152674189522443,0.045336277671825714,97.08256613146956,5.368107972484638E9,0.7169498578484161,4
100,1.5333820131706855,0.04827385323383951,99.81323787669858,4.898764777150263E9,0.663122067706641,1
100,1.9164878624460169,0.0267166960716541,58.543016902546256,2.5996031014627776E9,0.8055823719227777,2
100,0.7859745034122302,0.040937981373581095,65.82559134045903,3.735576991875143E9,0.7485569073823041,2
100,0.8344702083343467,0.03978985255138037,100.0,4.636501019070441E9,0.7135525167374215,1
100,1.7107128443545063,0.027500643602592613,61.652329181126774,2.70382217690316E9,0.7878864322647484,1
100,0.7859745034122302,0.0,65.82559134045903,1.1582534231506524E9,1.252934598614404,2
100,1.6284969824092885,0.05657923442872438,100.0,5.264779928304145E9,0.6512347144362567,2
100,1.9297023953766925,0.07814128618848325,77.89693302554426,5.443368557173345E9,0.6475805198107469,1
100,1.3900018356668618,0.051503682995200285,98.90968694001434,5.0459492950199175E9,0.6601405204330223,1
100,1.072185495303561,0.041530192678650345,65.87173904927803,3.683371804176472E9,0.722463067653208,1
100,1.5261625590097538,0.028344226995346524,65.72107016512476,2.8338017063659034E9,0.7717308022730938,1
100,2.253201625399964,0.060228382483711165,91.2844713052504,5.230702464373894E9,0.6601222217781164,1
100,2.274460034599313,0.058680587219538595,52.73456060892467,4.1039136019231267E9,0.7142945437717697,1
100,2.5257537994654893,0.014276472166348145,53.582494418424545,1.876785472021655E9,0.9845376065243178,1
100,1.7248408405439357,0.02943012208061583,60.69421421689118,2.8137856122785387E9,0.7796472767385889,1
100,1.5991809439584408,0.04788224163278494,53.972755949300904,3.583784723191514E9,0.7257948268298442,1
100,1.5538554305738708,0.0489785422876856,99.66675770120965,4.930160688019152E9,0.6621297573007787,1
