evolution$generation,alpha,beta,tsteps,popfit,indicsfit,evolution$samples
1000,6.036831919531627,0.03427953773000745,79.46059901143404,6.652154392359929E8,1.436165993511425,9
1000,0.34363761057334963,0.04149482421595316,41.23932738167684,6.652154392359929E8,1.436165993511425,9
1000,3.699127434799514,0.06393761713200685,83.69551279648721,6.652154392359929E8,1.436165993511425,9
