evolution$generation,alpha,beta,tsteps,popfit,indicsfit,evolution$samples
500,4.46887201668728,0.0841138104433157,88.25277902554505,6.652154392359929E8,1.436165993511425,5
500,3.3310245162167043,0.05702633332251318,27.751500438495793,6.652154392359929E8,1.436165993511425,5
500,3.1920492344459444,0.05569414404242387,47.818270751267995,6.652154392359929E8,1.436165993511425,5
500,0.34363761057334963,0.04149482421595316,41.23932738167684,6.652154392359929E8,1.436165993511425,5
500,6.105945443410282,0.0024205995348094644,14.885102802803633,6.652154392359929E8,1.436165993511425,5
500,6.178909238455745,0.004267818594279516,60.40030324117918,6.652154392359929E8,1.436165993511425,5
