evolution$generation,alpha,beta,tsteps,popfit,indicsfit,evolution$samples
600,3.1920492344459444,0.05569414404242387,47.818270751267995,6.652154392359929E8,1.436165993511425,7
600,0.34363761057334963,0.04149482421595316,41.23932738167684,6.652154392359929E8,1.436165993511425,7
600,4.46887201668728,0.0841138104433157,88.25277902554505,6.652154392359929E8,1.436165993511425,7
