evolution$generation,alpha,beta,tsteps,popfit,indicsfit,evolution$samples
200,0.8121432754904889,0.03433418821889069,15.312967478240731,5.6770857719067566E10,1.947553191696872,2
200,0.7349484727281896,0.08538500379150765,70.59907715217602,3.0331230942799384E11,0.8401856457004242,3
200,1.3278603012298662,0.06549697326374522,99.05717161728761,2.9069895302407446E11,0.9846098567329825,1
200,0.7107547277842396,0.043607519285094765,60.12439018176615,2.1876147310170737E11,1.1014465080730163,2
200,0.5986558412016207,0.08707931582354766,88.38357487470613,3.2977965982331287E11,0.8093848710119196,2
200,0.7830562639069005,0.041715468417141535,25.74500552598158,1.1205876903855676E11,1.5287532171817975,2
200,0.5883777712422102,0.0340890888032709,15.743900220355105,6.803200377534152E10,1.7308004599685671,1
200,0.8121424042572294,0.03433418821889069,15.312962270739456,5.677541979805132E10,1.947356793347274,1
200,0.8121432754904889,0.0343341882188907,15.312967478240731,5.67973534334062E10,1.9458314200139035,1
200,0.15358527025948385,0.0016481873099792406,81.47850160443211,5.0855927969447876E10,2.327628487872428,1
200,0.9228300880985592,0.05500767252190626,28.661419001095787,1.473098486002715E11,1.399765341987159,2
200,1.0484801695717028,0.05202939562608464,49.07976454625208,1.9870473224637433E11,1.2308332799385129,2
200,0.7195859609727873,0.1,69.34113899616437,3.168513682841247E11,0.8012063747722138,1
200,0.48042102279717835,0.025288857960847396,24.007228946244762,8.142414717121837E10,1.645218918965071,1
200,1.1225366194447464,0.08621695733042165,73.60373349633693,2.9302533100793384E11,0.9056877970060974,1
200,0.4380630256479685,0.08401919620105523,43.355682187368885,2.688525902349727E11,1.0882058680473004,1
200,0.9259413969028739,0.05419655514453242,28.399325826570614,1.4184644595111664E11,1.426728021361857,1
