evolution$generation,alpha,beta,tsteps,popfit,indicsfit,evolution$samples
200,2.350460954496887,0.08442509733788885,96.38975051958393,7.641410663965262E8,1.1352258981215833,1
200,2.057519910177794,0.07019505322466002,46.88812423223578,5.958323636301483E8,1.28897689653604,6
200,1.924172188261385,0.06927155311338039,26.558295222495378,4.207985579340699E8,1.4182304126475058,1
200,1.6608231775136075,0.07005597758860928,39.081767368845874,5.137227122571853E8,1.2728272584705804,2
200,1.9812481245478542,0.07570186083908498,78.60030082902476,6.894628507876536E8,1.1637345215200818,1
200,2.635964230884701,0.09048744211473715,100.0,8.665150632189984E8,1.1671012959699647,2
200,1.8109658958639454,0.0676548420098464,48.788255666074804,5.684496475038443E8,1.2522262768336612,1
200,1.7994112131135807,0.07544469404200041,39.42256639251077,5.453790196539947E8,1.2700774204801366,1
200,1.6560449869302396,0.07005879433958705,38.93309224786791,5.1479682364377254E8,1.27271911408236,1
200,1.783214524318915,0.07569300519829632,69.84309268786646,6.641323351137586E8,1.1727174288519393,2
200,1.8573714092299807,0.05648364296943697,98.93552183289422,6.743946431332929E8,1.1683716361581713,1
200,1.8150716651511376,0.07542971558726909,46.03746946813406,5.79656942044177E8,1.2417553403965298,1
200,1.4993296510834324,0.05527956368934117,93.96284528943805,6.580520331801596E8,1.1758523880197003,1
200,2.0625884881243657,0.07415048104769224,50.62140283412268,6.204865362107513E8,1.257131226327808,2
200,1.9795180753118788,0.07552236353821695,73.76123893205805,6.809085232593598E8,1.1711496022543755,2
200,2.0510786678643185,0.07088201765100856,47.10277102176431,5.938325168386425E8,1.28256642023923,3
200,2.057519910177794,0.07019505322466,69.54392426959168,6.615233968113554E8,1.20151313557164,3
200,2.0575231402802325,0.07019364125150897,45.53589094141939,5.862356649964482E8,1.2957088896560864,5
200,1.8465165697308192,0.055441480706747565,92.93366071792177,6.589687537338986E8,1.1796413733702495,2
