evolution$generation,alpha,beta,tsteps,popfit,indicsfit,evolution$samples
100,7.495958637532687,0.04269943199273923,71.98733881408424,1.369078485335774E9,2.829444059773895,4
100,0.9113532337145425,0.03211888572779187,83.48096652229212,1.369078485335774E9,2.829444059773895,4
100,3.372623397355625,0.09489127011743975,53.79334953365307,1.369078485335774E9,2.829444059773895,4
