evolution$generation,alpha,beta,tsteps,popfit,indicsfit,evolution$samples
800,6.080472725617847,0.0,82.34434019617211,1.369078485335774E9,2.829444059773895,9
