evolution$generation,alpha,beta,tsteps,popfit,indicsfit,evolution$samples
600,2.5806418470462433,0.014654521958821954,80.23436017749074,1.3247451179059913E9,0.5625521706689982,7
