evolution$generation,alpha,beta,tsteps,popfit,indicsfit,evolution$samples
300,6.6930922731763705,0.03028981253887051,3.4257862873418814,1.3247451179059913E9,0.5625521706689982,4
300,5.9433148893076995,0.00839601424508555,41.97424009967386,1.3247451179059913E9,0.5625521706689982,4
300,5.735901697893587,0.07910418564191404,76.55187896112191,1.3247451179059913E9,0.5625521706689982,4
300,2.5806418470462433,0.014654521958821954,80.23436017749074,1.3247451179059913E9,0.5625521706689982,4
300,3.552716696409122,0.0902726168783353,29.010729665564202,1.3247451179059913E9,0.5625521706689982,4
300,7.424548248101206,0.053479465085268574,32.32722202616485,1.3247451179059913E9,0.5625521706689982,4
