evolution$generation,alpha,beta,tsteps,popfit,indicsfit,evolution$samples
400,6.492089047346753,0.05001451270107025,49.96791807292378,1.0770840625516958E9,1.486467192818211,5
400,2.159503277934845,0.08298312840695968,87.8538153267031,1.0770840625516958E9,1.486467192818211,5
400,5.927392489360061,0.07807061336728674,45.49440893436217,1.0770840625516958E9,1.486467192818211,5
