evolution$generation,alpha,beta,tsteps,popfit,indicsfit,evolution$samples
100,9.241744909752036,0.05851375720644558,73.54723160396931,4.012108946402357E8,1.7245141244404067,5
100,0.43484591776409953,0.08656599257605993,86.34751609639744,4.2122458505897605E8,1.5532061438885467,3
100,3.6117417763414816,0.08030211873699977,16.700213609466932,4.061676720565549E8,1.6114813900327671,2
100,4.165950810736909,0.06689681913736438,5.976305816721493,2.251986980506959E9,0.9646326424383309,4
100,0.45825972890872757,9.493776480026695E-4,90.52865425494254,3.874350888033378E8,1.2124897376188035,1
100,2.0647462194000266,0.0573804858405623,50.67555821793057,3.9958645172797877E8,1.7286928850910173,3
100,9.085140803815479,0.013589387212234662,56.65908234836834,6.343079236611891E9,0.5426782716422032,2
100,9.2765456831018,0.05837054779473103,73.4962188864235,4.011969202989221E8,1.7254190194078132,3
100,9.570922464126514,0.014497199616099542,64.61055968404597,7.263403140783084E9,0.34447652122363215,2
100,0.8596536474542575,0.0013038936667591197,92.70918239844818,3.8719911676270574E8,1.4061260681220733,1
100,8.65994508690268,0.05948841746707341,70.55982165421283,4.0155609745810795E8,1.7184811807635083,2
100,0.45825972890872757,9.493776480026695E-4,90.52863928158233,3.8740596491926336E8,1.2425422267056503,1
100,0.4573604507091483,0.0034256475404414338,90.68271344893904,1.0828639450406399E9,0.47072514888012895,1
100,10.0,0.013615600038615,55.32688808912153,6.300608487432718E9,0.5716728432904903,2
100,9.377222610020919,0.01439781034711383,73.56700270824034,7.780275073091087E9,0.24720722626359365,1
100,0.0,9.20741700784183E-4,91.14144151528396,4.333697459850185E8,1.1698699451372652,1
100,0.0,0.004350781609449217,94.55895186468706,2.6667890169403915E9,0.33085366543003214,1
100,9.262472278125394,0.014392200857080316,72.61503176310293,7.719601246303252E9,0.2571050438455632,1
