evolution$generation,alpha,beta,tsteps,popfit,indicsfit,evolution$samples
300,7.39447560801334,0.08587555304184624,26.83664811128973,2.2395518896087085E11,3.063058345004845,6
300,0.12803914059987806,0.0,32.195469884521046,5.535549558044121E9,2.1328293737565938,1
300,0.6920661035322978,0.05392625481175825,32.19437910411814,6.159749605276501E9,0.9540078341003936,1
300,1.6648320318025278,0.015723601466270592,94.24783588109098,1.2567792539990496E10,1.5027960986914688,4
300,0.45446994928036283,0.04667511358162192,32.348491583610794,5.859216206347015E9,1.3017171428415368,2
300,0.6460519499289269,0.041019485716734666,16.922810484401957,5.738827767829072E9,1.0955703726940387,1
300,0.3591781119642545,0.057490213843691663,17.609630516425995,5.544941665206737E9,1.4931792405026267,1
300,0.0115827750356301,0.0494539787755042,38.58594504477523,7.800584078894466E9,1.9733411082328258,3
300,0.5917369054544713,0.04731532479409125,33.09724576883804,5.889826355521224E9,1.0341821985137634,2
