evolution$generation,alpha,beta,tsteps,popfit,indicsfit,evolution$samples
200,0.17849996059338125,0.029506213218684962,11.775401475833515,8.608661951969355E7,0.5135764780760188,6
200,1.5916667900150205,0.1,11.094535994955574,4.5372729338236827E8,0.3075173977980003,1
200,0.8504629632265666,0.025332090042202077,1.0,2.378671012142946E7,1.1958009363825985,1
200,1.614542552071215,0.1,11.0999669858828,4.5352060757840246E8,0.3077417095868059,1
200,1.787778495295571,0.0523062936180863,13.782438773766021,2.3886978954339537E8,0.35973448878766756,1
200,4.696328468806187,0.0997443114444489,6.186311693614328,1.9781555405967644E8,0.4175763236772362,1
200,4.397694179886464,0.03686299415319207,15.955716443689944,1.6727315600997442E8,0.44508526202111287,2
200,1.0865351061643689,0.031059144333936736,12.046695465329302,7.867371343533319E7,0.5674816223756887,2
200,0.034995921606053505,0.017320130494608836,13.773261967537868,5.964351094460417E7,0.5875891673670703,1
200,4.9592974732125485,0.02968063378405286,19.541552983310574,1.6326958480461755E8,0.45922717196291923,2
200,0.6188126299086163,0.025444028704708074,12.811443250816795,6.787236318235894E7,0.5891362535680974,3
200,0.3808755335478373,0.03074981013796252,13.702544143406937,1.0584429640978232E8,0.4359919828600757,1
200,0.33137456768139334,0.0313196895929548,10.881431775149174,8.086852832238722E7,0.46564051801270856,2
200,0.48280503872618735,0.0,1.0,3.012619106741921E7,0.7714473188751553,1
200,0.03640019869898663,0.015185718227172258,11.259481511002319,4.6494018406022124E7,0.59830912359022,1
200,2.08643568078884,0.05380679556089,6.980493857233922,8.036012115572523E7,0.5622742954059704,1
200,0.0,0.04736757156860851,1.0,3.766513138441208E7,0.6397566687436279,2
200,1.1875024074716238,0.04531962986479597,1.0,2.3998907926179692E7,1.0679335937873156,1
200,0.270677461502597,0.0037619395189239404,12.035952991659855,3.0856179679780032E7,0.6088975751430423,1
200,0.010712433759566388,0.04822259818365492,3.04699844061803,4.4205546656838626E7,0.599403986056198,1
200,1.5455592940761802,0.0,1.0,3.0625161808944866E7,0.7379996292202341,4
200,0.031380066050607086,0.015475212389725615,9.795972591902101,4.389894471874902E7,0.6029420496058693,1
200,0.30789472134489465,0.03205624843785065,1.0,2.468227235922834E7,0.7884745001780284,1
