evolution$generation,alpha,beta,tsteps,popfit,indicsfit,evolution$samples
300,4.681722838892924,0.052403757890719986,88.80595645009498,3.057273536428371E9,3.0695204602098136,4
300,8.453718537177929,0.021920207927455217,45.64993261742113,3.057273536428371E9,3.0695204602098136,4
300,8.036316717081025,0.02532056939550968,27.98901703306782,3.057273536428371E9,3.0695204602098136,4
300,4.288760805916418,0.03273377816333689,40.44187833983479,3.057273536428371E9,3.0695204602098136,4
300,1.0875603105658205,0.05209244578559052,53.730729856811315,3.057273536428371E9,3.0695204602098136,4
