evolution$generation,alpha,beta,tsteps,popfit,indicsfit,evolution$samples
100,4.681722838892924,0.052403757890719986,88.80595645009498,3.057273536428371E9,3.0695204602098136,4
