evolution$generation,alpha,beta,tsteps,popfit,indicsfit,evolution$samples
400,1.105469940613908,0.006628602118518301,6.9228974212102035,9.058630527140105E7,0.1491235551898944,6
400,0.7307981474885954,0.00556707353258655,5.798235426057063,7.391464371519639E7,0.14233545658452226,1
400,0.3023532955758258,0.067547453289433,99.90862954621299,3.1687414966592E7,0.15860551236518117,1
400,0.46913438678998803,0.0,1.0,6.31249861701312E7,0.14971930814544185,2
400,0.4138140016190869,0.0,1.0,6.064374608279484E7,0.1543198803852686,1
400,0.7775944973618653,0.006381291928626239,9.768289772992835,7.221553480722995E7,0.14626779442993226,1
400,0.9071520185435068,0.0,5.472095043753602,9.516748573591083E7,0.1451145804719029,4
400,0.7078616587845267,0.007125384866500637,10.243109971932837,7.078108726549327E7,0.14900378042785725,1
400,0.9110351411740248,0.004837131849277631,8.355392363305993,8.664728311499743E7,0.14555772443963566,2
400,0.9146660644263274,0.003988690750046167,10.80150587514382,8.093899274411644E7,0.1456907366953939,2
400,1.036599320295852,0.004606270314355785,8.661709805197988,9.029347601038562E7,0.14794004386414084,3
400,0.6372445072621675,0.073799599428228,94.27339128762152,3.1768732903191272E7,0.15913018181427369,4
400,0.28289735467620947,0.06962643399829226,99.54861971863446,3.1735791215973087E7,0.1588424699857907,2
400,0.2848044763436041,0.06966993955102369,100.0,3.1740977042992443E7,0.15883357269228218,3
