evolution$generation,alpha,beta,tsteps,popfit,indicsfit,evolution$samples
800,0.478877679427248,2.446800437336377E-5,1.4252743085035817,9.195629604440932E7,0.13275707358377437,1
800,0.6372445072621675,0.073799599428228,94.27339128762152,3.1771730306054186E7,0.15913007755031874,9
800,0.281085702445116,0.0686636617821814,100.0,3.1691571085825272E7,0.15870456746626696,1
800,0.38748317749349614,0.0,1.0,5.961176731679869E7,0.15848745091827043,2
800,0.9071520185435068,0.0,5.472095043753602,9.516878338378721E7,0.1451552840031566,5
800,1.044599721867452,0.004783104091262555,9.36413461752223,9.30264541349081E7,0.148070842326837,5
800,0.9400793173798652,1.0243680510267292E-4,34.44427738137542,8.790544188609076E7,0.1507886539007165,4
800,0.42337352935284467,2.7206767049919292E-5,2.907986027151556,6.227695463015314E7,0.13435175709973615,2
800,1.105469940613908,0.006628602118518301,6.9228974212102035,9.03725333977108E7,0.14908984399788233,8
800,0.49941610685513593,0.0030261203203673357,12.914952572450924,5.995846725247034E7,0.14939146764731917,1
800,0.5006146965662835,1.1992172865139231E-4,11.243908572115368,6.749922484462905E7,0.1389082690316163,3
800,0.46913438678998803,0.0,1.0,6.308221755626886E7,0.14956957456969103,3
800,0.2848044763436041,0.06966993955102369,100.0,3.174173275935791E7,0.1588378018288771,6
800,0.2761282065647806,0.06731560932764712,100.0,3.1700634494420014E7,0.15859049480605067,3
800,0.2962248717728979,0.06850624633491469,99.99999999999999,3.1692094147348452E7,0.15869579606417722,1
800,0.283992367665411,0.06840352756805704,100.0,3.1714136395680234E7,0.15869667119617936,5
800,0.2987353064084471,0.06760465432294088,99.87917170059099,3.1694606958846655E7,0.15863156943412807,2
