evolution$generation,alpha,beta,tsteps,popfit,indicsfit,evolution$samples
200,1.105469940613908,0.006628602118518301,6.9228974212102035,9.042831896252708E7,0.1491248846735197,5
200,1.619715188322275,0.07154555357421614,98.58585934871523,3.174289268511738E7,0.15904661209034748,2
200,0.9071520185435068,0.0,5.472095043753602,9.516618808803445E7,0.1450738769406492,1
200,0.804304977731567,0.007567484819282797,11.371368152526504,7.394652744463968E7,0.14929918714568827,1
200,0.46913438678998803,0.0,1.0,6.31249861701312E7,0.14971930814544185,2
200,0.9146660644263274,0.003988690750046167,10.80150587514382,8.07969055973032E7,0.14567051001327821,1
200,1.036599320295852,0.004606270314355785,8.661709805197988,9.029347601038562E7,0.14794004386414084,3
200,6.990643819604131,0.09468259821325709,89.25463056523492,3.2524061793694638E7,0.1614357104507491,3
200,1.5978440198252783,0.07153912287822482,98.58483753574842,3.1754525463720288E7,0.15904137362562631,1
200,0.8440766055092025,0.0697501525316718,98.75310403929468,3.1757230789473444E7,0.1588143025376776,1
