evolution$generation,alpha,beta,tsteps,popfit,indicsfit,evolution$samples
100,8.483643827977525,0.06604061510272896,54.13164183821847,1.554395765466613E9,4.606840187290462,2
100,3.900602370714732,0.03524028896952349,7.107204346930812,1.5584388552163863E9,3.531346039811333,2
100,5.376628614261916,0.05740101834083011,6.529356438788705,1.626099669957273E9,2.9523538942951695,2
100,5.066904900930808,0.041462516684435985,88.6405960662963,1.571228629669976E9,4.775240113231179,3
100,0.0,0.005843571894935829,89.04958267883056,2.070422127846446E9,0.9463852808352374,1
100,0.0,0.005801497456487724,44.43649447852765,1.4993499779639091E9,1.612305603465439,1
100,0.02640601294047211,0.003797038228713975,89.42872887808467,1.5445769363022327E9,1.4481104050955413,1
