evolution$generation,alpha,beta,tsteps,popfit,indicsfit,evolution$samples
200,0.7878993442354254,0.09585472439477401,4.991358595743845,6.852072941149041E10,1.1105696338566953,5
200,2.3384127190304156,0.09589101434421204,81.02838706712792,5.442705900631664E10,3.5092887037486262,1
200,0.0,0.022728010629936974,27.041505942858134,8.124739065705605E10,0.1167404948907057,1
200,0.0,0.0254114925434716,26.557601545900173,8.658247596182375E10,0.11873653283577064,2
200,0.48556927975946623,0.01794248585638767,25.718920940193595,6.552524072224764E10,0.7500216548367415,1
200,0.43431272319234215,0.02183727213114214,22.939750380234752,6.819657348095292E10,0.5064218341726293,1
200,0.01966988290003564,0.022852805750248367,25.852334938536824,7.602178061881479E10,0.1502326389297911,2
200,0.5031864672607861,0.022925656139016717,24.827906751992828,7.328745703914426E10,0.5781467851733865,3
200,0.0,0.02226119058697298,27.040758864019683,8.031293889231142E10,0.11977247397424617,3
200,1.3345314399515495,0.016129847967703663,39.572181416545426,7.048797319488892E10,1.0378589920249124,2
200,0.0,0.09394591243706069,1.0,5.4795345382638824E10,1.2450747132320044,1
200,0.3210067211412343,0.041313235890244986,1.0,5.5287939160548035E10,2.8591352384547917,2
200,0.04106482104514543,0.01784277808901273,14.081089547967343,5.642022562544389E10,0.932517495451525,1
200,0.0,0.0,26.442149550587168,5.6901686209525246E10,2.2580174089691867,2
200,0.7838581123714747,0.09585472439477401,4.991556581997145,6.85255818744039E10,1.1026877601624987,2
200,0.7838607037203422,0.09585472439477401,4.991557137830245,6.8501570247608025E10,1.1062025948406116,3
200,0.8819192782738128,0.022353816742696653,26.557342584993602,7.209867840060481E10,1.029400765762123,2
200,0.0,0.015460720425134362,14.230550662695643,5.586674722815125E10,1.002598489462608,1
200,0.4274240075010103,0.022606806079794053,26.410852253160567,7.450885471562587E10,0.3610862281764662,3
200,0.8782575388812558,0.0219410441747431,27.384376444472334,7.154738469846265E10,1.0491060850096097,4
200,2.846601734162075,0.09216091106796334,83.69897504014847,5.447663096114119E10,3.54787923883912,3
200,0.8819192782738128,0.022353816742696656,26.557347788616955,7.212657396212265E10,1.0289361117008358,2
