evolution$generation,alpha,beta,tsteps,popfit,indicsfit,evolution$samples
200,1.2201534916777423,0.0678877513945517,17.91332709519364,1.0419020226959457E10,1.2458837434555856,2
200,3.304443943937978,0.06172077410776773,92.22827681920374,5.6413081272641014E10,3.0665062582751186,5
200,1.254921526351369,0.07579900260505801,69.21494571734229,2.095922687822E10,0.04610787347616939,1
200,1.2976948616576527,0.07472257505897131,69.03960235309407,2.0720171532117683E10,0.047378880947624886,1
200,0.5400248399137136,0.02685087963812692,84.43904483003847,1.700709270082352E10,0.26115622355071016,2
200,0.3648954803397236,0.03870648572117251,39.284111504145216,1.503925121003466E10,0.6031806157806917,1
200,1.2478637158108943,0.06789265721434946,83.50555154757777,2.151725177433481E10,0.050110558652202666,2
200,0.23960397258378335,0.03996004582205035,21.02186180173411,1.2756086309097765E10,1.1325411347289163,1
200,0.40836255346885897,0.03966178413499055,47.39365696488658,1.6269341361102625E10,0.4604970336807686,3
200,0.0,0.010187100007834059,24.895903372991523,1.213266869826029E10,2.0570755850679245,3
200,0.8484314491223468,0.04325614544747411,47.64979099620087,1.5321225958517714E10,0.3008614645594137,2
200,0.6752880530016937,0.039640534872447064,46.8143818979473,1.5253521976625118E10,0.28930022841812497,1
200,0.6626425015599801,0.04038731781892453,47.59684404014919,1.5553403478357239E10,0.2595798104979309,1
200,0.7388340201014322,0.0020484963415192676,15.23926306077081,1.6549337175991154E10,3.620316020555233,4
