evolution$generation,alpha,beta,tsteps,popfit,indicsfit,evolution$samples
200,0.8073454385363934,0.07878199027020476,98.70482849023702,1.0482543419043432E10,0.25360427502627164,1
200,0.47839101395748385,0.011447620597448544,52.44145468288684,6.3134299206939535E9,2.1443342741919342,1
200,1.926276256292906,0.099321738566698,90.33821524450806,3.541417031659086E10,1.5305360373075618,3
200,1.8966579469743494,0.08082042851571139,65.17395105598195,7.635335193331897E10,2.6223586579238534,5
200,0.5850293936570767,0.03640735384160639,78.87994650393424,7.859962105096307E9,1.2133239415963653,1
200,0.6330095719590376,0.1,44.141858981687854,8.697488229291742E9,0.8110028949235433,1
200,0.9044095503934101,0.1,69.7083800596797,1.22349038397151E10,0.30593793742180414,2
200,0.0,0.07070724204594109,87.82423103288389,1.1025240649509659E10,3.3169884558627216,2
200,0.7951188497319484,0.06987053488554754,87.13377350876864,1.0288099337965454E10,0.2912514634388476,1
