evolution$generation,alpha,beta,tsteps,popfit,indicsfit,evolution$samples
100,5.008404242364546,0.03854362156240505,29.71899547498173,3.559414852003776E9,3.265494382568025,4
100,0.36878658644985185,0.031452588886717495,77.03959346171311,3.559414852003776E9,3.265494382568025,4
