evolution$generation,alpha,beta,tsteps,popfit,indicsfit,evolution$samples
400,9.660565913946328,0.02149860606225168,37.54004290882655,6.330439370083458E7,1.3169655667794489,5
400,0.7433156254031514,0.029772037136213503,16.512743262605028,6.330439370083458E7,1.3169655667794489,5
