evolution$generation,alpha,beta,tsteps,popfit,indicsfit,evolution$samples
900,4.023561802404633,0.05358927187706686,63.685668122893745,6.330439370083458E7,1.3169655667794489,11
