evolution$generation,alpha,beta,tsteps,popfit,indicsfit,evolution$samples
100,0.810685832466711,0.08757214839688139,10.26924198651674,2.03760271875379E9,1.6940537630520955,2
100,1.1146731246859387,0.037761924015898264,26.675825168785313,1.6784977363861752E9,1.9151309545585278,3
100,0.7656475568093368,0.036942014230854615,57.46071425292439,4.0871314777192793E9,1.0568034743263808,2
100,0.9949796456653992,0.03720240441083935,79.79051393590832,4.557954917162744E9,0.938741899178128,1
100,1.1888011644597067,0.03692310991502976,57.6098452219947,3.614626152946393E9,1.2367868385319216,2
100,0.7985648459000849,0.08729342291486142,10.985361531355064,2.242393202899951E9,1.5896259372590118,1
100,0.770054708898352,0.015916546166886356,57.46592598478814,2.059880999532444E9,1.6686331174180473,1
100,1.0678876223357943,0.03786338829476654,24.482458570641366,1.578623370610305E9,1.9465577323517216,1
100,1.1146731246859387,0.03776192401589826,26.675825168785313,1.6834912500986056E9,1.911797697405807,1
100,0.8092728674984087,0.08937727861022099,11.3831005443857,2.289351264313016E9,1.5847249266241696,1
100,0.858034242906527,0.03619480189387608,100.0,5.008245963491347E9,0.9021350830083273,1
100,1.0805279992981964,0.0972168334045291,2.8092489751671534,7.355710236304249E8,3.126832638160979,1
100,0.900871265871557,0.1,10.329751212541684,2.1626755168214455E9,1.63821242752904,1
100,1.1141136386014474,0.03485833267407624,58.36540073355466,3.5300930971386065E9,1.2127351916939626,1
100,0.8832732922847403,0.01650835659872027,57.269139192906906,1.8857217750323837E9,1.7612716418185732,1
100,1.1544363455285396,0.02449053595392538,45.74387185237526,1.8619663725194337E9,1.8492813369677472,1
100,1.1629490595174747,0.1,7.09502609807382,1.327552908819328E9,2.252428702974581,1
100,0.8410269319710271,0.08928894246944105,10.3369432861235,2.022710544197395E9,1.7034136472393189,1
100,1.060551801782963,0.020488027106791498,45.19839562962347,1.523806756549794E9,1.9764040768549838,1
100,0.8107271846842329,0.09029438184065176,9.807421270186422,2.09755773459636E9,1.638567178452147,1
100,1.0774409331013597,0.02708327755504091,66.49581157795186,3.2019518075408864E9,1.2937709573880705,1
