evolution$generation,alpha,beta,tsteps,popfit,indicsfit,evolution$samples
800,1.686826646841485,0.06713126306154242,79.27795191377855,5.37095050808381E8,1.6586436329503398,8
