evolution$generation,alpha,beta,tsteps,popfit,indicsfit,evolution$samples
100,5.301874570101887,0.07716394569564483,97.77336248080961,3.0549520987947483E9,0.5222745176305176,4
100,1.8342696978095507,0.06851817764146516,86.5606251260469,2.938625217468892E9,0.2491623280940966,2
100,3.5231199938257802,0.0687270920049408,86.5381035675918,2.195776327736187E9,0.4110942652001894,1
100,3.1882601660007652,0.0936597626645959,80.44738566341975,2.742492381472576E9,0.2793682037668932,1
100,3.1187687879096213,0.09406594748364583,81.12087018482511,2.809806968926164E9,0.2722673881602882,1
100,2.9522539737901154,0.09454487241556421,80.48188914774722,2.883002032540539E9,0.26478941556751256,1
100,3.1910980730799583,0.0963719188028599,78.79535429974777,2.7686790854196825E9,0.27676873099213917,1
100,2.7691545959282853,0.0695680187071659,81.56081798464916,2.3098155805831194E9,0.3204383848599592,1
100,2.7208392211760914,0.06789482590411165,86.43022892215232,2.3937317903841558E9,0.308115871473622,1
100,2.8799901966748305,0.09463501390301754,80.47878855994458,2.919463002671571E9,0.2610252406774431,2
100,2.8238078784829708,0.06826774306304961,86.55259676562164,2.357267194361585E9,0.31527491197986984,1
100,3.1014896444311146,0.06071524419027627,100.0,2.2817093486062436E9,0.33689950462801677,1
100,2.9522539737901154,0.09454487067102146,80.48151286210029,2.8884246195489187E9,0.2638884666733817,1
100,2.7695394686726877,0.06855346308868171,81.56855742986228,2.2829507901404023E9,0.3240100525922083,1
100,3.2416395648247986,0.0682677430630496,86.55259676562164,2.204287113574786E9,0.3583245213799554,2
100,3.181712940057499,0.06815971408673425,86.742765039742,2.2180736019886394E9,0.35218260281035957,1
100,2.8462927171711283,0.06826774306304961,86.55259676562164,2.348587258360516E9,0.3171540505228678,2
100,2.9522539737901154,0.0945448724155642,80.47789959639874,2.8830376276997237E9,0.2643474367325365,3
100,2.9523943336524905,0.0945448724155642,80.47789959333134,2.8876971445451765E9,0.26405793526273746,2
100,2.9508245462996574,0.09454487241556422,80.47789315378883,2.8877987792087307E9,0.2640279858443395,2
