evolution$generation,alpha,beta,tsteps,popfit,indicsfit,evolution$samples
200,1.6027455962492114,0.05091438380901389,100.0,1.1809752475177006E10,0.1298976773336396,1
200,0.8688907873699226,0.03151440937730647,13.199383801208725,4.429129287796232E9,0.8126468515059881,1
200,1.7873322539063703,0.037788546930127,86.73533869274911,9.800136517316868E9,0.22483156845661606,2
200,1.5478920528375073,0.08632715808168641,18.11763676999356,5.732709334239478E9,0.3652574028726434,1
200,0.8218100460409374,0.03150864402725561,13.26089266186505,4.621658989990389E9,0.8026752019773873,2
200,1.390145271598295,0.0876612027975376,18.80697153342737,6.448119612993653E9,0.28008609043828064,1
200,1.7437752171117673,0.03636331923800165,97.48475830436199,1.0061175065650303E10,0.18822288944847215,1
200,1.1806986557809616,0.04068252958105824,81.84626389756905,1.0716805053684774E10,0.16473077137113426,1
200,1.556274395314257,0.08675659501425666,18.855136968549566,5.9926314570937805E9,0.34269740753054645,1
200,1.72016043689704,0.04441336694354614,99.03913576326278,1.1160918777779436E10,0.15189234828768217,1
200,1.3294497224038464,0.08717118029632248,22.111072731560355,7.479634076160293E9,0.22740636091113892,1
200,1.9322808446701423,0.03464395850638278,88.45949019662504,1.1594226838629969E10,0.45333881742375903,4
200,1.4221067603371158,0.04426610606349127,100.0,1.1381270695457867E10,0.1342456190176709,2
200,1.4301688519148312,0.08759890348938087,18.923101531841205,6.342236284411817E9,0.28960323372382146,1
200,1.430090973170353,0.04409135616568895,100.0,1.1357703656843803E10,0.1336976068282398,1
200,1.4498830461635825,0.08817068634495856,18.017578407057837,6.053898024885671E9,0.31399863268653283,2
200,1.4454921876128757,0.08762614250786734,18.197940303104357,6.043527361670522E9,0.31442305776637963,3
200,1.4488318906432995,0.08815391852365682,47.562538529494645,1.1230164329158043E10,0.13409040555750054,1
200,1.6445878655288462,0.051366091825566756,96.41456667669505,1.1677779645734524E10,0.13305529337544614,1
