evolution$generation,alpha,beta,tsteps,popfit,indicsfit,evolution$samples
1000,9.263958721660385,0.09058055458590462,82.49088712620055,7.898585706461413E8,2.1501189117889363,10
