evolution$generation,alpha,beta,tsteps,popfit,indicsfit,evolution$samples
100,7.81203150712469,0.07744496681863876,43.70087544479174,3.694401489640442E10,2.2478083227469474,4
100,2.736858605604142,0.08452498078899938,26.887798431827125,5.199025306649028E10,2.617156008441687,6
100,6.68705265626131,0.09775123818698142,56.65587867066611,2.1036301754706196E10,1.617861906504615,3
100,0.14197603944850368,0.05953990828889149,22.51819421586613,6.742145962347121E9,2.5725659350589654,1
100,0.10038423624233371,0.05586505275480085,22.63282958255264,6.573070604502912E9,2.6866577845428283,1
100,6.576700269111798,0.1,57.247230616671665,2.038802924683873E10,1.576939329718962,2
100,1.1073142066220694,0.037614529420615356,92.74114448451219,8.989966122321672E9,0.8765778745159747,1
