evolution$generation,alpha,beta,tsteps,popfit,indicsfit,evolution$samples
300,2.736858605604142,0.08452498078899938,26.887798431827125,5.199025306649028E10,2.617156008441687,6
300,0.11037535513103554,0.05521670558704203,8.548373129370338,5.263371648218589E9,3.4226642735142043,3
300,1.0657428096098558,0.041389293959975246,90.0817195186519,9.292657210231388E9,0.8207816052844248,1
300,1.1012107786758105,0.037880303582767116,92.79940120912215,9.027487099708212E9,0.8694783884638418,1
300,7.81203150712469,0.07744496681863876,43.70087544479174,3.694425040960116E10,2.247816344532075,5
300,1.1073142066220694,0.037614529420615356,92.74114448451219,8.986987533251163E9,0.8767069791170008,2
300,6.576700269111798,0.1,57.247230616671665,2.0388496781255363E10,1.5769844291052086,4
300,0.9462413040851503,0.06680769291023661,34.11065726534409,7.395588470899852E9,1.2052605111253136,1
300,0.9449052282768295,0.06633848608119215,30.545617800815148,6.97783336956275E9,1.3226985636297854,1
300,0.0,0.04849478623195065,18.153029175389506,6.0203290626518135E9,3.046325945724373,3
300,0.9258844216525829,0.07144525023639851,18.170494670958554,6.110196173689015E9,1.8874524048602763,1
300,0.27457317348107657,0.05540842899603291,8.326809356185795,5.349867833230686E9,3.1450520552979713,2
300,0.6741932751703604,0.04504957756949816,19.269473310347763,5.49231855379172E9,2.219521798297695,2
300,8.738564325385,0.1,95.86365930951922,1.4535235635697426E10,1.0654895321016875,3
300,0.9135149044492341,0.054199230881738725,23.441951808862417,6.076322187951455E9,1.909505774103047,1
300,0.15124301378619687,0.04911361722137141,15.995568238447461,5.424156802158167E9,3.0537720855238777,1
