evolution$generation,alpha,beta,tsteps,popfit,indicsfit,evolution$samples
500,0.08991833444709971,0.0,31.761699464827615,2.7613310849193907E8,1.6266638984208608,9
500,1.0981084050853573,0.025943891757859407,100.0,2.7425965803327413E9,0.4948034147577065,5
500,0.3486235591759441,0.0,34.63941955631169,1.3341993989972351E8,1.3314335211676065,1
500,1.5508024026423264,0.03879511717695203,44.62296134319977,1.8967272794704428E9,0.3620472247500051,1
500,0.0,0.1,85.60336741261678,7.302889609927038E8,1.061099484156108,6
500,1.586299718728602,0.032797860713511776,79.1707933611124,2.611903448407846E9,0.41500850484730517,3
500,0.09682141369840887,0.0024261002289543737,30.422206553867618,4.4736924480515325E8,1.5636868699215198,5
500,1.1016716343398234,0.0024792670274794318,26.04488504072677,2.291388551935483E8,1.2038194884908966,1
500,0.1016837301775332,0.0,32.35549968816808,2.6636673052476263E8,1.6207437723873754,3
500,0.0,0.08937574911547343,59.561868628516564,7.171799600019042E8,1.0578072805286671,4
500,0.0,0.05362920806647377,78.10202186467212,6.813117373735294E8,1.1039526025062152,5
500,0.0,0.06839734686500973,81.62815353527,6.961171797198167E8,1.0911821871773042,3
500,0.0,0.05004345782585952,84.4680534523372,6.780693147202065E8,1.1121130512402468,2
500,0.0,0.05650353195907455,81.41603589905596,6.84410150799987E8,1.102064837643538,2
500,0.09828104948910313,0.0,31.499638249209116,2.708178049121225E8,1.622342207580823,4
500,0.0,0.0729652969556237,77.93372545993041,7.009916739750298E8,1.083815075092757,3
500,1.0702534389964355,0.02920635057357526,15.77463302034265,2.739197721067013E8,0.6522682393515776,1
500,0.07017697599281658,0.04845019701936334,83.3230381780859,6.709556849850423E8,1.3394254645311157,3
500,0.0,0.09452768185927518,57.296407229484515,7.227854278361675E8,1.0514346564554642,2
500,0.0,0.06233443030863183,89.66040008376747,6.902985561419785E8,1.0992176760753534,2
500,0.0,0.04716614540416335,96.74767927798345,6.755565491559391E8,1.1207145440743926,4
500,9.862433471784037,0.054457671922974266,86.93458764507515,6.685950448733526E8,1.3583113869649734,5
500,1.1912510018333538,0.0024261002289543737,26.42583684330814,2.717576242214327E8,1.218564171883975,2
500,0.0,0.04751402526009258,84.28408879819362,6.758390435628887E8,1.1133608737239353,3
500,10.0,0.1,100.0,7.177292084738483E8,1.2423134313306152,6
500,0.0,0.07327509787634881,76.02775267460363,7.011642109264928E8,1.0820979910638675,2
