evolution$generation,alpha,beta,tsteps,popfit,indicsfit,evolution$samples
200,0.844305751088871,0.05271906716690458,4.357856985636083,4.763008456562136E10,2.8652257291570287,1
200,0.4801842420032834,0.07452474818690658,11.519512331759874,1.4200803977230048E11,0.11212168164657109,1
200,0.3862613233006765,0.055767243038086216,6.672594525779152,8.263758036012015E10,0.8032556595609385,1
200,0.47066661940447063,0.06555736435602703,7.657264638746263,9.641171504916507E10,0.4409337035502771,1
200,0.6727611093681852,0.049894860361931914,9.022693597573674,8.050678323113484E10,1.232399281448792,2
200,0.1446237011085172,0.03857059808074179,18.361657972773855,1.3153036082225864E11,0.724463460154746,3
200,0.40090756306567543,0.0620553183527487,11.37028813681205,1.2733702773789153E11,0.2458380298950022,1
200,0.16962802811595007,0.06674861474354465,1.0,5.54351981580301E10,1.2452853922995015,2
200,0.4269022508219808,0.0354175230961603,18.109933041086606,1.1728254610443713E11,0.32210320752333627,1
200,1.1498575361941934,0.0961712568802055,4.198048637182001,4.9518871649276665E10,2.2016493403342077,4
200,0.8955177186518977,0.07187624800692113,11.423042476357882,1.112669891809403E11,0.8742584592566784,3
200,0.4307865852689692,0.03541940623645112,18.868456836354714,1.2139213629714047E11,0.2904282211245067,1
200,0.3970751643308579,0.061959958862988995,12.124470797254515,1.3470738868128906E11,0.2278120960147895,2
200,0.4277525507554484,0.035688474484268706,18.666217103180653,1.220992905684387E11,0.28616241943993526,1
200,3.54470438861193,0.05262725525868196,74.75272916717991,3.535418289395989E11,0.2597875455969283,3
200,0.14454947558609493,0.03956026877601997,18.318101765762602,1.3376474805124983E11,0.6983467121509652,2
200,0.411932480427182,0.061924772858702605,12.12019234673444,1.3407899286877708E11,0.21298803366676278,1
200,4.920371922509673,0.0654090665439843,50.929983403535694,3.873159742972697E11,0.24764568824945202,3
200,0.9606454383738705,0.07325334358994787,10.764014190321742,1.0596464257420572E11,0.8899978883885111,2
200,0.1948920627926154,0.06695991845636447,6.72759712369065,9.791118682583197E10,0.9787787928065381,2
