evolution$generation,alpha,beta,tsteps,popfit,indicsfit,evolution$samples
500,3.251260161367726,0.0634043840126693,59.987401312625686,1.8718648054643935E8,0.9564159378480797,7
