evolution$generation,alpha,beta,tsteps,popfit,indicsfit,evolution$samples
100,1.6704759955786952,0.03922888987327862,77.70397082508048,1.2180165856846066E9,0.5788288520555397,4
100,0.921266781238026,0.028552891741038835,69.60282577437448,9.949425091867946E8,0.6243267725878102,1
100,1.6616425751259358,0.018370487608837333,84.31752839825629,7.210330418815002E8,0.7199855428197613,1
100,1.1170413880269783,0.04681371743138391,20.590365740479573,5.412535552361134E8,0.8231294979762314,2
100,1.716494752244455,0.04774030764545316,76.96460193831663,1.3611670226911325E9,0.5606309379600265,2
100,0.7012503763584701,0.04666915933118099,13.1190082866835,4.6176240552836674E8,0.9457328268243337,1
100,0.9406154062411707,0.028229559116388983,69.26231948035498,9.731301105052636E8,0.6278488628429894,2
100,0.8939322791941309,0.021844906375683728,80.06407240805086,9.009907050003574E8,0.6485415877716698,2
100,1.4267226502266241,0.03543399675891231,71.17761446188473,1.0996898118914964E9,0.5909340175272042,2
100,1.433263735944166,0.05423443241321022,91.80301609793534,1.6143903019642434E9,0.5281341146820745,1
100,1.5397397018318884,0.04788843185583448,49.37068647578231,1.0330909556838782E9,0.6080697641876103,1
100,1.0459973789889991,0.04777628086746957,24.29524838857986,6.274404945664464E8,0.7542997406870391,1
100,0.9658714143361402,0.019053706514329447,77.64365732889127,7.685089268425355E8,0.6889814529902889,1
