evolution$generation,alpha,beta,tsteps,popfit,indicsfit,evolution$samples
900,3.1406354926840208,0.09262154923041238,34.82073424555691,9.853480706840762E7,0.7163465072961307,7
900,0.6580664312974372,0.08089128546235341,79.81491481519569,9.853480706840762E7,0.7163465072961307,7
900,5.780007163039378,0.09490225599986424,6.320155849634902,9.853480706840762E7,0.7163465072961307,7
900,0.0,0.04920880182819582,30.286614087048818,9.853480706840762E7,0.7163465072961307,7
900,3.1555487972687635,0.04378083914301381,6.482331205734891,9.853480706840762E7,0.7163465072961307,7
900,0.0,0.04615764586070344,44.45253148031035,9.853480706840762E7,0.7163465072961307,7
900,5.307591370616267,0.00923685329270545,4.90749542343124,9.853480706840762E7,0.7163465072961307,7
