evolution$generation,alpha,beta,tsteps,popfit,indicsfit,evolution$samples
200,3.8810094186467192,0.07447542404961001,78.38226953263293,9.853480706840762E7,0.7163465072961307,4
200,4.831310689551207,0.04185302100269623,35.51630849592215,9.853480706840762E7,0.7163465072961307,4
