evolution$generation,alpha,beta,tsteps,popfit,indicsfit,evolution$samples
600,5.780007163039378,0.09490225599986424,6.320155849634902,9.853480706840762E7,0.7163465072961307,6
600,0.0,0.04920880182819582,30.286614087048818,9.853480706840762E7,0.7163465072961307,6
600,3.1406354926840208,0.09262154923041238,34.82073424555691,9.853480706840762E7,0.7163465072961307,6
