evolution$generation,alpha,beta,tsteps,popfit,indicsfit,evolution$samples
300,0.0,0.0040182254155619246,73.99593319469977,3.284333926437669E9,1.5009475141341375,2
300,0.3853290861500501,0.06093167115620192,64.18711597888893,4.2820135301607475E9,1.0844601252320427,5
300,0.6871356298891542,0.04797855329847367,11.401094857521885,7.267680889025675E9,0.11283209742670898,2
300,0.7602104876322275,0.05580752658798738,58.29571067967423,6.134955083335356E9,0.32926618120695095,1
300,1.7634011709912112,0.0,74.14533080283148,2.684520273639411E10,0.26167793278050994,3
300,1.961706209879448,0.0650715977242226,58.36907674745374,1.9511227147876587E10,0.4529702660444172,4
300,0.6748776603447287,0.058142728990723536,66.96276348387718,5.364696510375919E9,0.5068186846591516,2
300,0.7008426294784664,0.0561583002497593,67.204359819331,5.48436469944397E9,0.45085934312618514,2
300,0.1552514222390365,0.05914873203212034,6.443788985323722,3.588360558484897E9,0.9982287945224043,1
300,0.8193060417175546,0.057007587925793524,53.51836862257199,6.748313776483973E9,0.2717879217632895,1
300,0.8149066978971203,0.06153079305159507,40.318284600959615,6.918938221532633E9,0.23387410187795335,1
300,0.7812303558627808,0.05222406896952865,59.68470166750685,6.315137180883633E9,0.2995488928507466,1
300,0.8160132325225244,0.05616120084958148,56.86930296702373,6.607510247820507E9,0.27993576483303007,1
300,0.8140062798951402,0.05805695977517428,42.74057712275661,7.012343483943993E9,0.23646080240446404,2
300,0.7638145407451203,0.05215043596844753,67.17181573209776,6.071372363725486E9,0.3491494763683093,1
300,0.0,0.055046795454509294,20.271846379276212,3.818861036483703E9,1.5817263110799766,3
300,0.7525196367528465,0.05217289099712061,67.18825921461321,5.96993084336518E9,0.35841749482885743,2
300,0.15706197726192264,0.05919725193356101,3.5142880324755117,4.329293715078372E9,0.7740898486238166,1
300,0.288322643530411,0.060444234550804846,63.33105312928032,4.2748555533809857E9,1.258176425552691,3
