evolution$generation,alpha,beta,tsteps,popfit,indicsfit,evolution$samples
100,7.0200335242457506,0.09922974963364446,91.70170040688747,4.854347468717747E9,2.056259054064286,4
100,0.8794904965145434,0.04446135395753492,42.605755398922405,1.1308925737807129E10,0.7783392290353952,2
100,7.0200339087852885,0.09922974963364446,91.70170040688748,4.853979862038105E9,2.0563001750637393,3
100,7.094224193224284,0.1,97.11969194416521,4.849603216931679E9,2.0528528691500725,2
100,0.789463825179562,0.04396947896598333,50.39899678504836,1.2364921257641535E10,0.7189717281844586,3
100,1.750334318274337,0.1,100.0,4.831968976944472E9,2.0333366271555304,1
100,1.2776340319565707,0.03519205190867974,5.144951841082029,6.303912717642527E9,1.8617201584880028,2
100,0.8794904965145434,0.029454137123921188,47.82881261754772,9.315480146886057E9,0.8952298250201974,1
