evolution$generation,alpha,beta,tsteps,popfit,indicsfit,evolution$samples
100,8.453925649545136,0.04551957321571179,43.742314766411795,6.413259432008697E9,1.109069217189303,3
