evolution$generation,alpha,beta,tsteps,popfit,indicsfit,evolution$samples
700,10.0,0.006603254592926294,28.104408099119418,1.5842152917371776E9,2.518857721053299,9
