evolution$generation,alpha,beta,tsteps,popfit,indicsfit,evolution$samples
300,9.002380091116786,0.07600884056525117,33.35524147863755,2.82331287130605E10,4.869072869703657,5
300,0.06607781659767609,0.07347258583339555,45.011617273717576,2.82331287130605E10,4.869072869703657,5
300,4.981898605571553,0.07191192642998952,56.17474437050204,2.82331287130605E10,4.869072869703657,5
