evolution$generation,alpha,beta,tsteps,popfit,indicsfit,evolution$samples
500,0.06607781659767609,0.07347258583339555,45.011617273717576,2.82331287130605E10,4.869072869703657,7
