evolution$generation,alpha,beta,tsteps,popfit,indicsfit,evolution$samples
200,2.8550200068327936,0.04193759917516707,4.799311919129683,9.081758775973043E7,1.0198775738007215,5
