evolution$generation,alpha,beta,tsteps,popfit,indicsfit,evolution$samples
400,0.44940307094827076,0.047905495397713854,7.46408627793441,2.8311502932430387E8,0.8917642926665207,2
400,0.46400180749840036,0.1,50.68571962720857,1.0806385951047902E9,0.6247765806206871,1
400,0.4613066415629369,0.05171212487997632,18.79131260495882,4.0919198383208007E8,0.757471247955546,5
400,0.5315740779947793,0.04569592680514513,26.13416122773373,4.20590582099762E8,0.692237194402923,1
400,0.4141433062556126,0.04642454490760978,8.568696794691185,3.030995593242556E8,0.8796810341214907,1
400,0.5666935527429982,0.05366173961497305,32.67542946286748,5.192139901409114E8,0.630030611043358,2
400,0.5072099518236799,0.047244440839209284,19.550161231975807,3.726486471206529E8,0.7407473379287888,1
400,0.4996811158680636,0.047918912490120584,18.402364633148714,3.666214789416053E8,0.7491116376356954,2
400,0.5767776950539233,0.033792724405469744,20.429849477665147,3.064639691413646E8,0.854282812412351,1
400,0.4941921459442823,0.047403150202748906,15.627014626195558,3.4045387862399626E8,0.779675270791099,1
400,0.5426515594479803,0.04566883556878124,26.149164083004987,4.1628439192709434E8,0.6942873740559546,1
400,0.4950084864283493,0.03533788084774896,17.111796393970298,3.159747898700239E8,0.8112461190645583,1
400,0.5446336988117977,0.045408914868323734,26.159209996506267,4.1278133820943046E8,0.6972117163548298,1
400,0.5462288054903823,0.04566526505618934,26.032116025189413,4.1247153164490473E8,0.6985060815399993,1
400,0.5401934912067579,0.04566936264617878,18.859734573239262,3.4963534661016405E8,0.7491887057132733,1
400,0.5123651670768458,0.04758090223870182,18.38990323916775,3.617313586329065E8,0.7490320408232553,1
400,0.9560014625290523,0.04757906812561253,11.69912678680836,3.519157006586572E8,1.9872333278410816,4
400,0.3982295317122594,0.04627482059002999,9.565147061548393,3.1882554521478856E8,0.8905665602745074,2
400,0.4175943638570928,0.047553007524766974,11.40165282709279,3.305308336554941E8,0.8624076858064361,2
400,1.0175763429345894,0.046670969580264315,18.49358087883105,3.5567514833234876E8,1.725081631923034,3
400,0.5513666589133303,0.04605463713818317,18.90948946762323,3.4647606578941035E8,0.7577507421659581,1
