evolution$generation,alpha,beta,tsteps,popfit,indicsfit,evolution$samples
200,1.621157533411457,0.041670393404185414,16.53180563729496,5.86892670653371E8,2.037283665880044,4
200,0.3982295317122594,0.04627482059002999,9.565147061548393,3.193256948945886E8,0.8963415535398966,1
200,0.5401934912067579,0.04566936264617878,18.859734573239262,3.4963534661016405E8,0.7491887057132733,1
200,5.614414637268968,0.0899681641874362,95.39274456722518,1.770545637014462E9,0.9469130527230702,2
200,0.0,0.037920285250870836,27.21434501544656,7.936863357353721E8,1.4390281310982518,2
200,1.645713019152168,0.0452872270819352,17.320271470209278,5.777755237238849E8,1.9417857459858343,3
200,1.3933983023022458,0.04046307351343314,15.382272194187086,5.166232009050503E8,2.049993027099329,3
200,6.34270147620053,0.0817054347988036,91.41507987770854,2.0326560145485835E9,1.0789243274546894,3
200,0.4175943638570928,0.047553007524766974,11.40165282709279,3.3047858129957736E8,0.8568038625549895,1
200,0.9560014625290523,0.04757906812561253,11.69912678680836,3.512274311549134E8,1.9930823983320547,2
