evolution$generation,alpha,beta,tsteps,popfit,indicsfit,evolution$samples
800,7.283468039742863,0.039026926395056324,15.018445395057238,1.0981987093686654E8,1.8779459316653073,7
800,0.8625519891412607,0.027220162799887718,1.809496819632086,1.0981987093686654E8,1.8779459316653073,7
800,3.6038352360898402,0.09492625560099766,38.28837136046315,1.0981987093686654E8,1.8779459316653073,7
