evolution$generation,alpha,beta,tsteps,popfit,indicsfit,evolution$samples
700,7.283468039742863,0.039026926395056324,15.018445395057238,1.0981987093686654E8,1.8779459316653073,7
