evolution$generation,alpha,beta,tsteps,popfit,indicsfit,evolution$samples
100,1.2054373863377732,0.03580555590467789,28.721218133675244,4.810635577345933E8,0.7069429799789699,2
100,1.2054373863377734,0.04712020171336532,28.721218133675244,6.858646104231195E8,0.594142379989045,3
100,1.205437386337773,0.03549941699541473,45.56800268765955,8.276278054273477E8,0.5332077435797418,2
100,1.534252150030555,0.052911835742306984,65.13644652818282,1.3918158487752314E9,0.36691976699586903,2
100,1.1646273811125223,0.03424903941759441,27.02757399090686,4.3392168631392807E8,0.7297071483169477,1
100,1.6743609578357233,0.03304224682051684,42.903922272328586,5.920372693747368E8,0.6956372939007197,2
100,1.6336682674397847,0.040422472752452414,44.98018308427152,8.09755191645152E8,0.5755301240208189,1
100,1.2054373863377732,0.03278382506641558,28.721218133675244,4.2642943991177005E8,0.7434010212584351,1
100,1.2040294647142553,0.048878951623202965,28.351192585686075,7.096101926270754E8,0.581347460624924,1
100,0.9460332087395685,0.032817649446837495,42.40005929766941,8.272409581542932E8,0.5098299040579527,1
100,1.306267945556577,0.0746703140585341,13.467404640648406,4.5608056019432676E8,0.7274426926645875,1
100,1.2054373863377734,0.003232331489443369,28.721218133675244,1.5311173569678767E7,1.62170564708358,1
100,0.9438866488185595,0.05554861655447049,25.663203153070018,8.578220181347784E8,0.4947881620371773,1
100,1.5568819025366651,0.050756718303562834,65.16903413711141,1.3525176434012027E9,0.3787789461617723,1
100,1.320417666201958,0.047228036018233076,27.9653567572367,6.33409844873521E8,0.6261657519856864,1
100,0.8778226856238629,0.028691482852832496,53.57059074369155,9.511915978012236E8,0.45733070271003606,1
