evolution$generation,alpha,beta,tsteps,popfit,indicsfit,evolution$samples
300,5.436743987072454,0.09761005453403178,2.285637867180636,3.730812795578878E7,1.3915198751930968,8
300,1.1759209236949357,0.03797629775219468,11.01413554593949,4.4296593135761075E7,0.34721455459475753,1
300,2.5101105213718453,0.03141447359180657,4.612018668399571,4461471.302507102,1.5487897184744763,1
300,1.1723236974684672,0.00982398627039966,1.6814019046559807,1.7465400630331963E7,2.5990114387099448,3
300,1.203327393525815,0.03622874429558161,11.014077305155787,3.862099912707365E7,0.3554101582513158,1
300,2.618087333476496,0.08224011951900352,6.397126659470869,4.821048443812483E7,0.37860834252248976,3
300,2.2731428856207962,0.026670738738120994,10.230806157363531,8358205.514286314,0.7935939220193262,1
300,2.1897196864124076,0.040014586409926445,8.62516885690944,1.706769000666385E7,0.5755236195780158,2
300,2.788188998470484,0.027444326271769584,16.6637669305803,3.1777609196233504E7,0.4863257483099974,1
300,0.8424968096958005,0.01421142330307611,1.9610723060707316,5587349.576377934,2.0586411094171293,2
300,3.018956984028975,0.06619101510107911,7.944381934159779,4.659392638142662E7,0.4087473565199586,3
300,2.2622867900396733,0.0415572967259746,8.897749092292488,1.950187556652E7,0.4872393403666823,1
300,2.2483350709310987,0.04083860514486,8.895297450553688,1.852440458880983E7,0.5019199383377422,1
300,2.903691195856146,0.03177513305306894,6.855409632528232,6890442.022984488,1.2007007494610449,1
300,2.9808739819051127,0.05503167423692941,9.751730299177343,4.695744127556355E7,0.41688267011613744,6
300,3.002651327287799,0.05002785004710708,9.318070967762216,3.5182966226039246E7,0.4678677352439093,2
300,3.911015132237461,0.09710709210387553,2.285090975002232,2.068565284252557E7,1.0916068697483223,5
300,3.052566017568466,0.053022518092195985,8.846641197659036,3.6191602955414705E7,0.4581319769082377,2
300,2.2905708870949466,0.026737011023063906,10.18901848295924,8328132.441574051,0.8124855292363533,1
300,2.987680771975497,0.0550434287627558,8.976970848726246,3.999843582721704E7,0.429717307132391,2
300,3.0904649022516417,0.05578291713004349,8.47332812834036,3.649500130089246E7,0.45396162743740553,1
300,3.035130321643837,0.0577801405199638,8.33170578920646,3.8242467261172056E7,0.44643775394869833,2
300,3.0352788448001453,0.05777925156980809,8.43605606330911,3.91159029271566E7,0.4415221658259372,4
