evolution$generation,alpha,beta,tsteps,popfit,indicsfit,evolution$samples
200,0.6064988963437828,0.06742590871819668,38.569490348102015,1.8794407169953828E9,0.6214338780849915,2
200,2.124915543760235,0.06512678842999158,14.075421252567407,1.1818726420328264E9,1.5327921353298128,4
200,0.41006529196860564,0.005746072566270416,30.21591101755563,3.440283163913468E8,0.8513453535551287,1
200,1.966259484056443,0.03154814862667026,73.32297443162038,1.9230136487879615E9,1.155178891088535,4
200,0.3551604537427945,0.00631499748064283,30.38944331082677,3.838079194597956E8,0.8786047193754465,2
200,0.3524162351409954,0.006092381192711449,30.492472366254454,3.8283142331433487E8,0.8831093265371129,3
