evolution$generation,alpha,beta,tsteps,popfit,indicsfit,evolution$samples
200,1.033137118660104,0.07566299324232545,92.68414692400299,5.353773514994516E9,0.4738269554456931,2
200,0.4258191534663818,0.023835849861964797,28.355826106098913,1.850707757731897E9,1.4081988489839865,1
200,9.614686078858183,0.03342478289960682,99.1855700859893,1.006307165764416E11,3.3446777163598886,4
200,0.5902452351843677,0.07351278319574654,100.0,4.903339787449786E9,0.5642396984180217,1
200,0.5384145320255523,0.020236813039663768,76.68531390844574,2.490963964743741E9,0.8987300825489011,1
200,0.5414001770276413,0.02688586465821385,99.60703222460599,3.362708631078828E9,0.7880121961335311,1
200,0.14126542404507503,0.017835574756507194,32.96085749692868,2.109781238976261E9,2.130676355130092,2
200,0.7659703060247303,0.02923287900689793,82.50585689341692,3.4882413120546036E9,0.6361684270760282,1
200,0.4100001174149145,0.02019627435405301,100.0,3.0009093326525903E9,1.185224537617138,2
200,1.2316580255058729,0.08826955654018048,100.0,5.862339546325777E9,0.510648125591811,3
