evolution$generation,alpha,beta,tsteps,popfit,indicsfit,evolution$samples
100,9.282319810531938,0.07281427611403189,44.68602771878651,1.7196115221249703E8,1.6504153881763215,4
