evolution$generation,alpha,beta,tsteps,popfit,indicsfit,evolution$samples
200,9.875901266910148,0.03715109023289396,75.58161788927673,1.7196115221249703E8,1.6504153881763215,4
200,1.7402723573544552,0.049675377121775215,29.75913442920193,1.7196115221249703E8,1.6504153881763215,4
200,7.815758698316692,0.0,26.34738023851706,1.7196115221249703E8,1.6504153881763215,4
200,9.282319810531938,0.07281427611403189,44.68602771878651,1.7196115221249703E8,1.6504153881763215,4
