evolution$generation,alpha,beta,tsteps,popfit,indicsfit,evolution$samples
300,8.294321581696929,0.03728207379572104,12.78701581328848,3.3750608589175396E9,2.0026614018658826,4
