evolution$generation,alpha,beta,tsteps,popfit,indicsfit,evolution$samples
200,4.104790995730562,0.0012319156497136554,96.14497211942188,3.3750608589175396E9,2.0026614018658826,3
200,8.294321581696929,0.03728207379572104,12.78701581328848,3.3750608589175396E9,2.0026614018658826,3
200,1.135732157594338,0.04914454011192851,23.76439156225333,3.3750608589175396E9,2.0026614018658826,3
200,7.497378093366822,0.018338519482520965,93.46435997963212,3.3750608589175396E9,2.0026614018658826,3
