evolution$generation,alpha,beta,tsteps,popfit,indicsfit,evolution$samples
400,3.6898244867211627,0.08053946341647428,15.881741632947907,3.3750608589175396E9,2.0026614018658826,5
