evolution$generation,alpha,beta,tsteps,popfit,indicsfit,evolution$samples
100,1.135732157594338,0.04914454011192851,23.76439156225333,3.3750608589175396E9,2.0026614018658826,3
100,8.294321581696929,0.03728207379572104,12.78701581328848,3.3750608589175396E9,2.0026614018658826,3
