evolution$generation,alpha,beta,tsteps,popfit,indicsfit,evolution$samples
100,8.280970677710336,0.07919380768726941,68.73424415980625,4.3409437535620026E10,1.0191049968681003,3
100,1.418529071779413,0.06492382944009543,18.072484339339027,1.0614374875548824E10,0.9199625431092779,1
100,0.0,0.1,1.0,5.094457692731798E9,1.9284097501792266,3
100,1.2870968649818202,0.06325988952784024,18.276935176689765,1.0824652039760807E10,0.911272389879601,1
100,1.9544860074262584,0.03539781847523824,53.376431161389,1.580010067178052E10,0.7852285357326357,1
100,1.2864296348685684,0.07003554564908769,31.94013709087645,2.1089076781020805E10,0.6242534223461759,1
100,0.0,0.08365916961403198,21.01024390164958,2.4961182144119705E10,1.0044346630506562,2
100,0.15518455209314214,0.08151066377404612,11.384829571261816,1.4150735876083757E10,1.0424046211785765,2
100,0.8251909078227043,0.08603278959480395,23.006942132693485,2.1809459774469025E10,0.5857898537754803,1
100,0.8580603569961149,0.07963775950937493,19.410729107863062,1.7782560492179325E10,0.678700883521404,1
100,0.7305260636286963,0.06268716358142006,14.895926166643893,1.1440366074888777E10,0.8569222720368624,1
100,0.393939195114381,0.06203734555983034,18.12798449244642,1.5428033627313274E10,0.8048182003152681,1
100,1.693800253558764,0.065360314566596,18.036955411902984,9.668770719153059E9,0.963696079480833,1
100,0.530414867391694,0.0,56.079648223686895,2.5957139019008737E9,1.4585502588868413,1
