evolution$generation,alpha,beta,tsteps,popfit,indicsfit,evolution$samples
300,7.7279744659950556,0.09988654114910936,1.6663496713677495,3.8460038065040015E11,5.221882386650967,6
300,0.5375806201678364,0.07270533221092679,11.586065537863355,3.604312384519465E10,0.15473303585893225,1
300,0.6255859417893361,0.014494417704042662,52.18220466495465,3.588724718775128E10,0.34570556065002594,1
300,3.7654120442274444,0.07162295490978936,31.084460502298352,6.0979994188824394E10,0.9347319247821604,4
300,1.6583093618944336,0.039832722725482335,52.295075579387365,4.544586359977168E10,1.160791046977988,5
300,2.3707475466167676,0.03196657422929138,61.16460153802393,5.6058876245248085E10,0.9285353868321445,3
300,1.5642343645003398,0.02636269923722693,61.595087244213744,4.24761723206691E10,1.0453806480512426,2
300,0.5368015008944889,0.07153081845886372,18.705224762323848,4.302224673603613E10,0.3953968527876378,2
