evolution$generation,alpha,beta,tsteps,popfit,indicsfit,evolution$samples
100,2.7885145701005043,0.05585084462338781,25.59827899271285,1.1516834694113835E11,2.3186839482054697,3
100,0.35233060096797164,0.09740565285221355,26.800640569760287,3.4084402657406816E9,2.3239300859416296,2
100,1.1497153897168457,0.059667223432851,89.46350092879152,6.504030622709042E9,0.3696908939207897,1
