evolution$generation,alpha,beta,tsteps,popfit,indicsfit,evolution$samples
400,1.331604461450071,0.018059347161814232,70.15098904392094,5.999206087867018E8,1.053545072843513,6
400,1.4347260757025748,0.034511672125729524,69.90651659154051,5.999206087867018E8,1.053545072843513,6
400,6.422079524755267,0.025811253308924132,74.02547617922829,5.999206087867018E8,1.053545072843513,6
