evolution$generation,alpha,beta,tsteps,popfit,indicsfit,evolution$samples
800,1.7252968176275931,0.08425281034893578,15.973685207021138,5.999206087867018E8,1.053545072843513,8
800,3.249369589619903,0.0034420985430670945,42.79775679038035,5.999206087867018E8,1.053545072843513,8
