evolution$generation,alpha,beta,tsteps,popfit,indicsfit,evolution$samples
1000,3.249369589619903,0.0034420985430670945,42.79775679038035,5.999206087867018E8,1.053545072843513,10
