evolution$generation,alpha,beta,tsteps,popfit,indicsfit,evolution$samples
100,0.9023642098850848,0.0654947099145962,93.98739343409966,8.182467323943129E9,2.240231654598811,5
100,8.457088004514686,0.08568956883051713,91.90735847900632,8.098735135382689E9,2.155414539672407,2
100,0.8219350057407282,0.022453392359109106,50.452018213873366,1.9844970621909702E10,0.5196840699351383,1
100,2.2875125466548263,0.08736805628415655,20.24825135526905,3.4128717480899666E10,0.43540398449181583,1
100,3.7386244318740185,0.09882436344889256,26.337206821324163,8.099709800669257E9,2.1073208675436566,2
100,1.2534256666922416,0.0,48.64432606761088,1.4537677099985552E10,1.3965111171025009,1
100,0.0,0.06539046128933901,93.21668206092545,8.166227999487394E9,1.468776842891347,1
100,2.3346890891648004,0.059860470252767334,14.15649280550712,1.5206023440594301E10,0.7803394204853804,1
100,0.777610824305922,0.023221256436747394,50.91995558621878,2.0822942486361477E10,0.4927582105675215,1
100,0.8230533681411291,0.0239286877816096,57.110724597888606,2.420351369582949E10,0.4404891785828275,1
100,3.8187978158019313,0.1,48.29688096198478,7.940354739783475E9,2.094821771435979,1
100,0.2605960431172008,0.023544920730385846,37.84256677871749,1.5668254865352114E10,0.7638288975076597,1
