evolution$generation,alpha,beta,tsteps,popfit,indicsfit,evolution$samples
100,3.6428050018869906,0.09900025528257109,88.32980734197376,7.023773604537772E9,0.452388626413123,1
100,1.346636599281703,0.01563903454276352,95.92981397409172,2.8980861909452972E9,0.7954669423866035,1
100,1.545546978868142,0.07371724670012805,31.550936642898364,3.4669361363472652E9,0.6902542983851103,2
100,2.022099433797575,0.06719391785691844,89.4732045089622,5.713380093834612E9,0.48327100772806725,1
100,0.010376007596037407,0.1,11.43030597028356,3.128697325450133E9,1.1107448778169622,3
100,1.3036267168276252,0.015589964096958293,100.0,2.9317625821409717E9,0.7796727922670659,1
100,1.2720294583555183,0.027886722451596735,96.05507472959975,3.6713310400760903E9,0.6377692780605868,1
100,0.7456890969442774,0.1,88.13906363210587,1.038898945019688E10,0.49164491221987533,3
100,3.2300065291213347,0.1,98.72230798427299,8.13059573308255E9,0.4344386876462201,1
100,1.5523917711296376,0.07369356227759345,45.44437328304218,4.093634290933686E9,0.5979481620263615,1
100,3.913909962698099,0.1,85.88442579487301,6.832238531720919E9,0.4598786856448702,1
100,3.7637721391724104,0.1,86.40593030612654,6.925676854971215E9,0.4558384576039535,1
100,1.5461109405944677,0.07321320063422684,30.819916717472815,3.42192353355275E9,0.6996627262657207,1
