evolution$generation,alpha,beta,tsteps,popfit,indicsfit,evolution$samples
300,7.486302412544714,0.07762628339114908,77.67333403611588,1.8800036489612003E10,1.3286791345611864,5
300,2.2236012630851394,0.1,100.0,1.326353865259835E10,0.4854723058715102,1
300,1.4118442168495038,0.055533554973787716,11.09568214331877,1.3165965143528671E9,1.178036444156684,1
300,0.8659978817793625,0.04518642599531071,95.26543307506982,1.0700448239024158E10,0.6016642852533688,1
300,1.0954982542042144,0.1,26.13846160031262,6.929861612992509E9,0.675808874646767,1
300,1.3903031513789113,0.1,26.406951962329014,6.067324807575382E9,0.7069283498473607,1
300,0.9936645456947014,0.1,19.448595629101913,5.720846778114668E9,0.7327808733458839,1
300,1.0025943356890836,0.05784276915306452,92.71559621845371,1.1629219958030262E10,0.550296498486301,1
300,0.9207361443598328,0.06291114027177834,46.50597368654157,8.109778677522969E9,0.6557961486310135,3
300,0.9950311789877924,0.09977404035985735,26.361462194491715,7.394847539924999E9,0.6664743093827983,1
300,1.0345671578096762,0.05408641537228964,23.068690613885572,3.4417954624042177E9,0.863857923970421,1
300,1.068843137652634,0.09261390451113252,12.41825375827213,3.1773450696944814E9,0.8756183245073585,2
300,1.0689390105145136,0.06601286020075672,92.4306470743904,1.2284992998121075E10,0.5260592459305599,1
300,2.2417906742440197,0.06198872527439206,45.67671393819098,4.975042781537298E9,0.8529798899201391,2
300,1.8594534324529801,0.09914453852519037,17.087163965025276,3.0791633342616267E9,0.9281872963629518,1
300,0.9183252487424252,0.06286130586353439,100.0,1.3129153775437277E10,0.541777589954397,2
300,0.9540556983192566,0.054732729949581775,24.515494974109266,3.940726782151994E9,0.8391378209410656,1
300,0.9607475093449991,0.1,13.795255006456879,4.162944464128494E9,0.8212558945072452,1
300,0.9541766467940878,0.05582682641414684,24.48785725122109,4.027309687110087E9,0.8336795179178019,1
300,0.7798352137679236,0.03319296950472952,8.000284018662676,1.7222671955611138E9,1.218489732638484,2
300,1.2474353645975667,0.09939006284135277,9.208489470082329,2.047704906711056E9,0.9907602371529158,4
300,0.715706969009626,0.036061523620250606,7.966824247562051,1.8871326003278923E9,1.1725372057370445,1
300,0.9477448329645373,0.05505477914260396,16.67495747996754,2.756083255571874E9,0.9370437862795847,3
