evolution$generation,alpha,beta,tsteps,popfit,indicsfit,evolution$samples
200,7.486302412544714,0.07762628339114908,77.67333403611588,1.8800036489612003E10,1.3286791345611864,5
200,1.2551722227059117,0.042302042880593964,7.637064413628703,1.3169138425207002E9,1.3419305876613608,1
200,1.004084747108576,0.06171664818828701,100.0,1.262563987567969E10,0.5305603883504836,1
200,0.8705568051387262,0.056798356140800865,87.34564346210661,1.166927419484929E10,0.5800335545935515,1
200,0.9183252487424252,0.06286130586353439,100.0,1.3129153775437277E10,0.541777589954397,2
200,1.3652053535405955,0.05389834371147996,7.297965134303406,1.3355922915149026E9,1.3064095463243566,1
200,0.9607475093449991,0.1,13.795255006456879,4.162944464128494E9,0.8212558945072452,1
200,0.9207361443598328,0.06291114027177834,46.50597368654157,8.109778677522969E9,0.6557961486310135,3
200,1.1410536679297254,0.05307140603256344,1.8054468172139104,1.7620149850416784E9,1.5969375958389804,2
200,1.2474353645975667,0.09939006284135277,9.208489470082329,2.0487857940337086E9,0.9907522636655524,3
200,0.715706969009626,0.036061523620250606,7.966824247562051,1.8871326003278923E9,1.1725372057370445,1
200,0.9477448329645373,0.05505477914260396,16.67495747996754,2.756083255571874E9,0.9370437862795847,1
