evolution$generation,alpha,beta,tsteps,popfit,indicsfit,evolution$samples
100,7.448763145209325,0.04596767056882403,58.624057042704905,7.528516942992395E10,1.9288429986595304,4
100,1.2909477300424932,0.07048802075023845,93.49259360637686,5.034243542628799E9,0.2704298177605503,3
100,0.3730175888734433,0.003392582823846757,94.287989078623,2.2536499829009075E9,0.9454147477729721,3
100,1.288686229376979,0.06994249038684759,91.52719543214201,5.051849992326776E9,0.2655065818044034,1
100,1.2887656337852216,0.06999340732003283,86.40107814157166,5.059556941722105E9,0.2575404787995062,1
100,1.5529732018906222,0.06958233983748398,91.90491719515963,5.447879166058194E9,0.24926664740452675,1
