evolution$generation,alpha,beta,tsteps,popfit,indicsfit,evolution$samples
1000,10.0,0.07153336161159175,39.6732106388914,3.8040198436749163E9,0.5126385444872957,10
