evolution$generation,alpha,beta,tsteps,popfit,indicsfit,evolution$samples
300,8.507656662365312,0.06323739748027744,86.9740302754295,5.4725845209676966E7,2.259404849801444,4
300,4.661730517780098,0.06661803488807475,23.897854997187405,5.4725845209676966E7,2.259404849801444,4
300,8.511851068127289,0.06366012713596973,86.85747155055556,5.4725845209676966E7,2.259404849801444,4
300,5.382396045258671,0.0910000978541042,12.767522925940355,5.4725845209676966E7,2.259404849801444,4
300,8.62876489836877,0.06569342750387541,70.35692871951301,5.4725845209676966E7,2.259404849801444,4
