evolution$generation,alpha,beta,tsteps,popfit,indicsfit,evolution$samples
500,8.507656662365312,0.06323739748027744,86.9740302754295,5.4725845209676966E7,2.259404849801444,6
