evolution$generation,alpha,beta,tsteps,popfit,indicsfit,evolution$samples
900,0.0027430987787641953,0.09807937794347245,55.882781875590744,5.4725845209676966E7,2.259404849801444,9
900,8.054188961501772,0.0737168141441522,79.35432277526222,5.4725845209676966E7,2.259404849801444,9
900,5.382396045258671,0.0910000978541042,12.767522925940355,5.4725845209676966E7,2.259404849801444,9
