evolution$generation,alpha,beta,tsteps,popfit,indicsfit,evolution$samples
300,0.1635511440302033,0.04780540699676082,6.468617461789396,1.570959901265121E9,1.1133438297418004,1
300,0.9973740325566737,0.1,92.72487509239345,5.379166754416679E9,0.16467900504803767,1
300,2.9643358242523083,0.06669459753512581,27.54949012029849,1.0322152468958954E11,3.0452755167990637,4
300,0.5572467229703651,0.07499449329937245,11.140818996234888,2.480244934693759E9,0.4353985981954344,2
300,0.6091307346478375,0.08062851595847066,49.14176884023045,4.252591319364656E9,0.27209161366823564,1
300,0.0,0.039613217206464005,1.0,3.013021179820006E9,2.546855006162816,3
300,0.0,0.049683418289055016,5.087563060188648,1.9724525705147114E9,1.9542853888873548,2
300,0.48683259741425094,0.051494273076889786,7.913848316666129,2.0807214690151725E9,0.5821155123502856,1
300,0.0014161258352795116,0.039581695461456616,1.5694868027940112,2.0105098150779128E9,0.9872355951463979,1
300,0.6960895026301037,0.1,56.60373042222732,4.820633973639071E9,0.20857415007676894,1
300,1.3710839963730634,0.05129611056812017,87.6025766706786,5.225687251048137E9,0.35042919855442456,3
300,0.7770409024979443,0.08691987364805484,90.15095522861255,5.178054837182093E9,0.19419678508736327,2
300,0.7274089334901577,0.08589940002323469,81.61931288264829,5.053498301906041E9,0.20404821123561034,1
300,1.4355269874116108,0.04490538523068302,87.80259611192464,5.181825248841886E9,0.4239364764853507,3
