evolution$generation,alpha,beta,tsteps,popfit,indicsfit,evolution$samples
100,4.856934318960466,0.0576949676367805,93.9867607162943,6.598839038041503E9,1.6285275004297595,4
100,1.9891276991342477,0.05097410058661918,20.546323272245093,7.719734765629184E8,1.1425944058137831,2
100,3.1070035899207964,0.05749541196172232,99.38319122823481,4.0720697568816643E9,1.2929685158335495,3
100,1.537010149175928,0.047652051123008576,21.51737031320251,5.2582637078948313E8,1.0283153559562146,1
100,1.4238944070073287,0.048668147055027616,98.1880621525455,1.1893200529449792E9,0.4758484294457498,2
100,1.4213483286095703,0.046543109874657936,16.800489126920837,4.284484919940969E8,1.1566709765549945,1
100,0.0,0.05044735710069166,2.0145722780606237,2.611830562951344E8,1.7673632260337695,1
