evolution$generation,alpha,beta,tsteps,popfit,indicsfit,evolution$samples
200,0.7099393004218781,0.034594981982217395,19.774096005733597,4.0505380760884547E9,0.5488045524686056,4
200,10.0,0.1,100.0,1.9937167961672697E9,2.8143608169358494,3
200,0.5959867186580996,0.0470138660462918,44.76763251789173,1.3114062432048794E10,0.10454769690384325,1
200,0.43434981461724664,0.033921457223604845,20.68803879169977,4.630696748261063E9,0.3265174214313684,1
200,0.31257068980021463,0.05031869237939233,21.087014752810816,7.713478053123815E9,0.14455999933767416,1
200,0.3358041590530398,0.05575898773485591,28.036014456524104,1.1142372370721304E10,0.1228310891589933,1
200,0.8007450846132952,0.033958806998203965,19.04702793602889,3.589581837715969E9,0.6749619437225229,1
200,1.507718061999067,0.03706959391206197,63.93958279247313,1.2758768286409697E10,0.10796699529247135,1
200,7.655584729636324,0.06606288793659246,87.6556238522572,1.833676094121557E10,0.1338384735895885,3
200,0.30624633877625773,0.05107519523051155,23.234344828870015,8.716174570606646E9,0.12593516210764386,1
200,0.3166478566819898,0.05128338967095264,21.101417553694972,7.847237134888381E9,0.13854893281910843,1
200,0.210972233531645,0.04897969613651978,45.39261210682931,1.4043942282905628E10,0.2783246678963986,2
200,0.7318447609776425,0.03255523087772592,19.691598815003577,3.7014327726594076E9,0.6242268603405225,1
200,0.3914602515334398,0.031100936506294686,20.37753543480166,4.0395075411494274E9,0.421723645356745,1
200,4.708847774843883,0.0887525719861322,45.06702074689789,1.682426450206044E10,0.16597159607438813,2
200,6.205380136993279,0.1,49.08831172459168,1.7730916538518196E10,0.12980449705031388,2
200,4.552248852698946,0.06405089998784715,45.436620980304674,1.5829844966304459E10,0.3507280524488954,3
200,4.6308349463067175,0.08911567766336026,43.89890646279828,1.6740174574547993E10,0.17189483165526706,2
200,4.657915753969576,0.1,45.1354075223054,1.7220586448201813E10,0.13459809897924585,2
200,5.846425737983911,0.09943400023641379,47.370668866325786,1.7567848713701286E10,0.13320922528726659,2
200,1.7782874339245969,0.05585085367512428,73.62005170087036,1.5921689451010746E10,0.24024939745802942,2
200,6.147694471898238,0.05906235494897216,81.21750774266371,1.7512721363857574E10,0.13778640333058936,3
