evolution$generation,alpha,beta,tsteps,popfit,indicsfit,evolution$samples
400,7.816578560715448,0.06656133132246499,3.3113093945647,5.999495431817148E10,2.5902231945784844,5
400,0.08189995337349387,0.07287601613882412,18.095583683152356,1.9698506799988384E9,1.5156308811927675,1
400,1.1714775401705366,0.06368195183915289,100.0,3.151753666252204E9,0.3918081788430116,1
400,0.7856630547011438,0.07899089168627384,84.5765363495372,2.298097434280869E9,0.532597023923259,1
400,1.1469698635124974,0.06330208453375323,60.74257457141635,3.840570941072695E9,0.4894869511190151,3
400,0.7865848801345363,0.04432286632218107,71.24003912231652,2.4937560288169093E9,0.5617910842374174,3
400,0.9360374798093907,0.04331273728222367,69.33241127630505,3.1149745023291173E9,0.5243273206000453,3
400,0.8053318828096557,0.03986994142672265,69.46486056083016,2.651760343943909E9,0.5662054761521054,4
400,0.9391606656828672,0.0792091444526866,96.13162904638686,2.4842146051422834E9,0.42454767901073476,1
400,0.8286497920201795,0.06915811655632977,98.78553390214022,2.332692823300859E9,0.4962396465641682,2
400,0.82243257579217,0.05747374416929468,100.0,2.308450868580239E9,0.5008597695969663,1
400,0.908152533572508,0.07857878621628145,93.28074905597936,2.436609808927005E9,0.4413032667707771,1
400,1.0286611028209371,0.06771272602063949,79.44980778008737,2.831472818356821E9,0.4214484611409735,1
400,0.6447685806269519,0.0647380403985197,83.40937914088636,2.1488751502596E9,0.6867981160991181,1
400,0.76396698164157,0.06820430360651356,91.40265580947009,2.2535237501090317E9,0.5532756150823098,1
400,0.7428864895559772,0.06800100808716562,90.24332079796632,2.235995832696518E9,0.5731433461726971,4
400,0.8556854105789758,0.06779687825943666,93.78019292511419,2.347861361414175E9,0.4743815935122873,1
400,0.783619582799747,0.06909248834005348,93.75984282006507,2.278759789044237E9,0.5336240309646605,2
400,0.8541839134438935,0.06775933934948522,92.92263092202005,2.348799772792952E9,0.4735980329861072,1
400,0.6421210563163515,0.033667400006603156,75.0009051068366,2.2270626267450747E9,0.7034543316123535,3
400,0.815900458739707,0.0649413896148053,97.14723662947124,2.30390327307419E9,0.5021797768985483,1
400,0.8160890451324827,0.06504402889271002,96.942266743425,2.304034637606702E9,0.5019733621828756,1
400,0.0,0.09079942156436206,11.44845853755609,2.0275009111794858E9,1.6311257667527532,4
400,0.5294412101182624,0.0625048980693778,60.84764409921002,2.0280007788087778E9,0.8501854948602222,4
