evolution$generation,alpha,beta,tsteps,popfit,indicsfit,evolution$samples
500,8.708634720661033,0.026001647572982314,40.199093798277296,5.23919947579032E8,1.9537474986931571,5
500,10.0,0.018734595157569752,40.27432859985848,5.23919947579032E8,1.9537474986931571,5
500,2.85634530441367,0.07937760855148115,4.348680073265729,5.23919947579032E8,1.9537474986931571,5
500,5.5735202506790245,0.06024124598015734,2.8273871044879773,5.23919947579032E8,1.9537474986931571,5
500,7.925145074001465,0.0028379705340235042,75.73406378598293,5.23919947579032E8,1.9537474986931571,5
500,1.3614748184021228,0.07484683831754729,41.0630102307335,5.23919947579032E8,1.9537474986931571,5
