evolution$generation,alpha,beta,tsteps,popfit,indicsfit,evolution$samples
700,10.0,0.018734595157569752,40.27432859985848,5.23919947579032E8,1.9537474986931571,8
