evolution$generation,alpha,beta,tsteps,popfit,indicsfit,evolution$samples
100,9.241845395951326,0.07555708943876466,21.410313379832438,4.29624610675704E9,1.22552763820214,4
100,2.920406050213276,0.0896691161232818,78.55519367104768,2.2482866072909217E9,0.22675177709338995,1
100,0.012497037184983255,0.07882516824831684,1.0,5.0457558914941424E8,0.9817501667488027,1
100,0.0,0.01791599006022965,64.88141566120657,1.237972286884741E9,0.6149222066001073,1
100,1.6135527686796332,0.04911563975995666,11.266520350482388,1.0084991882886789E9,0.9043315392007952,1
100,2.376439151162053,0.038081994165494716,64.82165350167992,1.7871409179590151E9,0.4542632063782255,2
100,2.886193711837831,0.09621434386658548,55.53845135454127,2.1125812668093033E9,0.2835660407754936,1
100,2.2045887959105057,0.049782475955199426,57.22168096158643,1.8295166275517578E9,0.4060000264362808,1
100,2.359237802051071,0.04823026315168056,63.02278982645386,1.8742873616632357E9,0.3984822231049015,1
100,2.2377682048849916,0.04782360162309719,54.92555755406592,1.7999198913120985E9,0.4274884903381426,1
100,2.7098424156438794,0.09103756066630486,41.94932410708856,1.991327535314296E9,0.35513858403306775,1
100,2.848210104130444,0.09013122888732628,55.33484849408665,2.0845241427550373E9,0.29912238606820307,2
100,4.25733327557952,0.07966460547212338,39.27278390721758,2.0710987101432672E9,0.49772941168296414,3
100,2.8527864085669563,0.09506129649444402,55.54686225707484,2.1091316334787233E9,0.28551405786745265,3
100,2.717367739055816,0.07775085428918105,55.399053385458004,2.0248903685224872E9,0.331061116685554,1
100,2.91181648404359,0.07560134933861014,55.37818383553703,2.0237932615738683E9,0.3447703413521293,1
100,2.8802033126105324,0.0749109794743689,55.37119929957406,2.0193113569134617E9,0.3454730553310337,2
100,2.797327117012145,0.08990370058698766,51.27971498570945,2.0541604315113506E9,0.3150228190447931,2
100,2.1200067364283104,0.0571961763324406,54.98426393255816,1.8750076937469363E9,0.3749167722043821,1
