evolution$generation,alpha,beta,tsteps,popfit,indicsfit,evolution$samples
200,2.132021371489463,0.022397407698433902,96.08990241364889,1.0302868370537479E9,0.7590991547725967,5
200,0.27131203491221545,0.028503345051698572,85.75861649941325,1.0281054886702144E9,0.43079458725381276,1
200,0.7853658656729084,0.013927975029317103,90.22852022700881,6.924899515758053E8,0.8035869538846255,1
200,0.5031311469049267,0.020227703788620256,87.51636342267203,7.911045379899687E8,0.46930338560723633,2
200,1.179659022602344,0.013998041254781388,100.0,7.512397105637549E8,0.8463337464850492,2
200,0.42533616611761477,0.018960844839032397,87.30584985412592,7.658187867930213E8,0.46805747989107416,1
200,0.552682335318247,0.01993993846921383,87.52242966960335,7.815306055168037E8,0.4936512383032376,2
200,0.7124595784803883,0.022296707830749968,99.34862850383966,8.893917213069005E8,0.4625743056917212,2
