evolution$generation,alpha,beta,tsteps,popfit,indicsfit,evolution$samples
700,6.902583131985571,0.06889974468828822,64.44182321841959,7.379001919941E7,0.9482082838364513,7
700,4.646811810542558,0.05060645799166379,57.16040550888622,7.379001919941E7,0.9482082838364513,7
