evolution$generation,alpha,beta,tsteps,popfit,indicsfit,evolution$samples
500,7.242726381715672,0.05153697380773719,62.07037458485581,7.379001919941E7,0.9482082838364513,6
500,4.728533901981049,0.05001140721600537,57.08567250493409,7.379001919941E7,0.9482082838364513,6
