evolution$generation,alpha,beta,tsteps,popfit,indicsfit,evolution$samples
300,7.34552104686931,0.05820609092109008,40.94580472880061,1.6684918993986828E9,0.9097756894907634,4
300,5.078395521466737,0.031578413355364175,20.083646797833374,1.6684918993986828E9,0.9097756894907634,4
300,4.61170811451463,5.868534255622838E-4,13.57506936554323,1.6684918993986828E9,0.9097756894907634,4
300,7.343460565724689,0.059036039341976376,40.821443856308825,1.6684918993986828E9,0.9097756894907634,4
300,0.07990920231946683,0.06354003861220249,37.93283801138739,1.6684918993986828E9,0.9097756894907634,4
300,2.427439054067712,0.06406086170482396,36.09718367051891,1.6684918993986828E9,0.9097756894907634,4
300,2.3951608248545364,0.06411451014448939,35.45046301919544,1.6684918993986828E9,0.9097756894907634,4
