evolution$generation,alpha,beta,tsteps,popfit,indicsfit,evolution$samples
400,7.343460565724689,0.059036039341976376,40.821443856308825,1.6684918993986828E9,0.9097756894907634,5
400,5.078395521466737,0.031578413355364175,20.083646797833374,1.6684918993986828E9,0.9097756894907634,5
400,4.61170811451463,5.868534255622838E-4,13.57506936554323,1.6684918993986828E9,0.9097756894907634,5
400,2.427439054067712,0.06406086170482396,36.09718367051891,1.6684918993986828E9,0.9097756894907634,5
