evolution$generation,alpha,beta,tsteps,popfit,indicsfit,evolution$samples
400,9.892353379941024,0.1,46.06696227184395,1.8738115605337358E8,2.3364647965917014,5
400,1.0768430235227167,0.0616430384827233,54.56484197203073,1.8738115605337358E8,2.3364647965917014,5
400,5.880836133152916,0.028900041380505333,49.565465414316435,1.8738115605337358E8,2.3364647965917014,5
