evolution$generation,alpha,beta,tsteps,popfit,indicsfit,evolution$samples
700,9.874292569393164,0.02907686446321525,26.556793864574004,1.0770840625516958E9,2.370950886101264,10
