evolution$generation,alpha,beta,tsteps,popfit,indicsfit,evolution$samples
200,9.181374024172378,0.059528740099323164,34.61902947976119,1.0770840625516958E9,2.370950886101264,5
