evolution$generation,alpha,beta,tsteps,popfit,indicsfit,evolution$samples
200,0.864160001179799,0.020651247835620182,93.89449594184451,1.8230196311118293E9,0.23411810974212713,3
200,5.605122358019129,0.1,82.48797379745227,3.179264460522639E10,1.455820300655081,5
200,0.6352308216964022,0.037314788209105575,14.81469506978041,7.60564319919642E8,0.3481508097043749,1
200,0.8150404561662687,0.014607484169587022,89.2868948969608,1.340196093137519E9,0.26070949430399104,1
200,0.9538488943557931,0.02066589390680388,10.396259608603014,1.040344991734101E9,0.8727817487384623,4
200,1.2648282466156258,0.05639967833523887,6.610800220544969,1.736567367970419E9,0.8427294177822326,3
200,0.7310920660951742,0.05626123368772401,16.669542214380193,1.129806195742143E9,0.2774248682299505,2
200,0.7323425614689766,0.056545591144424284,16.059189407838698,1.0651955606258535E9,0.28548798130250885,1
200,0.7907948022728486,0.01421375827020905,78.31548211113001,1.187667805090158E9,0.2759294686685452,1
