evolution$generation,alpha,beta,tsteps,popfit,indicsfit,evolution$samples
100,8.60518147163174,0.07666447597079291,4.134880178899419,4.6601448556614844E11,3.7752203359658463,4
100,2.001963553362196,0.03800159915694661,46.23390836826394,3.9118198469122453E9,0.5159418102599203,1
100,1.6726975897880396,0.004307773990659618,84.21950845464089,6.324973805110956E8,1.041908833335757,1
100,3.1483368820622477,0.0530129986055414,78.93817179629198,4.755859773931194E10,2.0271914555106285,3
100,2.4356709857696863,0.07251662047033365,54.80732160488995,8.107674046151822E9,0.4534223884552394,1
100,1.1730555080215803,0.04147507304732029,3.4549921359855387,1.0815295919351391E8,1.0958860644024186,1
