evolution$generation,alpha,beta,tsteps,popfit,indicsfit,evolution$samples
200,1.0502083010274101,0.04222448050467461,86.04496491607757,3.319644448180815E9,0.692275233068747,1
200,0.735594950168566,0.0047371880628596435,58.99377232212645,2.0600209240384831E9,0.7489076227353068,1
200,1.7420490912824715,0.04122853546675053,86.69858963941361,7.335744013491423E9,0.906615297985325,4
200,0.9195910625522754,0.012754901830336366,54.71783799799688,3.095036507603702E9,0.8248608055036669,3
200,1.412096884115345,0.042715178896259934,87.14426765880853,5.255899951495993E9,0.8214749116186525,3
200,1.7420490912824715,0.04122853484036615,86.69858963941361,7.356065858410783E9,0.9064151178585589,5
200,1.0552569386800696,0.03118876243343017,79.20069275367699,3.5481861797620606E9,0.7440232484447338,2
