evolution$generation,alpha,beta,tsteps,popfit,indicsfit,evolution$samples
200,1.4190805025390878,0.056574709859884435,27.23687831462153,1.802373300484109E9,0.5501602708169044,1
200,0.4458554936679892,0.003817907176821667,26.214501021261672,3.6118712578478515E8,1.2808966295651996,1
200,0.6755286734333676,0.028163141452019792,35.84479216633255,1.3567174278314717E9,0.6826702828915392,4
200,0.6755286734333676,0.02814746429826396,35.844792166332546,1.3564201157351172E9,0.6908631855059152,1
200,2.422849978660234,0.027060187286592697,71.60175916599437,2.0673675781711886E9,0.5532278479525148,2
200,1.6427879160436674,0.0,30.62432457831803,3.658285104239353E8,1.5373275689159822,2
200,9.741114596448833,0.07406933809646242,79.7575306670956,5.411427498793359E8,1.501183965322928,2
200,4.542861555186297,0.09577831351132177,88.42474537352406,5.590971117054039E8,1.4347658771395613,3
200,0.0,0.08660555908146783,59.98639961133108,5.583141487185996E8,1.3139656277475642,2
200,8.29449384298335,0.0735693065891563,65.18601411837416,5.389988134708848E8,1.503771352675026,2
200,4.162017318653847,0.07759985309511563,93.26535675491398,5.457051721080544E8,1.4866950235030254,4
200,0.0,0.08400614279359242,65.43938423197059,5.564158934011856E8,1.3175134184120763,2
200,8.667545594694477,0.09304259713097912,60.857236803391416,5.52415359295151E8,1.446627457721521,3
200,0.0,0.08493516849688797,57.27029616667461,5.56968667427207E8,1.3163061646766163,2
200,8.116226440182707,0.07917238705597462,58.79233292398368,5.419253236491573E8,1.4866857618522735,2
200,7.756005455535437,0.07366373279812569,53.608345299479936,5.369286363033919E8,1.5042906484220255,2
