evolution$generation,alpha,beta,tsteps,popfit,indicsfit,evolution$samples
100,1.1891607217631828,0.06440532717986006,39.52499563629861,1.0897777205724314E10,0.8596077550334994,2
100,0.3650428429510044,0.0465454250736553,38.94492061255662,5.212078493893972E9,1.1453212724708886,3
100,0.36374128332001815,0.0465454250736553,38.94492061255663,5.208486252773858E9,1.1478251168097982,1
100,0.3725594362271939,0.04082960371404858,61.33675811705318,6.209923172711792E9,1.0865884546469822,1
100,0.8404199895141409,0.046590030105296415,22.5691480931662,8.022021777237494E9,0.9002303383129966,1
100,0.3946170758027424,0.04592636523091612,38.56104575489667,5.22204082055903E9,1.096920348754293,1
100,0.2719603691173367,0.046609489026090856,25.04230734149609,4.0976670159842486E9,1.3762626823738615,1
100,0.24339698981069413,0.046596646637090906,23.84419496015327,4.088809660471791E9,1.4368531938617286,1
100,0.970980358063769,0.06331884344848884,34.731205907657966,9.40141784999692E9,0.7696223462669103,1
100,0.838551588911426,0.042606399133509,22.350591911487154,7.433855923405922E9,0.9431773993889742,1
