evolution$generation,alpha,beta,tsteps,popfit,indicsfit,evolution$samples
200,1.735910857328198,0.1,47.34010689790297,4.869816816867064E9,0.18197745096441031,1
200,0.8987408499158073,0.006723185511007249,41.97532407248118,1.592805396598702E9,0.7144476676043423,2
200,1.7336605222068944,0.07599046482842164,45.02813481329833,4.039998842176742E9,0.2009024555897458,5
200,1.0184756013193548,0.015443777641815799,58.90243595929173,1.921237579939332E9,0.42200403138458586,1
200,0.7954108151401396,0.009871741311883087,51.57623047001438,1.6290025678867354E9,0.508031357918495,1
200,1.7645766948551707,0.07033411401835292,38.18213988456736,3.4899585998042154E9,0.23008918008777446,1
200,1.3200045886045306,0.07176453685499054,40.75835303263646,3.791289583805953E9,0.21472502679814603,2
200,1.5863186674825025,0.07178901104037072,40.52143169903583,3.686555985158612E9,0.21505060298443815,1
200,1.4429962356193584,0.1,49.16741592434969,5.101267480766776E9,0.19220098876367375,2
200,1.226612772555362,0.06863946858783214,37.99689206817189,3.5729135075969095E9,0.22655565603057368,1
200,1.5201240142201542,0.07178763489979392,39.18573793377976,3.625259787082228E9,0.21739967644179342,1
200,1.7177678521855224,0.07635868045238858,25.56477031031174,2.9063902557949953E9,0.2806646548989358,1
200,1.7858406309852453,0.07619613348038128,44.60141492892865,4.0141721942830434E9,0.20315114492631636,1
200,1.7243809557451217,0.07695737006185228,44.49677171793638,4.033922307859085E9,0.20123838153115042,2
200,1.7148456434948942,0.07498997832032371,45.02985485539924,4.0190793367389884E9,0.2014926674476148,1
