evolution$generation,alpha,beta,tsteps,popfit,indicsfit,evolution$samples
100,6.718886132605797,0.09325973323055559,35.234556212649075,5.025732199448169E8,1.350080737932574,3
100,1.4381079907582905,0.05810780686104802,14.716664306372905,1.515907382510474E9,0.6159542053291978,3
100,1.3310333225911064,0.017573419280834668,22.02903954965055,5.2242367574183244E8,0.9408148243461614,1
100,5.640023470027373,0.09927842574807853,22.118742500276117,5.0397276274106395E8,1.3394976789076871,2
100,7.8731144785631475,0.09522986299377742,72.40104797070968,4.99153208382936E8,1.3442770144648029,2
100,1.503441787359716,0.0594144982325479,14.1777546956447,1.4971861043369517E9,0.6194068235652257,2
100,1.4231802710092096,0.05775636655501618,16.42087268014364,1.7902039188565054E9,0.584097637568265,1
100,1.5646663017029914,0.05867885498874406,20.539086368086494,2.4778747297462215E9,0.5300070818447216,2
100,0.5572174873926238,0.017629009275419376,22.04346708112359,5.435754390198232E8,0.941570997676757,3
100,0.13295773214027906,0.009843924217682048,10.025097832014662,4.530670626929828E8,1.3749075025281794,4
100,8.899795697963683,0.0974627386844381,72.76122057326606,4.992248931458452E8,1.3401656366991244,1
100,1.310408392647734,0.0586527000579205,14.597545463034606,1.5550702288942485E9,0.6109078559579161,1
100,1.394625715987928,0.009416998190356102,98.22652338829317,1.644359188981296E9,0.5998099040876143,1
100,6.576162744329139,0.08830201190182081,84.7369087315082,4.991247116295186E8,1.357325000859566,2
100,1.4115564304574586,0.05841854336703761,15.462679038218184,1.6531240393516698E9,0.5994684135673637,1
100,10.0,0.1,40.65740882307927,5.025440644103098E8,1.3377520114096457,1
100,8.376050560083506,0.09554559214624944,100.0,4.9829134888472146E8,1.3429460235045367,1
100,1.565576192765867,0.05816702701607836,20.544457336695242,2.4601843758205953E9,0.5304907933257883,1
100,1.5244006810563413,0.0584800194595908,15.625503067435181,1.678196425154697E9,0.5966488223535367,1
