evolution$generation,alpha,beta,tsteps,popfit,indicsfit,evolution$samples
200,2.284387708070037,0.0736733572262809,65.16714106271097,7.800392775857286E9,0.9510122996588685,6
200,0.716121093895224,0.05239457971945205,85.30320490154523,5.487783994909384E9,0.5759757543466562,1
200,1.1934476601085307,0.01347850670469149,37.86511940090865,1.2006529246733544E9,1.2912528945247936,1
200,0.4782611380757641,0.024073926518575064,88.599368070907,3.9660403343959036E9,0.7652521525042968,2
200,1.383928199305473,0.09502367960815732,18.38410199972358,2.677469179629845E9,0.8187521216980547,1
200,1.9892378501694887,0.05130100334539622,85.02227202156432,5.010337676014062E9,0.7323806311642331,1
200,0.7194557571696403,0.04847302218721199,86.81045468188599,5.33236148205223E9,0.5802693379257269,1
200,0.4118110171578886,0.09378554319150774,76.37996597756839,7.022402742573707E9,0.6877927355679484,2
200,1.9623969398792465,0.07435226588906312,64.96590821275285,5.09088274610927E9,0.6712428018694009,1
200,1.4142727196320126,0.09452088298485324,19.403953356711824,2.7561714181291714E9,0.8118767196272905,2
200,0.0,0.0051626434879051344,70.07227380965713,2.095840646544531E9,1.3901325614170703,2
200,0.6098037974481052,0.009240904002434292,67.98756350789787,1.6377016293192077E9,1.050464593789795,1
200,0.6774466624860693,0.018489301157360704,47.46652639941204,1.9464564581916015E9,0.9451923111741873,1
200,0.0,0.014170939473932477,28.849678254513318,2.2096474715398965E9,1.3588671631793194,2
200,0.6787929110800128,0.01846537931979193,47.44649327714921,1.9410044279065514E9,0.9459849103621274,1
200,0.5228014004362502,0.004108896883867308,24.35563819481604,1.2288027832635112E9,1.3996813250820066,3
200,0.5781017739325657,0.014530457860926793,67.99877902685483,2.2385187022568226E9,0.9196144379810739,2
200,0.026265863105625755,0.008502089929734336,67.7415169280385,2.2250341909409447E9,1.3307744546124085,2
200,0.684820595751715,0.007170409084044671,41.25901463613496,1.2021714370809686E9,1.2713706132937752,1
200,1.2019840222576592,0.012734835473530754,45.97310745893174,1.2360872166324642E9,1.2449028041317747,1
