evolution$generation,alpha,beta,tsteps,popfit,indicsfit,evolution$samples
100,8.898890797830791,0.06245318458231346,17.847107881509256,1.4862428476025214E11,2.9327278236072463,4
100,1.948598026935675,0.03407334828685456,81.62190167181427,1.0081592056590588E10,0.3087209516898639,2
100,1.733605571332053,0.06940134872274262,4.527009731421281,3.011857530870615E9,1.30455632214585,3
100,1.6657697445615782,0.0711829606104087,4.379313218752886,2.5749902627473965E9,1.2595168973530133,1
100,1.7230744338912634,0.1,10.726517410991448,3.583461618987829E9,0.6790585123759633,1
100,1.9487983894698266,0.0338146799738218,81.91539088245209,1.0021492503507828E10,0.31062441048671163,1
