evolution$generation,alpha,beta,tsteps,popfit,indicsfit,evolution$samples
900,0.11070708497392906,0.02249153133619936,1.856845045844918,3.551986518669188E8,0.09533756170540653,2
900,0.39444830249500895,9.67540894411089E-5,87.48588191761957,1.957922128244044E8,0.10874886199087842,1
900,0.05611349042820942,0.03569677379257395,2.984288420145223,6.305106512336218E8,0.2557598584501445,10
900,1.3581433708541462,0.024795971366379094,16.524202569968743,3.8733624005281657E8,0.658360360631102,7
900,0.13405243956920068,0.022759127690905805,1.804498310462196,3.5715323128701067E8,0.09955857405878218,4
900,0.2672995736995111,0.026782766247090525,2.660100327131482,3.2201572244702214E8,0.12008577226755958,5
900,0.6442714270875399,0.0016500593874854228,89.46422195464523,2.525160690575044E8,0.3611498691546985,6
900,0.35382531717168064,0.0011831789756493426,85.26971205850109,2.5133767753632945E8,0.12552857560231945,4
900,0.45059839385109485,1.7023037486219142E-4,83.89511067364495,1.974882129780546E8,0.13721010192111924,3
900,0.3529407633025717,9.722151183276502E-5,87.73117720206955,2.029782962110607E8,0.1064130655548907,1
900,0.38983413870999295,9.861592742792286E-5,87.73248740161394,1.958534812552936E8,0.10805092506890804,1
900,0.6332526248900032,0.0016720219792965329,89.33213297458632,2.5249778793887976E8,0.33435600036378066,5
900,0.3527666527074015,9.779583146525246E-5,87.15852432870636,2.0461201364602602E8,0.10586089358553077,1
900,0.3098673310211207,5.061305724504251E-7,99.74010003676005,2.1583570294632947E8,0.10406281319776194,2
900,0.35438973149988534,9.714177740178834E-5,87.5906455790789,2.0380429385291144E8,0.10618714596566263,3
900,0.3439883255990429,2.8588842360770338E-5,87.75584625453091,2.0555741221110293E8,0.10474258389515344,1
900,0.4537135295235845,2.149046774044409E-4,82.69919285244299,1.9874004170529848E8,0.1348931842699794,3
