evolution$generation,alpha,beta,tsteps,popfit,indicsfit,evolution$samples
200,0.8547674287871843,0.08009485757748727,20.245984808213965,1.7152252225350602E9,0.5412224758521436,5
200,0.35382531717168064,0.0011831789756493426,85.26971205850109,2.5095482106406337E8,0.12578815250807537,1
200,0.7045811967010887,0.0,100.0,3.238302907586512E8,0.23274744258817784,2
200,0.663563548687196,0.0018690761134832368,89.99836946539628,2.5541699423307264E8,0.3846253267131583,4
200,0.6695799486311997,0.001383838406962698,98.56647744990859,2.539645572042966E8,0.4041741631921366,2
