evolution$generation,alpha,beta,tsteps,popfit,indicsfit,evolution$samples
200,1.1792594143664321,0.001742646986106315,94.66653629546208,2.870834853483005E8,0.9433940585702805,2
200,2.610301348368154,0.04774279609911578,48.744504062737604,1.4225737015787935E10,0.19003506702463568,1
200,0.47046002252875585,0.0657014143399167,93.61393275067938,2.88639459725542E9,1.139333142258027,5
200,1.8081699960406261,0.0396717049154208,38.751428897964765,1.0283565049130404E10,0.2251741169150774,1
200,1.5732938980723776,0.04018311426359172,35.56743393414151,1.0389551015334576E10,0.2450811206394618,2
200,2.1939294112311436,0.047385020441745265,48.16726608211323,1.6393690471952276E10,0.21125555940207708,2
200,1.645669297454218,0.046396448079205566,38.948205319000095,1.4276205348187962E10,0.23847178984934403,2
200,5.870286368204283,0.09493756048718982,31.3519872884742,1.4736764131423164E10,0.2117880167786203,2
200,5.6817483436021154,0.03844006491402274,85.3610070036241,1.4594181951078617E10,0.22388057417972396,2
200,0.2983201218129188,0.09553014742650155,72.28924071690575,3.191534890794891E9,1.0727237786957224,3
200,6.362135326764933,0.09892979608398077,43.62892352467213,2.7881165898569503E9,1.111608528880579,3
200,7.09366747066097,0.05570766436429121,70.63812328833625,2.532413576533574E9,1.1956946097595729,5
200,7.231323883810971,0.0984637599710467,55.45106684878421,2.874218315261993E9,1.1046763085615339,3
