evolution$generation,alpha,beta,tsteps,popfit,indicsfit,evolution$samples
200,0.03608153490988972,0.021341317308076715,74.76774513586071,4.1661708997786064E9,0.9803902436304072,2
200,2.058674024545165,0.016346183500338767,96.6993463550221,1.1598665438663933E10,1.6435010881239476,5
200,0.5532556480216635,0.028197532408510858,79.8001529519711,4.290761707901407E9,0.3572421799540875,1
200,0.4046080565964854,0.028490735947477055,73.74649350960259,4.236892985015425E9,0.48971494880092253,3
200,0.20107198299788948,0.022749636560695202,66.16971435756749,4.1911409289288793E9,0.9100724595495399,3
200,0.600693144421494,0.024394834011262526,74.4399647371135,4.2691742749064913E9,0.46552453825732615,1
200,0.5373830869039088,0.02804673811446225,77.95817253810652,4.2733282431542277E9,0.3730142503112329,1
200,0.582671075818352,0.024402636406674255,74.20386116898852,4.272557854466801E9,0.47022799112370073,3
200,0.6306366836965095,0.027935719782896242,72.87178427234363,4.2861757596605024E9,0.38306935173139317,2
200,0.553436977385321,0.02806587087703017,79.64802453154974,4.287882490962461E9,0.35884720404586695,1
200,0.1963868681648428,0.02324076710911529,65.08120512887102,4.186540285530711E9,0.9092889717428798,2
200,0.03102968898731512,0.021487822147354865,74.81585590376689,4.166793904647908E9,0.9795761267874976,2
200,0.6079815584989756,0.024963019627589508,72.36115411245254,4.2803927995306973E9,0.465597908112819,4
200,0.17916937220057313,0.022719896981109322,76.29785374219114,4.168276059692239E9,0.8082027740722116,1
200,0.21899366718500454,0.028599782157752364,65.94368110740952,4.189187651991421E9,0.7138247799405503,1
200,0.3334731054556525,0.028580351065796095,64.81930981363476,4.190203449092149E9,0.6257364474574618,2
200,0.32853589019700424,0.028585070523432732,64.98911949025293,4.189635549400144E9,0.6313405076041353,1
200,0.19745097551689417,0.028582193061755086,66.09219732955894,4.1880323033664355E9,0.7306292186152705,1
200,0.5394080434150896,0.028127146748096438,78.40487475257251,4.283685386924812E9,0.36906482051544437,1
