evolution$generation,alpha,beta,tsteps,popfit,indicsfit,evolution$samples
100,1.164919476024402,0.008997561302789015,81.30623396141208,1.6583578195325823E9,1.0813905814331546,3
100,1.2438013954600402,0.09903562984059884,61.043143113257514,5.625474972312166E9,0.7202538555835016,2
100,1.8697949094613842,0.0583758244192705,51.17904832578964,4.1614881724533253E9,0.8054787233292853,1
100,2.328207453740918,0.08721082564899477,26.465111463119158,3.8538604756352634E9,0.8567703650266205,4
100,1.1649194760244017,0.008997561302789015,81.30623396141209,1.658184497024469E9,1.0815802771951741,2
100,1.99509370029508,0.08470118325634889,25.777333671917816,3.6320000435184946E9,0.8564938352406528,2
100,1.2092531316487483,0.09063788797416328,75.43286412185945,5.918957204174339E9,0.7153969086550089,2
100,1.1666877004719418,0.007492291526440137,80.69363286461066,1.5304579132289526E9,1.1317684360045306,1
100,1.4227321368423274,0.06789026507364691,70.36841228469085,5.019788916907875E9,0.7391115622051477,1
100,1.861943271164105,0.05846107063945854,51.115590856023886,4.161649968710443E9,0.8052267786740183,1
100,1.4871547852469527,0.09198206975576126,79.79298320226107,5.972816619625607E9,0.7023693718932864,1
100,2.8337962471988716,0.08726797478746164,23.079852426394122,3.58282396313872E9,0.9250631851971491,1
100,1.1646511279393508,0.009802781406410048,78.72309928477705,1.6965657699059846E9,1.0699987995058067,1
100,1.470861909283825,0.0945757626863139,69.06097441444038,5.712970130243E9,0.7095197611611493,1
100,0.9993735851317858,0.003651986373842138,80.63089336301627,1.3320295273182466E9,1.294678177351597,1
