evolution$generation,alpha,beta,tsteps,popfit,indicsfit,evolution$samples
300,1.0799462187408515,0.08783332865090931,72.61822564481305,3.3985443862132E9,0.07532666360710746,2
300,0.4372928847157209,0.02913554113182797,70.6969261479502,2.2168315981256113E9,0.6080555673473689,6
300,0.03144515501247008,0.004132501608694971,50.55806044565734,1.090325722728253E9,1.3242322429347748,1
300,0.7321796622300016,0.026526916073772607,63.109788283117595,1.5836452412056618E9,0.16106370159549438,1
300,0.7739559334880532,0.0,17.46915826925463,1.2342383897629087E9,0.6763371048279898,1
300,0.8202398627159067,0.02845053918376248,69.67193638624896,1.7572412807719982E9,0.1409591872534624,1
300,0.9634457262671675,0.027983627111213952,80.81026837546555,2.011142647752646E9,0.1543702270288595,2
300,0.9727317759396727,0.03989057669458531,84.1878162435324,2.466548794225356E9,0.09082479205678659,1
300,0.7513214134306552,0.03181111651295493,83.38563858095658,2.1384965406661708E9,0.1263778209176564,1
300,0.9723167597606921,0.04815692553315499,82.03720478194796,2.6569832191011243E9,0.07712805039581248,1
300,0.7654429487531322,0.02714916301355055,66.60361271656146,1.651360003145403E9,0.14936984719167323,1
300,0.9732336904082844,0.04640815107145931,81.71648158309117,2.6095396572513514E9,0.07883248380377424,1
300,0.7538394722589279,0.03184769612250559,71.71276807698597,1.944741274966704E9,0.13350721934968712,1
300,0.9311232385948003,0.03424259499307282,81.38051656395595,2.203006254402546E9,0.10800957587174057,2
300,0.7435171501108772,0.02962958483080007,71.44210080700874,1.853916638307227E9,0.1380192786230048,1
300,0.9728355660799921,0.04749430169081797,81.82704718893797,2.6324598508954E9,0.07795025364462713,2
300,0.9312927496216774,0.03322452963823954,81.06374805216211,2.160288597045373E9,0.11369070915582322,1
300,1.068567479258007,0.026677155145239197,86.01966129344169,2.2249630200670466E9,0.18948082796997562,3
300,0.0,0.004069422198986006,49.934669528983726,1.2249333144803243E9,1.3536856382282787,3
