evolution$generation,alpha,beta,tsteps,popfit,indicsfit,evolution$samples
100,1.1232423382938483,0.08930577309492743,64.74072611587866,4.274024586094387E10,0.4394355276054512,3
100,1.350975309574165,0.05867653404284794,68.39590072593879,3.593759314335006E10,0.498613603543692,1
100,0.0,0.08714156826669578,6.038608582571823,1.534829135140089E10,1.4089643308689401,3
100,1.3588388505992302,0.05864781218651367,68.41093539852189,3.599993415312092E10,0.49699328234270657,1
100,1.4639450188864376,0.06128992512913725,67.51151387641845,3.597739246677848E10,0.4975211314548288,1
100,1.1576660279715656,0.1,93.10170658210457,4.88984890079968E10,0.3842580233646735,3
100,1.358361924778846,0.058646468494649266,68.41066387955793,3.602999359844325E10,0.4969784501320413,3
100,0.25457823009627084,0.08555100839359063,6.491080790355823,1.2298755657330526E10,1.2333079074040236,1
100,1.442713902047571,0.05846015947822887,69.0618389099314,3.557760028316515E10,0.5030608545020421,1
100,1.3545128044334174,0.05999118393855372,67.7851450780081,3.6206980934306335E10,0.49469208129501707,1
100,1.5832011209505725,0.03276646577418844,67.83212891576824,2.337679263550519E10,0.7255806448983155,1
100,1.2453198801020267,0.09974867408320269,93.17214075227777,4.8440100075683426E10,0.37232845348328,1
