evolution$generation,alpha,beta,tsteps,popfit,indicsfit,evolution$samples
100,0.04876335715512381,0.08062072695552719,66.90217651796013,3.0516778125556874E9,2.57328558961838,3
100,2.0444086113019266,0.020965453756610054,11.405155206888331,3.299234077745175E10,2.514546406972223,4
100,0.5281812111161055,0.012668630735799692,75.31250123088934,1.9854985182852812E9,1.450385577983674,2
100,0.6133550178053127,0.09392745473931717,8.80133538224541,3.841634959197108E9,0.8878226988276207,1
100,1.096431556101709,0.08863365096070229,64.25193705845763,5.814164482913031E9,0.3380261491112475,2
100,0.7946128063091908,0.07916972545219192,18.95920847578818,5.340021069412156E9,0.5918527145132548,2
100,0.5760760871001535,0.006353541896793858,74.73655884076831,2.554202295651638E9,1.287650157842291,2
100,0.5105659508213323,0.06941424076373835,25.63391699627928,2.0695481499371283E9,1.3601618422304909,1
100,0.5177101707207427,0.012531170126292186,63.85994553115653,1.9588372246497808E9,1.5093387222537946,1
100,0.42912984438542945,0.0746301446846359,22.939849825237015,1.8711324736318214E9,1.636384963816298,1
100,0.5699631453063237,0.08830924810903418,28.541392074409686,2.391488945134286E9,1.1260065801204167,1
100,0.0,0.012601159741473859,12.746553335129857,1.8624338573421764E9,3.2395483218764847,2
100,0.5252085104530264,0.013434406619899343,73.66909199059491,1.968028431112932E9,1.4511395011223673,1
100,0.7856388416274007,0.1,17.971518523363752,4.90705661407563E9,0.5573277656732895,1
100,1.035701772563711,0.1,67.83327733594318,5.230587025400763E9,0.2968280031524655,1
100,0.5112425801873948,0.1,16.157158960324935,2.19694639893688E9,1.2908598120086185,1
100,0.013715153808243414,0.015771770514650958,14.553030853340712,1.6247502427110283E9,2.9161482004466577,1
100,0.43789470276215114,0.07446158781822786,23.241794496642797,1.9564215924744043E9,1.6205307005206429,1
100,0.5288161403057696,0.012759518059212896,75.76201461146326,2.0146663401833692E9,1.4399120511523091,1
