evolution$generation,alpha,beta,tsteps,popfit,indicsfit,evolution$samples
100,1.2564013127904161,0.006806665865476825,77.3859333508967,7.181496895629358E9,2.2902912508343825,2
100,0.817701433728395,0.06348137718798881,48.286468620128346,1.0610384897473862E10,0.987245956948352,3
100,1.0624529803593097,0.06626975857426998,76.04304835010697,1.3218672541127628E10,0.8500557168610775,1
100,0.48905227695949854,0.05953694188850709,30.955515128342807,9.049988207512821E9,0.9847819146313408,2
100,0.5236807751632071,0.05933153874200774,22.877516382821,7.3883878675808115E9,0.9997468773910816,1
100,0.5841842121074028,0.07165164451307053,27.654811145662435,8.932234868912926E9,0.9219486155083486,1
100,0.8267381073535086,0.057198927558115446,17.879602546738116,6.244250177029611E9,1.6893567900322441,1
100,0.6940762081907463,0.06369876751971504,45.574110112387295,1.0670215850390682E10,0.8874862391838858,1
