evolution$generation,alpha,beta,tsteps,popfit,indicsfit,evolution$samples
600,9.158176205843702,0.09198333635390968,52.705946080993016,8.503244455826738E8,1.3971424334810392,6
600,9.260519278235668,0.07511531250535772,50.63656917068879,8.503244455826738E8,1.3971424334810392,6
600,0.0,0.0578132237194415,89.30159299120226,8.503244455826738E8,1.3971424334810392,6
600,6.968798753067869,0.09835429262328695,63.12736973890527,8.503244455826738E8,1.3971424334810392,6
600,1.9554634262533943,0.022636872080604678,14.904445722678961,8.503244455826738E8,1.3971424334810392,6
600,8.34598843320829,0.06347962657587951,53.795659321807335,8.503244455826738E8,1.3971424334810392,6
