evolution$generation,alpha,beta,tsteps,popfit,indicsfit,evolution$samples
700,0.33344327128276885,0.00368742155488173,8.956604749242198,1.1460548232892531E8,1.1298686940352343,9
700,4.245778866716954,0.053023727667758695,18.17682120129705,1.1460548232892531E8,1.1298686940352343,9
