evolution$generation,alpha,beta,tsteps,popfit,indicsfit,evolution$samples
900,4.245778866716954,0.053023727667758695,18.17682120129705,1.1460548232892531E8,1.1298686940352343,11
