evolution$generation,alpha,beta,tsteps,popfit,indicsfit,evolution$samples
100,8.791050422215044,3.5981030495528814E-4,6.203915551055364,1.1460548232892531E8,1.1298686940352343,4
100,0.33344327128276885,0.00368742155488173,8.956604749242198,1.1460548232892531E8,1.1298686940352343,4
