evolution$generation,alpha,beta,tsteps,popfit,indicsfit,evolution$samples
700,5.816496909158091,0.0011894876745248695,41.19418409824013,1.9250979647784904E10,3.5456205535953598,7
700,10.0,0.1,100.0,1.9250979647784904E10,3.5456205535953598,7
