evolution$generation,alpha,beta,tsteps,popfit,indicsfit,evolution$samples
400,3.549969869242753,0.09063500240076716,68.02293386029517,1.9250979647784904E10,3.5456205535953598,5
