evolution$generation,alpha,beta,tsteps,popfit,indicsfit,evolution$samples
300,8.421467439893444,0.03428826213428027,19.864697963595887,3.180260878179934E11,4.548019299264477,5
300,0.1800945821111183,0.07173121787861128,1.741997648123133,5.400039942042333E9,1.0936979038022967,1
300,1.4825692546214662,0.1,79.25957032694085,1.3665803518792856E10,0.38545436053616605,1
300,7.966063698984293,0.0934672695920214,27.21248978407526,9.510284066381245E10,3.1036448398830805,4
300,0.5026489205698551,0.043638682975808724,38.82159173817043,9.217577891768246E9,0.7424964505656269,2
300,3.030510768119146,0.0897561421471966,63.07744376973909,1.4676447742515224E10,0.6758908015333118,2
300,0.7158812247936664,0.07013833273070784,33.77920779242991,1.0091282718570187E10,0.5613819127732315,1
300,3.5118134388848885,0.0923788684509021,78.17702097295381,1.5672308100720303E10,0.6189922169755702,2
300,3.04488809770336,0.08941421548940015,73.41909384888159,1.5061407429439037E10,0.6191817345632809,3
300,0.587253859590178,0.039267990658640145,80.17150561212787,1.1528110183072432E10,0.5250636655692006,1
300,0.6251260959857867,0.038217038576588876,16.297485972650747,6.0219019798228245E9,1.0141952538958832,1
300,1.4699192506669256,0.08981686072618067,79.37512144231445,1.3332748074132345E10,0.420320721928805,1
300,0.6263344614668565,0.03856832774418789,23.021872610184083,6.653871747963947E9,0.8094504152695692,2
300,0.5530526932982762,0.039621423520048465,22.560081858015245,6.691642070982759E9,0.7810286000507192,1
300,0.18231223039857508,0.07161242241586364,1.7411391352776797,5.4048775764614525E9,1.0976984225664448,2
300,0.5428319577277843,0.03769154618970935,23.626330732110397,6.692735914542456E9,0.7975780144508767,3
300,0.16144794270177262,0.072542305428693,1.5055334015375523,5.446095852007345E9,1.0509893280586637,3
