evolution$generation,alpha,beta,tsteps,popfit,indicsfit,evolution$samples
300,1.3687113274360834,0.01296790881483012,100.0,8.40009788700504E7,1.4759822200187858,6
