evolution$generation,alpha,beta,tsteps,popfit,indicsfit,evolution$samples
700,0.1260765091985694,0.039142787403753966,74.2547940881653,1.6330563293197591E9,0.8440916919241324,7
