evolution$generation,alpha,beta,tsteps,popfit,indicsfit,evolution$samples
300,4.79464420941212,0.0,92.74657734718159,1.6330563293197591E9,0.8440916919241324,4
300,9.108595311251733,0.01522796678990206,45.96716282812846,1.6330563293197591E9,0.8440916919241324,4
300,9.065990806617268,0.031866622385930715,79.8717759449426,1.6330563293197591E9,0.8440916919241324,4
