evolution$generation,alpha,beta,tsteps,popfit,indicsfit,evolution$samples
300,0.0,0.03154424038023813,11.719867217636324,1.68651558083002E7,0.4442136495151302,6
