evolution$generation,alpha,beta,tsteps,popfit,indicsfit,evolution$samples
100,9.731543386873637,0.09606200923672781,25.947698458834168,1.68651558083002E7,0.4442136495151302,3
100,2.7532222352729008,0.08442909195350659,18.364868243331063,1.68651558083002E7,0.4442136495151302,3
100,2.680888735545839,0.024651286891494564,39.13256398209429,1.68651558083002E7,0.4442136495151302,3
100,9.615433942934345,0.050936463151557976,59.262753946061494,1.68651558083002E7,0.4442136495151302,3
