evolution$generation,alpha,beta,tsteps,popfit,indicsfit,evolution$samples
200,6.174636830023601,0.016803079311751425,14.583967461665473,4.1962488101602497E9,2.2803606959922558,6
200,1.2939155240248847,0.09993269341267802,70.82218462185111,1.1658056308125947E9,0.5018577483599259,1
200,0.27044709633286135,0.0012656902074382498,11.218052312189474,5.3553256842372775E7,1.0947611955525256,1
200,2.3426057233789863,0.08103648537312652,42.79834962121186,7.741295755744286E8,0.7087154091658768,1
200,3.271500380518785,0.0884254861488312,17.193430949172548,5.1599487029673415E8,0.8636001124549403,1
200,0.10036198261755917,0.0591090993026504,8.344177231593026,1.1201862771156602E8,1.0685629904686782,2
200,0.0,0.010849446461362523,11.121122510455178,8.032328958028194E7,1.1790494821896407,2
200,1.2742668209730277,0.052237650231141235,22.43072087102175,2.3722872554916838E8,0.8699495994431296,1
200,2.6150619500764085,0.053685615493395455,11.02582849436128,2.517650073159433E8,1.0397223302831404,4
200,3.2712306957583523,0.08839505781712637,17.597764440731595,5.375560171094029E8,0.8595327994027401,2
200,2.9008444204972017,0.09178770532163066,86.39588253341543,2.1403328549228838E8,0.9771842637623853,1
200,2.3352557729904966,0.08938398038862023,90.29800904470243,1.970560239161544E8,1.0022946941622517,1
200,3.095995320409348,0.09586903218561418,16.75065365332278,5.2256232369386625E8,0.849875229348135,1
200,2.364352238404975,0.08932896090387897,90.39807429348282,1.970263759107595E8,1.002490089566849,1
200,0.35813897754709917,0.06490833321193418,2.8879170698112064,5.6500892297062546E7,1.012390768023489,1
200,2.816588097875527,0.09281961705346652,84.65687784805257,2.1518392027083406E8,0.9751842791576817,1
200,2.3899223730972556,0.08984385701449851,90.56498780686285,1.8382989048111886E8,1.0246579880600306,2
200,2.364576842086888,0.0898553281793516,92.61606440250438,1.703281012237652E8,1.0518118226773718,2
200,2.325569528474416,0.08613714810061271,97.27913028844263,1.669154466199944E8,1.0595490638775635,3
200,1.944283349366997,0.09644518073532671,78.55554670245704,2.623806947248286E8,0.9190955090722545,2
