evolution$generation,alpha,beta,tsteps,popfit,indicsfit,evolution$samples
300,0.612086900878716,0.07923930125428426,31.649341027544658,2.832692610984748E9,0.5741569720692584,1
300,0.48024039584379996,0.05191162113978651,7.25340113182259,8.692950045961739E8,0.7532074489720256,1
300,3.8631370509057614,0.049815097764030765,52.37069738366388,8.595181998026882E9,1.2342818872163601,5
300,0.6350452144883671,0.07415384807232286,28.253504588616963,2.5385769260734553E9,0.6055145185118256,1
300,0.0,0.1,1.0,1.6985256124398537E9,1.496721910632186,4
300,0.4948758243217094,0.051975908725301605,8.777824305189277,9.140057869785663E8,0.7471236326879437,1
300,0.4404557363219719,0.007689115906326329,67.06795912575829,1.0191512482296826E9,0.7831696090531294,3
300,0.4404557363219719,0.007689115906326327,63.292276051499506,9.90715401250382E8,0.7869135947180379,2
