evolution$generation,alpha,beta,tsteps,popfit,indicsfit,evolution$samples
200,7.178330086987072,0.007852493264045688,12.828024968251754,6.935831744519789E8,2.05931633299165,5
200,0.0,0.04390896868472522,10.885588097592823,1.5620414635417109E9,0.6290838436721807,1
200,0.0,0.1,33.74093466292963,1.7008524523329857E8,1.5492392802514166,1
200,4.465676522152547,0.0,1.5093187150941774,4.5134465069121873E8,1.3175617983882568,2
200,0.0,0.043089387369714384,4.625728641272759,2.6188028372160923E8,0.9700167982868975,1
200,0.0,0.0,21.22613272086664,1.956390908287875E8,1.276952478692456,1
200,7.1732415059589325,0.008629979631335761,17.35159443831217,9.657196484832737E8,1.9334292561796238,4
200,0.0,0.0933480252189363,22.388217571956826,1.7052175786089665E8,1.5212731024743467,1
200,0.0,0.09343412444417236,22.42756398842671,1.7056325616188443E8,1.4958455579908458,1
200,4.98914972726009,0.1,55.56333897431287,1.7131710626038146E8,2.032117009877525,2
200,8.135990513360142,0.08182601294587893,89.00994001091789,1.7296772158303076E8,2.104224185555096,3
200,0.007742142984173164,0.0775883568633284,70.53717421045131,1.724785740921051E8,2.119490897481951,3
