evolution$generation,alpha,beta,tsteps,popfit,indicsfit,evolution$samples
400,0.0,0.0012057840364239165,90.10885860208869,1.694584702376158E8,1.1290948999333972,1
400,0.0,0.004871613349634124,100.0,1.5542374794092903E9,0.6274511844257278,3
400,7.178330086987072,0.007852493264045688,12.828024968251754,6.956886456188786E8,2.0594912917690076,6
400,9.547560407205637,0.03386232540294585,6.927688044155748,2.155106229281132E9,1.8530040504751761,5
400,0.0,0.0419194197118987,10.941594397966053,1.419294464099719E9,0.642332092494813,1
400,1.9509984497100824E-6,0.042132665720438646,10.769081443793091,1.1190685231854525E9,0.6816318694354108,3
400,0.17252603006572137,0.04563320499228477,9.943319911459744,1.09402794504965E9,0.6499746871513309,1
400,0.14290971140262568,0.044280249166910514,9.97406773193557,1.0272493059982555E9,0.6677299541814373,1
400,0.0,0.052285681941007384,4.501967225626339,3.570752275641932E8,0.9039263895361946,1
400,0.0,0.043089387369714384,4.625728641272759,2.6188028372160923E8,0.9700167982868975,1
400,0.04122291956725484,0.0,5.850402142844207,1.9797284381366298E8,1.2306876409940894,2
400,0.0,0.0,20.971348118384807,1.9552044431190655E8,1.276434414362004,3
400,0.0,0.0,11.394454074076181,1.95832492486331E8,1.2764148296823037,4
400,0.0,0.1,22.776951358428565,1.7005974965657628E8,1.4964444915383937,2
400,8.135990513360142,0.08182601294587893,89.00994001091789,1.7293985336938784E8,2.104227351034861,4
400,0.007742142984173164,0.0775883568633284,70.53717421045131,1.724785740921051E8,2.119490897481951,5
400,0.0,0.09343412444417236,22.42756398842671,1.7052543657786208E8,1.5075488329466715,3
400,0.0,0.08791692336529547,15.723462637408183,1.7100592036384887E8,1.4742598237406965,2
