evolution$generation,alpha,beta,tsteps,popfit,indicsfit,evolution$samples
100,8.135990513360142,0.08182601294587893,89.00994001091789,1.7296772158303076E8,2.104224185555096,3
100,4.191608461336673,0.09851282965722086,56.79839825872027,1.7123760942902476E8,2.0375770533909012,1
100,9.547560407205637,0.03386232540294585,6.927688044155748,2.150286668024082E9,1.852549525599118,2
100,7.1732415059589325,0.008629979631335761,17.35159443831217,9.823829952114071E8,1.936516324668733,2
100,7.178330086987072,0.007852493264045688,12.828024968251754,7.06414139086397E8,2.061438936703633,4
100,4.98914972726009,0.1,55.56333897431287,1.7131710626038146E8,2.032117009877525,2
100,0.007742142984173164,0.0775883568633284,70.53717421045131,1.724785740921051E8,2.119490897481951,3
100,0.0,0.0,21.22613272086664,1.956390908287875E8,1.276952478692456,1
