evolution$generation,alpha,beta,tsteps,popfit,indicsfit,evolution$samples
300,0.7503938075293843,0.09017343311603755,89.7046047854856,2.505461023883017E11,0.6815796552721205,2
300,1.020493627665083,0.023906702101764606,35.09737312623498,9.670064054109348E10,2.1481596719292724,1
300,0.7122770147255175,0.0072469838452660085,8.081905937601679,1.3680782472032632E11,3.3059163235741815,3
300,6.104099170198946,0.1,60.70415468346829,1.172485851672949E13,3.1558460813469953,3
300,0.5802023798191569,0.0318809432146749,63.42571795504401,1.6812993677340335E11,1.148670448090073,1
300,0.5781650963481105,0.009595505120128628,81.21122244272065,1.0869934851795375E11,1.6419119722284339,1
300,0.8445505869131921,0.05759980239897527,63.246905612282035,1.9746435077061917E11,0.9559977849011615,1
300,0.6110651166323589,0.06318400357156329,41.09732012754515,1.875194365555627E11,1.0239699152433686,1
300,1.0610727721395017,0.08725993624489052,56.84293953248621,2.1097893167199774E11,0.9518719523166344,1
300,0.037483675869851574,0.02222302225453441,23.636055187897437,1.228119149628909E11,2.6527458218843263,2
300,0.7408400423236408,0.1,57.538714066027694,2.3295552746890417E11,0.7628204121396079,1
300,0.6407842638491779,0.01992005361355345,81.95903549167771,1.470503739693441E11,1.22837149793378,1
300,0.5838239359373725,0.035640333335004055,63.45292647865576,1.7662145492513846E11,1.1020355127708346,1
300,0.6412181333649325,0.029687236950499164,58.79981039168582,1.5216066878813724E11,1.1958873328987987,1
300,0.0,0.010285630007858678,25.589720227707534,1.1782063615588525E11,3.006631129524653,2
300,0.6246331546836346,0.08726569380428255,62.82658011295179,2.3647021318332053E11,0.8135801888944538,2
