evolution$generation,alpha,beta,tsteps,popfit,indicsfit,evolution$samples
200,1.597654351929203,0.06541399483725845,60.08277112740112,1.1205722905965035E9,0.6285045448736437,7
200,0.8846400670607496,0.056791006194525345,46.52290154128167,1.0656796575332999E9,0.6114419599567112,1
200,1.2674277492877244,0.08864227520180941,8.47084949414931,6.755005088837801E8,1.0033386557693982,1
200,0.6178236078174204,0.030245171254692768,40.59875912202018,8.054578614091204E8,0.7005394939253919,1
200,1.6247867999066867,0.07011690569679496,18.186466370504217,1.0060084625776666E9,0.9015117160070889,3
200,1.6194966641309363,0.06134667510038871,57.00491804888603,1.0745356369207542E9,0.6444518978855034,2
200,1.2813481658410906,0.08027846656266752,9.536829328906752,6.773649526441474E8,1.00642412461852,4
