evolution$generation,alpha,beta,tsteps,popfit,indicsfit,evolution$samples
800,5.07861766827121,0.009097898561977314,7.7329334600035775,6.27045793412291E8,3.000141827324187,8
800,6.975248522354963,0.022947574441523316,45.454259236686774,6.27045793412291E8,3.000141827324187,8
800,2.0102628108919904,0.1,75.26406124781973,6.27045793412291E8,3.000141827324187,8
