evolution$generation,alpha,beta,tsteps,popfit,indicsfit,evolution$samples
500,5.07861766827121,0.009097898561977314,7.7329334600035775,6.27045793412291E8,3.000141827324187,7
500,2.1315602613299065,0.08588809696451621,98.24364886174982,6.27045793412291E8,3.000141827324187,7
