evolution$generation,alpha,beta,tsteps,popfit,indicsfit,evolution$samples
200,9.703445411173579,0.03143465619631115,59.46325227137976,3.1781911643699274E9,1.086316621127982,7
200,0.9277560997393391,0.03451288605395623,42.85197846847232,1.2047525778811984E9,0.3318980421477956,3
200,0.8066357024165731,0.0,30.02789904537797,3.5864581389937334E7,0.8939325878059983,1
200,3.9102689182834016,0.047755706065846164,50.19223494481069,2.392291762851634E9,0.8138818120284844,4
200,1.5740738314325204,0.008761654083597494,72.4707821424519,3.3778493732248133E8,0.509736958421485,3
200,1.963311597670703,0.02246905706808139,24.71510838810611,3.0873831991813326E8,0.5911360857127077,1
200,1.3873163363721008,0.005707952002653363,72.38763506816642,1.639761365633481E8,0.6912469348151717,1
200,1.029137704672134,0.0071611034933338315,32.29194676894348,7.44094584145136E7,0.8866282490636559,5
200,0.9816932709007813,0.0,25.55295064563239,4.624164845622485E7,0.88520340846758,2
200,0.9092278444970171,0.0,24.9296687022433,4.021156878778499E7,0.8863570176253097,3
