evolution$generation,alpha,beta,tsteps,popfit,indicsfit,evolution$samples
800,8.740317967672551,0.05188753616304085,94.49151631038397,1.5801898564728029E9,1.7690982378578102,8
800,1.685484187936095,0.0878362386069212,83.60131640109037,1.5801898564728029E9,1.7690982378578102,8
