evolution$generation,alpha,beta,tsteps,popfit,indicsfit,evolution$samples
700,8.740317967672551,0.05188753616304085,94.49151631038397,1.5801898564728029E9,1.7690982378578102,7
