evolution$generation,alpha,beta,tsteps,popfit,indicsfit,evolution$samples
600,8.597614896652127,0.1,58.65109445871128,1.5801898564728029E9,1.7690982378578102,6
600,8.740317967672551,0.05188753616304085,94.49151631038397,1.5801898564728029E9,1.7690982378578102,6
600,4.028281494129715,0.03734379294649679,73.32379755556475,1.5801898564728029E9,1.7690982378578102,6
