evolution$generation,alpha,beta,tsteps,popfit,indicsfit,evolution$samples
100,1.3605426958682942,0.009934238999802747,97.32421522241131,3.6529192513359113E9,1.0958787822366307,3
100,2.6029704954729054,0.1,76.3945470494816,1.5509543237157578E10,0.6080163387024036,2
100,1.908887205302404,0.09798606721897252,83.48649478773471,1.2490100168077896E10,0.4360304338999508,1
100,0.8360188779399903,0.07436152588193236,77.07127216957126,1.1835398029184685E10,0.5553315185007225,1
