evolution$generation,alpha,beta,tsteps,popfit,indicsfit,evolution$samples
400,9.625150478232532,0.03913480169893691,88.76563487448875,9.083914935536373E9,4.275746785737398,5
400,9.623003454900644,0.06897859678558903,35.688143021856995,9.083914935536373E9,4.275746785737398,5
400,6.5314093349515865,0.1,57.12187144430263,9.083914935536373E9,4.275746785737398,5
400,6.885779709232713,0.09954527958325657,59.95506047193439,9.083914935536373E9,4.275746785737398,5
