evolution$generation,alpha,beta,tsteps,popfit,indicsfit,evolution$samples
600,7.9047347093978075,0.07223376074960806,83.25079294296161,9.083914935536373E9,4.275746785737398,7
