evolution$generation,alpha,beta,tsteps,popfit,indicsfit,evolution$samples
700,9.062784525576637,0.06470408517567212,57.82874350310802,5.867196419719002E8,0.9221736832545496,8
