evolution$generation,alpha,beta,tsteps,popfit,indicsfit,evolution$samples
300,5.7871569375036795,0.0834195973881286,66.1668114381223,5.867196419719002E8,0.9221736832545496,4
300,9.062784525576637,0.06470408517567212,57.82874350310802,5.867196419719002E8,0.9221736832545496,4
300,4.54156621227043,0.024035138532675235,9.607891423817547,5.867196419719002E8,0.9221736832545496,4
