evolution$generation,alpha,beta,tsteps,popfit,indicsfit,evolution$samples
400,4.386949546176913,0.02792684061091344,4.026017530102266,5.867196419719002E8,0.9221736832545496,6
