evolution$generation,alpha,beta,tsteps,popfit,indicsfit,evolution$samples
100,4.8131633192577645,0.08887998513566236,76.8407442555283,5.368883175019484E9,1.9972387824383309,5
100,0.9712967205327105,0.031871674029455746,4.922504022971502,5.5861802979595E9,1.6839324474564767,3
100,1.174600131941832,0.02927745566278435,20.784055790086978,4.977317648885124E9,0.8756740726946137,1
100,3.556447975361829,0.09802754112616552,79.05518869307349,5.310354159183641E9,1.9632174710110943,2
100,9.318783751677213,0.0226542623268863,77.9039854176916,3.220904575149953E10,1.3793073396693714,3
100,0.24616870227635834,0.014830943053497898,98.24537875459605,1.2584675283302658E10,0.6039455704557688,2
100,1.988920866735782,0.07506807209780798,14.95358731982702,7.59695749978806E9,0.45399589141414987,1
100,1.715995183409421,0.03866669568296249,22.016077787872536,5.782277704050098E9,0.6422332368776019,1
100,1.7063024479382842,0.0207868761920713,26.426856777115045,4.443916909168045E9,1.0513984632834492,1
100,1.5835769293065272,0.0896443182401984,22.375201648204417,1.4083148442701506E10,0.2463925923911046,1
