evolution$generation,alpha,beta,tsteps,popfit,indicsfit,evolution$samples
900,1.1629428421019905,0.04556803567653731,55.491453132223754,8.14796670132923E7,0.849448225957081,10
