evolution$generation,alpha,beta,tsteps,popfit,indicsfit,evolution$samples
100,5.036251458091334,0.09863573480087727,72.72672676543222,5.837715858374723E8,0.9371361947084252,4
