evolution$generation,alpha,beta,tsteps,popfit,indicsfit,evolution$samples
500,5.28764178251079,0.008004928355005547,37.10794949852833,5.837715858374723E8,0.9371361947084252,7
500,1.9453044619172823,0.04922278652020726,66.07524020989385,5.837715858374723E8,0.9371361947084252,7
500,3.9112115591023078,0.06684889967394052,29.726285267727565,5.837715858374723E8,0.9371361947084252,7
