evolution$generation,alpha,beta,tsteps,popfit,indicsfit,evolution$samples
1000,7.886287065548552,0.08088515940510076,51.34276180513193,1.596019835600676E9,1.290974901042478,8
