evolution$generation,alpha,beta,tsteps,popfit,indicsfit,evolution$samples
900,9.729358827582022,0.011794662540511248,69.48993423066679,3.3652770237495704E9,3.0572158821514286,8
900,5.329107674532965,0.0,5.580777201420393,3.3652770237495704E9,3.0572158821514286,8
