evolution$generation,alpha,beta,tsteps,popfit,indicsfit,evolution$samples
100,2.343848651599476,0.036825464449009915,22.300375565792347,1.0242404309409683E10,2.61921484481161,3
100,6.576282899535954,0.06202525810552953,94.80647254123402,1.0947151170060509E10,1.5220794365980106,3
100,1.1137029884707406,0.08704170866221268,18.986456255167443,1.1340161856831408E9,0.517377584157804,1
100,9.415730610983191,0.0730892314695556,100.0,9.141364173153719E9,1.2627756593613282,2
100,0.2971491408938609,0.01613074278047772,7.80845328682142,3.677782946689705E8,1.678703407189107,1
100,0.26289280256656256,0.025979398308606988,8.716364976785748,4.8146067109663725E8,1.6556387440382654,1
100,1.6934273819731378,0.048469365073450905,80.35470713183375,1.7959047398100822E9,0.4232365281759381,1
100,1.0129555664855137,0.08685355515752989,18.93465058460873,1.1959933144598615E9,0.49279350486745505,1
