evolution$generation,alpha,beta,tsteps,popfit,indicsfit,evolution$samples
200,1.1386405305259426,0.013529501068214113,53.17398709773473,6.687137989647403E8,1.380922468984532,1
200,2.926750640765225,0.1,86.20105732591658,3.3411338332507057E9,0.7297131378277497,1
200,8.790716729734068,0.06317914260006481,53.730916135535246,7.63261203265905E9,1.9703107642841433,4
200,1.3595352476594775,0.047307155275004,99.35334310012588,2.1847121582819657E9,0.7941011089847013,1
200,2.558455686472243,0.0787947732606441,100.0,3.0497361692004247E9,0.7423010394362755,1
200,1.173825697266952,0.1,46.52041445264806,2.4783120893144765E9,0.781673371477993,1
200,1.8714087222105027,0.0380439031935964,100.0,1.7544401500225372E9,1.00717054344821,1
200,0.8684532087143884,0.08942724830053674,10.121533438610188,8.464373281259263E8,1.3052195633172463,2
200,1.0712205800430816,0.1,17.61703796040275,1.1907983285515041E9,1.1248852483463294,1
200,1.2396838865621342,0.044216856170600054,22.255874155653135,7.428701485365318E8,1.3109479871825662,1
200,2.518204835790771,0.06631908972986571,91.08664892198931,2.284196065284544E9,0.9126117753236807,2
200,1.1849969189902552,0.03603181157513837,22.813786900217004,6.927101664217496E8,1.349173887356403,1
200,1.2259569597096762,0.03633742209721796,25.475857764132957,7.204991138179883E8,1.3287531693012944,1
200,1.183213775249421,0.03782888552173276,22.263505069804012,7.011343143327653E8,1.3390617923818733,3
200,1.0167432663699567,0.04171673044294589,28.33631557493116,8.819888529468895E8,1.245325225721236,1
200,1.018633283153259,0.04154853158967575,32.27873538170067,9.594881744443711E8,1.217335803843522,1
200,1.0388106386921212,0.040388751463981236,28.377417324398568,8.523841975028737E8,1.2537130799102874,1
