evolution$generation,alpha,beta,tsteps,popfit,indicsfit,evolution$samples
100,1.4677332964815903,0.07866752245096481,30.863414956200227,7.526371616902587E12,0.9664443245325427,3
100,0.8593376757388239,0.05871053635478929,94.05467478238609,5.928128650328093E12,0.6807919219849587,1
100,1.0842287629450111,0.054577604860881146,94.62851930156398,6.350371448639182E12,0.604609783030944,2
100,1.4677332964815903,0.07866752245096481,100.0,6.508626348759072E12,0.4901433278839666,2
100,0.7690314864321508,0.04987467710470849,94.58652498470846,5.837288334937928E12,0.80657545451695,1
100,1.5566864738737152,0.07832162198097951,99.95546822331328,6.606037382915115E12,0.4883830156589882,1
100,0.2977083673663211,0.05068944716887354,100.0,5.1162828145886875E12,3.202957706823952,1
100,0.7797075710375079,0.049792553941985576,94.7657891651115,5.858166553235932E12,0.7768449293285208,2
100,1.2037416362079354,0.08542700022909519,97.07918094270416,6.166578825216175E12,0.5300022920354444,1
100,0.0,0.1,83.53911620443317,4.9744024255941045E12,3.687375279961739,1
100,1.4678250619040494,0.08019519503631914,100.0,6.489911693717622E12,0.4886339303699815,1
100,0.934416384728396,0.07418166580146156,83.97370394323687,5.983730713071928E12,0.6335913132301942,2
100,0.33016288412693273,0.05129772630764665,100.0,5.131409086812988E12,3.103173421328869,1
100,0.3681052466289958,0.05332032995220681,100.0,5.149468543398971E12,2.972679808246647,1
