evolution$generation,alpha,beta,tsteps,popfit,indicsfit,evolution$samples
400,4.646592788346425,0.0824288962050813,33.78686235668798,3.0999347309763813E8,2.13854749154523,6
