evolution$generation,alpha,beta,tsteps,popfit,indicsfit,evolution$samples
100,1.2332505031715013,0.07434897267685976,29.05153124749694,4.3403298825406E9,0.7472222425885908,4
100,7.718142597681583,0.08648084221939285,94.69245702298488,6.829084009189968E9,0.605480860036856,2
100,0.9468287912651685,0.009927748330291775,81.60999404848644,1.552284656241517E9,1.1395343797648811,3
100,1.4615934656891216,0.017806948273559976,37.50029493973465,8.819044167713716E8,1.3836770446225597,1
100,0.8899182908549919,0.008852101476143903,15.96067313679225,5.236040898862177E8,1.6694601434194942,2
100,0.49685747084063503,0.01723525816208398,79.18897670162525,3.783863826031336E9,1.0413147803033553,1
100,1.2332505031715013,0.07434897267685976,29.051535831240955,4.335955372650847E9,0.7472002207190354,1
100,0.9600676571153849,0.06247452906249219,83.60116335612689,8.293263642947344E9,0.4302415436716033,3
100,4.298020371371773,0.09983214164640825,100.0,7.824114904537201E9,0.35925197230750017,2
100,2.5260895889756076,0.06324903883786405,91.93470857994468,6.818515982048715E9,0.4596784188849591,1
100,2.462367514575101,0.06299971246485803,72.8861123849719,5.857620772730136E9,0.5703447519508352,1
100,1.0197935904587112,0.008380474352430216,81.59134057955795,1.1352635819735994E9,1.226884424934715,1
100,1.256987624193541,0.07506823674146129,28.158564590084936,4.2166850442170053E9,0.7591873072927,1
100,1.947753267206331,0.07764360604447951,84.8314162503559,7.972677998204304E9,0.35652975546973587,1
100,1.4215072516803227,0.0782036586369428,31.386644174999315,4.575712183513934E9,0.7168989075500599,1
100,1.2194000191622674,0.08024853219661914,24.508228697639233,4.0183261369608326E9,0.7811393161877611,1
