evolution$generation,alpha,beta,tsteps,popfit,indicsfit,evolution$samples
300,4.373364979591397,0.0534670908309236,88.89841500435321,4.3474525442224324E7,1.4927142912287112,4
300,0.6926378761835816,0.029936943972363395,84.60705514082414,4.3474525442224324E7,1.4927142912287112,4
300,7.0479041942624745,0.040353351766872096,1.0,4.3474525442224324E7,1.4927142912287112,4
300,1.6582161958867812,0.030392269751526993,87.39399171746706,4.3474525442224324E7,1.4927142912287112,4
300,7.028539883073588,0.0732346317845926,11.722235937666817,4.3474525442224324E7,1.4927142912287112,4
