evolution$generation,alpha,beta,tsteps,popfit,indicsfit,evolution$samples
500,0.6926378761835816,0.029936943972363395,84.60705514082414,4.3474525442224324E7,1.4927142912287112,6
