evolution$generation,alpha,beta,tsteps,popfit,indicsfit,evolution$samples
700,4.373364979591397,0.0534670908309236,88.89841500435321,4.3474525442224324E7,1.4927142912287112,7
700,8.566693898680978,0.07807951436228583,5.191716826386607,4.3474525442224324E7,1.4927142912287112,7
