evolution$generation,alpha,beta,tsteps,popfit,indicsfit,evolution$samples
600,8.566693898680978,0.07807951436228583,5.191716826386607,4.3474525442224324E7,1.4927142912287112,6
600,0.6926378761835816,0.029936943972363395,84.60705514082414,4.3474525442224324E7,1.4927142912287112,6
600,4.373364979591397,0.0534670908309236,88.89841500435321,4.3474525442224324E7,1.4927142912287112,6
