evolution$generation,alpha,beta,tsteps,popfit,indicsfit,evolution$samples
800,2.5290877560932246,0.06460683397087418,33.01220618368248,4.3474525442224324E7,1.4927142912287112,7
800,4.373364979591397,0.0534670908309236,88.89841500435321,4.3474525442224324E7,1.4927142912287112,7
800,8.566693898680978,0.07807951436228583,5.191716826386607,4.3474525442224324E7,1.4927142912287112,7
800,1.6582161958867812,0.030392269751526993,87.39399171746706,4.3474525442224324E7,1.4927142912287112,7
800,3.379885566005779,0.08603669969050708,4.861093240701845,4.3474525442224324E7,1.4927142912287112,7
