evolution$generation,alpha,beta,tsteps,popfit,indicsfit,evolution$samples
900,3.379885566005779,0.08603669969050708,4.861093240701845,4.3474525442224324E7,1.4927142912287112,8
900,2.5290877560932246,0.06460683397087418,33.01220618368248,4.3474525442224324E7,1.4927142912287112,8
