evolution$generation,alpha,beta,tsteps,popfit,indicsfit,evolution$samples
900,6.171187407711312,0.08002231062217252,37.79271969820331,3.1152567675856466E9,2.161013082823082,9
900,0.6368737692772464,0.08861819876241372,68.31569828103207,3.1152567675856466E9,2.161013082823082,9
900,6.213227955234242,0.07733002115251486,40.23173092544493,3.1152567675856466E9,2.161013082823082,9
900,0.0,0.1,67.10179843724059,3.1152567675856466E9,2.161013082823082,9
