evolution$generation,alpha,beta,tsteps,popfit,indicsfit,evolution$samples
1000,0.0,0.1,67.10179843724059,3.1152567675856466E9,2.161013082823082,10
1000,6.171187407711312,0.08002231062217252,37.79271969820331,3.1152567675856466E9,2.161013082823082,10
