evolution$generation,alpha,beta,tsteps,popfit,indicsfit,evolution$samples
100,1.2454242795307935,0.025343533763359738,98.72619115517396,5.448638500163341E9,1.2353087616774479,3
100,0.991173044534559,0.04375003421936474,88.50913299043874,2.502656159671288E9,0.5803164387619595,2
100,0.1131120075657388,0.07129284141234198,75.08091442729723,1.2349178651096246E9,1.8962155781368069,3
100,0.7658736344040451,0.05692010935659032,76.30506162089335,1.3797434655816345E9,0.3208795557493933,1
100,0.6379210260320323,0.01388658780476331,100.0,9.901444733530173E8,0.6344424679084304,1
100,0.7112278666691465,0.09524033373915447,100.0,1.2953967715771847E9,0.3356388146168473,1
