evolution$generation,alpha,beta,tsteps,popfit,indicsfit,evolution$samples
800,7.543418118274178,0.08294832406766504,1.0,4.583816414318587E7,0.8919053908317911,8
