evolution$generation,alpha,beta,tsteps,popfit,indicsfit,evolution$samples
300,9.051220358437932,0.0823976608287467,41.07088536898897,4.583816414318587E7,0.8919053908317911,5
