evolution$generation,alpha,beta,tsteps,popfit,indicsfit,evolution$samples
500,9.232168688020044,0.09119805562382505,40.19237295956424,7.857795722512908E8,1.3538653718745752,7
