evolution$generation,alpha,beta,tsteps,popfit,indicsfit,evolution$samples
100,9.365462747017908,0.00860997790741469,82.92714648725097,8.864780640707155E9,0.554228910407281,3
100,0.29114688655139,0.0025192277456311364,68.0805545697468,6.614842070734245E8,1.0272100906881447,1
100,0.36375200074514114,0.059862004342193735,15.183180717674944,1.6286577051653124E10,0.39135560230063604,2
100,7.091178915411611,0.05793542041661126,8.384036325585935,4.2003705140829015E9,0.694808082987926,1
100,1.2810030147297669,0.09618515212735523,97.92150949229602,2.4026302993853298E8,1.2363811420302662,2
100,9.35363183959344,0.007069307460110694,82.98469186799,6.222051482898627E9,0.6698471279116305,2
100,9.513475340875374,0.008439892353957356,81.35582483048263,8.29136341733652E9,0.5796121132637142,3
100,6.994028907420486,0.04836779939094383,7.098765070577414,2.0666670815766122E9,0.8812020683048376,1
100,0.0,0.05797019493897071,63.34907741029528,1.2735743096531422E8,1.243010229648309,1
100,1.107216267241762,0.0,83.62176072146092,8202641.155300195,1.2498522851368072,2
100,9.948474706085467,0.00759625560383469,82.52296444700522,7.089425525073245E9,0.6369525239504262,1
100,1.1135223825974652,0.001709320447715339,83.54151715235406,3.381237997672433E8,1.116061990935476,1
100,1.303822272527662,0.09506461006521108,98.17268719209248,2.3630589394289166E8,1.2387860987412807,2
100,6.212080318305409,0.04841652429088893,6.729115262625775,1.7096923167432795E9,0.8914417126457298,2
100,0.6504391412373625,0.06078521293316255,1.0,2.143002635996654E8,1.158490718938054,1
100,0.35257192783601127,0.054712096561707974,17.718245097391204,1.7465786251048325E10,0.38278148943505896,1
100,5.945801022262746,0.04725088018044165,7.489260679251662,2.1717574736044517E9,0.8315684777886684,1
100,8.971315920935615,0.009373369662617627,86.78597049110002,1.081576682090357E10,0.4705911944695726,1
100,0.0,0.08490605814011586,100.0,2.036090375102824E8,1.207322768244244,1
100,7.487765885588733,0.05542625594176608,9.773410795859807,5.386113614506508E9,0.6380781806461003,1
100,9.822271711257143,0.008805589186838485,83.60333574674715,9.352622876585499E9,0.542356930947645,1
