evolution$generation,alpha,beta,tsteps,popfit,indicsfit,evolution$samples
300,3.4622911034213932,0.028587120810821733,83.2716937109998,1.7540640267942327E8,1.2201973791189236,4
300,7.109053671260539,0.003446284505372993,12.329847435672196,1.7540640267942327E8,1.2201973791189236,4
300,7.001198116296178,0.0017802764166579461,7.727032542725267,1.7540640267942327E8,1.2201973791189236,4
