evolution$generation,alpha,beta,tsteps,popfit,indicsfit,evolution$samples
100,3.4622911034213932,0.028587120810821733,83.2716937109998,1.7540640267942327E8,1.2201973791189236,4
