evolution$generation,alpha,beta,tsteps,popfit,indicsfit,evolution$samples
800,8.923652014800773,0.038921455050665604,3.3916954372918298,1.7540640267942327E8,1.2201973791189236,8
