evolution$generation,alpha,beta,tsteps,popfit,indicsfit,evolution$samples
100,2.9426430376320134,0.04497565885198558,38.34440546127636,1.4762460101951834E11,4.109552640490612,3
100,0.8773610512073668,0.08501531517110297,68.69744073600624,1.901533515650791E10,0.6403207153842367,2
100,9.12486614534433,0.09692431013440966,4.553902749686706,4.6447144149817065E11,5.743365271192703,4
100,0.6087189948625586,0.08491959371918792,100.0,1.8559828522907726E10,0.09015039216301714,1
100,0.0,0.08425734228382926,70.39913494024573,1.8177722755028732E10,0.4403631849474567,1
