evolution$generation,alpha,beta,tsteps,popfit,indicsfit,evolution$samples
100,0.39589546899893024,0.09588054327074487,89.81919010562967,1.00703899982338E8,0.287502033111867,3
100,8.031431653154081,0.08883319811008705,75.19128903183066,9.52888747100278E7,0.2940414107894839,3
100,6.765215655229319,0.08943232788708143,78.90361387232319,9.572760579578264E7,0.2935689935541604,3
100,0.7629454059258656,0.0023213627318508403,98.54339750720075,5.331857940965E7,0.20323167351704302,2
100,1.2676300247224082,0.021043601221649035,62.03228017002689,5.830488186604309E8,0.15215661411255627,4
100,2.8012246555954956,0.04498197269136153,69.55048894749359,1.4992521173696496E9,0.14969307610930263,1
100,5.816296801882767,0.08925418457790524,73.77866756416562,9.537821427337383E7,0.2936579652248648,3
100,1.3416209700132233,0.019677915174427588,58.23544715556709,4.9306102285606897E8,0.15142678558140055,1
100,2.761105379973925,0.052219230009408694,74.36660572226477,1.7100272203864207E9,0.14640179037098325,1
100,1.3320419687962457,0.02060601815616381,66.8963631948969,6.224808016262792E8,0.15065892604367048,1
