evolution$generation,alpha,beta,tsteps,popfit,indicsfit,evolution$samples
100,2.3999742760380194,0.025219513438714737,76.84529775592048,4.04272295273521E11,3.075599862264138,2
100,9.071891034320501,0.055664619170179466,78.5301689754628,8.852934080660828E12,3.9999551274119156,3
100,1.8360443153689199,0.02121592270029491,31.71822311202569,8.371207546529991E10,3.1914255382411003,2
100,0.2803776275890991,0.07375850456751186,100.0,7.900853467648497E10,1.591561483319569,1
100,0.0,0.026020220988598814,43.17692873468055,4.351105183227519E10,1.9662072185607058,1
100,1.021461763316449,0.08182894400142399,79.24255323339327,6.0235369368970024E10,1.7044489532092122,1
