evolution$generation,alpha,beta,tsteps,popfit,indicsfit,evolution$samples
500,0.9476724940836418,0.0,78.97000967878496,6.85669088077724E8,0.11017600268548675,1
500,1.0505204574489482,0.043598169210700505,6.848525017997309,5.462343867058288E8,0.29305625125977014,1
500,2.372419548497752,0.03750708701864545,86.11955326323998,5.773560809957821E9,0.5621476027942524,5
500,2.35168481508699,0.037940865149224484,80.82776226613254,6.102324108772291E9,0.5463836316251607,8
500,0.8297000804811969,4.339964901351733E-4,74.43693107979212,6.26768546752346E8,0.19771356021237552,1
500,0.8318219233568187,3.5950043406304854E-4,71.94122949457488,6.33647977257826E8,0.2048908608601752,3
500,0.9312136454033404,0.001224420970956478,74.78956954552497,5.813078410468931E8,0.20697953335694533,1
500,0.8820678110717595,0.0,52.54687488437202,6.361677386816894E8,0.12393917444845516,1
500,0.8496607515157684,0.0,74.40583083880139,6.350590886181605E8,0.13701502159388498,1
500,0.8671619942940572,0.0,73.71691356960538,6.403370827895894E8,0.12648596254543182,2
500,0.9177404389495825,0.0,73.88221842725244,6.465976162690537E8,0.11152075527742618,1
500,0.8675306396800596,0.0,73.65150847133225,6.456458292992313E8,0.12335740185972935,2
500,0.8471798087991184,0.0,71.83956212411448,6.453782092874498E8,0.13672663224901624,4
