evolution$generation,alpha,beta,tsteps,popfit,indicsfit,evolution$samples
600,1.0505204574489482,0.043598169210700505,6.848525017997309,5.462343867058288E8,0.29305625125977014,1
600,9.364727870188188,0.051344072023229104,17.568336066242527,4.033902299079634E10,1.8130279998004781,9
600,0.9576493891177063,0.0,68.60799089282706,6.970427971597056E8,0.10777467607595936,1
600,2.35168481508699,0.037940865149224484,80.82776226613254,6.102324108772291E9,0.5463836316251607,8
600,0.7846798244792705,0.0,68.827155769832,6.663095755551703E8,0.1928802679917276,5
600,0.9101443670490589,0.0,74.65526037277775,6.480350173780386E8,0.11675418035852911,1
600,0.9309162877911186,0.001080574663373801,78.8330860440792,6.069162479358393E8,0.20187128516884387,2
600,0.9312136454033404,0.001224420970956478,74.78956954552497,5.813078410468931E8,0.20697953335694533,1
600,0.8297000804811969,4.339964901351733E-4,74.43693107979212,6.26768546752346E8,0.19771356021237552,1
600,0.9772345775907166,0.005424180974150037,79.2426544923451,5.835163107049029E8,0.42127589283514033,2
600,0.8820678110717595,0.0,52.54687488437202,6.361677386816894E8,0.12393917444845516,1
600,0.9177404389495825,0.0,73.88221842725244,6.528746290043699E8,0.11086776062928215,2
600,0.8318219233568187,3.5950043406304854E-4,71.94122949457488,6.33647977257826E8,0.2048908608601752,3
600,0.8675306396800596,0.0,73.65150847133225,6.456458292992313E8,0.12335740185972935,2
600,0.8496607515157684,0.0,74.40583083880139,6.350590886181605E8,0.13701502159388498,1
600,0.8820983810589007,0.0,73.40274663879092,6.479744927697964E8,0.11974734632986231,2
600,0.8677494914161105,0.0,50.85016204266035,6.396988878481236E8,0.1258020274678804,2
600,0.8471798087991184,0.0,71.83956212411448,6.453782092874498E8,0.13672663224901624,4
600,0.8815496467296281,0.0,73.34769267208502,6.390674270923525E8,0.12319489322172952,1
600,0.8847110896216361,0.0,54.05640697926717,6.445620774138144E8,0.12015323724423796,1
