evolution$generation,alpha,beta,tsteps,popfit,indicsfit,evolution$samples
100,9.609980625927424,0.06030394708048286,52.32964277273622,1.564837014177292E11,2.2914927041476267,6
100,1.4525361183844447,0.02922150011535551,37.13181546147717,4.116741294809011E9,0.7290769260438353,3
100,1.875104246421051,0.1,100.0,1.7698115166098213E10,0.3913560336215678,2
100,1.4676733287418697,0.03034637221030423,38.712917316896295,4.561243342702518E9,0.7140692586896826,1
100,1.109378076528075,0.02110602889337538,100.0,9.104634143622658E9,0.5140793764449945,1
