evolution$generation,alpha,beta,tsteps,popfit,indicsfit,evolution$samples
300,1.1054294662178,0.0868802213257633,4.827923679097938,7.510615178706573E7,0.7391261840982837,4
300,1.5769154938087648,0.03388479851537012,97.06875924554785,7.510615178706573E7,0.7391261840982837,4
300,1.713093923802918,0.014032686797222783,81.39748158894538,7.510615178706573E7,0.7391261840982837,4
300,1.6410499388050397,0.0,100.0,7.510615178706573E7,0.7391261840982837,4
