evolution$generation,alpha,beta,tsteps,popfit,indicsfit,evolution$samples
200,1.1054294662178,0.0868802213257633,4.827923679097938,7.510615178706573E7,0.7391261840982837,4
