evolution$generation,alpha,beta,tsteps,popfit,indicsfit,evolution$samples
1000,8.09870446526235,0.08779309349945702,80.73586847579539,7.510615178706573E7,0.7391261840982837,10
