evolution$generation,alpha,beta,tsteps,popfit,indicsfit,evolution$samples
600,5.774217017583241,0.054155910690592446,87.2726005344093,7.510615178706573E7,0.7391261840982837,7
