evolution$generation,alpha,beta,tsteps,popfit,indicsfit,evolution$samples
700,1.4407326666614302,0.02879912470302459,70.76034308214163,8.304428771514293E8,1.4846409903449886,6
700,0.16835378286330638,0.06340530336305127,67.35851136802921,8.304428771514293E8,1.4846409903449886,6
700,1.2811062751104942,0.0,48.30256003904181,8.304428771514293E8,1.4846409903449886,6
700,8.788792298854132,0.04383168344090407,9.926557892092205,8.304428771514293E8,1.4846409903449886,6
700,3.061900840050215,0.07183797414047825,74.93991154335947,8.304428771514293E8,1.4846409903449886,6
