evolution$generation,alpha,beta,tsteps,popfit,indicsfit,evolution$samples
100,1.6165591571065696,0.016589160620404563,79.61885406227046,2.109186242746108E9,1.4028738714271851,5
100,0.5101841975203891,0.020194442012486283,85.7049623182329,1.218097128202462E9,0.8055101208037954,4
100,1.7752100152303372,0.1,84.31140033159049,2.2031164381312633E9,0.4588353747751672,1
100,0.6253044672336784,0.007648748949912596,86.22448314120913,7.95081379885837E8,0.8391608598107709,1
