evolution$generation,alpha,beta,tsteps,popfit,indicsfit,evolution$samples
100,6.326508954764316,0.01978340606526563,12.777452193997767,2.7437700208493344E7,2.7421439325094834,3
100,6.8372819564990195,0.0014890322590945583,47.67242975666103,2.7437700208493344E7,2.7421439325094834,3
100,6.422812283381348,0.018990021299642917,13.861573780321189,2.7437700208493344E7,2.7421439325094834,3
100,4.292121328179645,0.05153433811758756,14.812125242276682,2.7437700208493344E7,2.7421439325094834,3
