evolution$generation,alpha,beta,tsteps,popfit,indicsfit,evolution$samples
900,6.8372819564990195,0.0014890322590945583,47.67242975666103,2.7437700208493344E7,2.7421439325094834,10
