evolution$generation,alpha,beta,tsteps,popfit,indicsfit,evolution$samples
200,9.10293690533699,0.07146200821955032,77.65569311586628,1.8587544355503993E9,1.2885106083599915,5
