evolution$generation,alpha,beta,tsteps,popfit,indicsfit,evolution$samples
600,8.563670781960507,0.02828905491127839,55.56140871270628,1.8587544355503993E9,1.2885106083599915,7
600,9.10293690533699,0.07146200821955032,77.65569311586628,1.8587544355503993E9,1.2885106083599915,7
600,8.735742934208513,0.0883938215789769,45.04420847393762,1.8587544355503993E9,1.2885106083599915,7
