evolution$generation,alpha,beta,tsteps,popfit,indicsfit,evolution$samples
500,9.10293690533699,0.07146200821955032,77.65569311586628,1.8587544355503993E9,1.2885106083599915,6
500,8.735742934208513,0.0883938215789769,45.04420847393762,1.8587544355503993E9,1.2885106083599915,6
500,10.0,0.067027079398893,30.34862015666643,1.8587544355503993E9,1.2885106083599915,6
