evolution$generation,alpha,beta,tsteps,popfit,indicsfit,evolution$samples
100,0.3983004708947435,0.03838885888060242,32.694071018103074,5.1405614014865595E8,0.6259167132922192,2
100,1.6769893293003846,0.07229768917500774,22.951309095810736,4.685148755591849E8,0.643317078088417,3
100,0.3983004708947435,0.03838885888060242,98.57450930306285,8.763585669820311E8,0.5395255931532588,1
100,1.5796395184773626,0.0861470372401198,22.922804818910095,5.315946002816824E8,0.5669915506631205,2
100,1.59406802332405,0.03527162138788708,11.482757994941077,2.7929254802452356E8,1.3612989246232814,2
100,0.4150171454713113,0.025314354029666853,32.7574451492852,3.8900077888118017E8,0.6697108491732907,1
100,0.12415454823253311,0.04695697847484979,1.0,2.9057044333700055E8,1.0745673104518079,1
100,0.39617289341105805,0.04063448264803056,32.01844958380832,5.238005063730724E8,0.622393949984358,1
100,0.39642601608970157,0.03761598182706342,32.001010230403296,4.995273265967524E8,0.6344384066194185,1
