evolution$generation,alpha,beta,tsteps,popfit,indicsfit,evolution$samples
200,8.21794820630507,0.06643758240282253,21.07838895153934,3.3787270042261547E10,4.084522264282045,4
