evolution$generation,alpha,beta,tsteps,popfit,indicsfit,evolution$samples
300,0.5182157635196115,0.04764093478318426,51.8490943593593,7.203524665561295E8,1.7483770359181647,5
300,0.7248516924090853,9.387545946506704E-4,17.951195832118522,7.203524665561295E8,1.7483770359181647,5
300,0.014449512469785208,0.05080416249201374,52.9519367494549,7.203524665561295E8,1.7483770359181647,5
