evolution$generation,alpha,beta,tsteps,popfit,indicsfit,evolution$samples
1000,2.830626212540048,0.04153904359988522,73.65597509635784,7.203524665561295E8,1.7483770359181647,8
1000,8.348505009051333,0.0818067639556938,94.86543207028114,7.203524665561295E8,1.7483770359181647,8
1000,5.559753608545601,0.1,84.70542427569178,7.203524665561295E8,1.7483770359181647,8
1000,7.738213403616825,0.027546990692563916,18.224000150346185,7.203524665561295E8,1.7483770359181647,8
