evolution$generation,alpha,beta,tsteps,popfit,indicsfit,evolution$samples
400,0.7248516924090853,9.387545946506704E-4,17.951195832118522,7.203524665561295E8,1.7483770359181647,5
400,0.014449512469785208,0.05080416249201374,52.9519367494549,7.203524665561295E8,1.7483770359181647,5
400,0.5182157635196115,0.04764093478318426,51.8490943593593,7.203524665561295E8,1.7483770359181647,5
400,3.13904657801202,0.05723761136101,1.0,7.203524665561295E8,1.7483770359181647,5
400,5.559753608545601,0.1,84.70542427569178,7.203524665561295E8,1.7483770359181647,5
