evolution$generation,alpha,beta,tsteps,popfit,indicsfit,evolution$samples
400,9.420543895325485,0.058581083804550606,95.65379461389439,5.268600939024992E9,1.7403710058442052,8
400,1.0100641303287934,0.1,69.0445281356726,8.061963915635208E8,0.20907934338481793,2
400,0.41544690081834657,0.0,94.82947441148609,4.4910484731890017E8,1.7417942713529073,1
400,10.0,0.0663116945964317,96.31701450168839,4.478717471131198E9,1.5584274541618162,5
400,1.926132406056746,0.1,100.0,9.953579303880377E8,0.253706429776893,3
400,0.2523116883959021,0.06634465853389064,75.30944151542089,9.269664837328285E8,1.0963817469563446,4
400,0.40481590981967913,9.557918792404112E-4,90.7244429959706,4.5506982184423196E8,1.5114562921911339,1
400,1.015890040796398,0.06464455531986392,72.60450263922864,7.753655251126257E8,0.24614447245681226,1
400,0.8832705200352232,0.06644078383271249,64.9995919786002,7.64899574933533E8,0.2650251854161377,1
400,0.3108596043065901,0.009977390019656036,99.98814874900023,6.310787011906774E8,1.239990774728386,3
400,0.5181103738956133,0.02261830676033222,99.89700591945487,7.136210433588219E8,0.6524137577950416,1
400,0.7059532540425153,0.04798411649572361,62.23673069130181,7.240849134359548E8,0.3688288281596112,1
400,0.5176996288712579,0.02274169649822588,99.89542611518192,7.141366109738877E8,0.6508264694371614,3
400,1.0041686451972136,0.06540615220579211,69.73120195766035,7.724287269688131E8,0.24988715433193381,2
400,0.42096659771236644,0.0,94.95080382100672,4.525194025742352E8,1.7120225591183758,2
400,0.33343982196596755,0.009359241303372241,100.0,6.117237648679954E8,1.2141694140881807,1
400,1.0136113173609176,0.06541055404575934,70.17951750644141,7.73501210968273E8,0.2495363603279416,1
400,0.8839487746472747,0.06629282720717103,65.86921638987387,7.655964232503622E8,0.26339882984404805,1
400,0.31135573799823846,0.009975147822531505,99.9881714868567,6.313571896800303E8,1.2416550209216997,4
400,0.9423629364764357,0.06555066562407606,67.65447300548983,7.668819333918225E8,0.25387360699984823,3
400,0.918151318591771,0.05521841279958453,80.77148560948503,7.663739847242013E8,0.2577558104896514,1
