evolution$generation,alpha,beta,tsteps,popfit,indicsfit,evolution$samples
200,1.8309460737743954,0.1,100.0,9.360930274500952E8,0.22391608571165691,1
200,0.31135573799823846,0.009975147822531505,99.9881714868567,6.317934427540878E8,1.242535813549787,1
200,9.420543895325485,0.058581083804550606,95.65379461389439,5.268601027324368E9,1.740375568062036,5
200,10.0,0.0663116945964317,96.31701450168839,4.478718355605541E9,1.558428891474063,4
200,0.9423629364764357,0.06555066562407606,67.65447300548983,7.677740755027668E8,0.25387360699984823,1
200,0.2523116883959021,0.06634465853389064,75.30944151542089,9.269664837328285E8,1.1001464179569358,2
200,0.07452255525990825,0.00906277917970817,100.0,6.984914622226015E8,1.6568664187591826,3
200,9.46411714136717,0.06912099493459026,100.0,4.0526591323100443E9,1.4606347197922276,3
