evolution$generation,alpha,beta,tsteps,popfit,indicsfit,evolution$samples
1000,1.0233175229420413,0.025512902027287118,45.30213195347761,1.5971168551118067E7,0.7055757579307612,9
1000,7.280652553844887,0.09666169576162272,75.71120155484965,1.5971168551118067E7,0.7055757579307612,9
