evolution$generation,alpha,beta,tsteps,popfit,indicsfit,evolution$samples
200,0.8626397816308251,0.08431636589896477,73.56711252510215,1.5971168551118067E7,0.7055757579307612,5
200,1.0233175229420413,0.025512902027287118,45.30213195347761,1.5971168551118067E7,0.7055757579307612,5
