evolution$generation,alpha,beta,tsteps,popfit,indicsfit,evolution$samples
100,4.962381955198119,0.08339422739185359,4.08523341456068,1.0177053149757743E8,1.0535056843435284,4
