evolution$generation,alpha,beta,tsteps,popfit,indicsfit,evolution$samples
200,0.34148231998045064,0.0666986734686689,2.695963923143993,2.175381504564948E8,1.2106564448320272,3
200,0.8604469570461214,0.06501620971398323,39.1594302470427,1.2224663802069535E9,0.8851351862780723,1
200,0.9439793355345438,0.05443126376569523,20.714341389586227,5.490350727628655E8,0.9660177187151877,4
200,0.9971440571602876,0.05392487990974148,26.760986913712035,7.001970368237576E8,0.9362643138414872,1
200,0.7536080333948705,0.055410016155976766,37.03597848435635,1.0203918840490807E9,0.9250956608922476,1
200,1.3217738259652707,0.05904783304679241,14.580955701438134,4.2815317506315464E8,1.0106441828946884,1
200,0.7466059216824578,0.05506019228367325,37.020484066481174,1.0075602091267002E9,0.9266750348734639,1
200,0.7106156548635802,0.05947111921519386,4.813124136639554,2.317427938050531E8,1.15923653760296,1
200,0.9611365293625712,0.060504157771156634,23.1298879559831,6.852258622593222E8,0.9397957182152225,1
200,0.8924100637744126,0.05488001760069945,21.58418833072517,5.6867809969606E8,0.964303163666769,1
200,1.1561369225895444,0.051282542012592316,26.125195555820163,6.492108962041789E8,0.9435589173800476,1
200,0.9350966048028032,0.05994868240895156,21.310374731396102,6.242605877250475E8,0.9519018224967987,1
200,1.3982018622092884,0.01082994455755576,66.35407027071386,3.6204496043027365E8,1.050104272395871,1
200,1.0189991071336801,0.05895251226076842,21.1549261382506,6.002610358504571E8,0.9538791450996781,1
200,0.9525365969811888,0.06045817490152399,21.031279182725925,6.127007654947766E8,0.9530863623142101,1
200,0.836270859984225,0.05663887329986738,16.306227566923035,4.4790404696174556E8,0.9942213103149218,3
200,1.0700132639211934,0.011588586859902677,66.60139587802676,3.648126335149151E8,1.0269885469003404,1
200,0.9383426741136256,0.06073637391542023,21.43256294132526,6.314734667519062E8,0.9503762933673309,1
200,0.9094063448199264,0.05994065109891189,21.01485997742957,6.107896974726743E8,0.9554105503138595,2
