evolution$generation,alpha,beta,tsteps,popfit,indicsfit,evolution$samples
200,2.4936651694725365,0.02969750338149524,69.49388367110559,2.110183191688464E10,2.748415794288728,5
200,0.24972653857707966,0.0,44.34295242693582,5.736646164358237E8,2.2473530010279226,1
200,1.5904848404361553,0.04377279572057446,95.40856437076035,1.515527501657563E9,0.6412090179643298,1
200,1.2733812141221867,0.060318654119141314,12.975850917131588,6.579008972147458E8,1.0343326767305163,1
200,0.9955209937055421,0.0367130791382795,87.33952979990771,1.3054277185651052E9,0.6888000078618116,1
200,1.0553366223147864,0.07517451027531225,28.005815222577162,9.85426637589923E8,0.7026489123754079,3
200,1.3030874610561343,0.060543376588953084,13.337256280466955,7.290491958455828E8,1.0240621433029475,1
200,1.409515118075661,0.09931540686602225,11.771860480023806,8.365580353315696E8,0.9040475040503972,2
200,1.310688679805521,0.06031394062712869,13.334024872301592,7.352317900127027E8,1.029852766619992,2
200,1.0720306599557665,0.07391083084897658,23.07305772026305,8.75240457606341E8,0.7308734026623667,1
200,1.457509006700807,0.1,11.593801364302088,7.581892655594462E8,0.9402477995807266,1
200,1.1286185536908413,0.04143411653153977,100.0,1.5230676097341037E9,0.654085446586345,2
200,1.3475740630526045,0.0603195067771175,13.338690533558191,7.613900366767553E8,1.0438077814157356,3
