evolution$generation,alpha,beta,tsteps,popfit,indicsfit,evolution$samples
200,0.3808430174704846,0.0,4.29527145101204,1.1465398838257606E8,1.379124627356149,1
200,9.577202494776675,0.09561779577648484,64.928003097346,2.2876017961510867E8,3.477027090374487,5
200,0.4438012084285483,0.025823254529255477,71.23048610890159,7.504823705078622E8,0.7875369905085646,1
200,0.3342438039802179,0.022121873022309366,32.73120815186442,3.7951337152917886E8,0.951968663543952,1
200,0.3310507015180453,0.02206757347294412,32.72128730900705,3.799103804326196E8,0.9580376923428853,4
200,0.0,0.1,1.0,2.3872161961343586E8,1.481250193723146,2
200,1.627109546140629,0.019056002457031464,16.84328419743001,2.186284526634682E8,2.6495941590758663,2
200,1.7405408609740647,0.07257878475971645,84.75387520125439,2.277999032164883E8,3.551056041720888,4
200,10.0,0.08789581113976115,96.22786387034458,2.2834753462307408E8,3.500409654007044,3
200,1.7956693216136186,0.07393837355160303,85.6857334322713,2.2817409683684748E8,3.545306300541512,4
