evolution$generation,alpha,beta,tsteps,popfit,indicsfit,evolution$samples
100,1.3220953032999816,0.08715181906837233,10.557258092663497,1.31904887963639E10,1.4196581143093625,4
100,1.063397849934793,0.09042587460932094,96.62012931886439,1.496535210613777E10,0.1635828479965082,3
100,0.06582735090321717,0.09904691404936611,17.408192385313388,8.2600136668439455E9,0.7364644120009095,1
100,1.4413774139427094,0.09097585771085784,98.22798102077286,1.5166053732204424E10,0.10865066331403479,2
100,0.08195870977177758,0.09907899278265236,6.749109672290575,5.790515521548145E9,0.8479210219709681,2
100,1.4411255809330128,0.07737257170563971,98.3244826181667,1.3935289049619457E10,0.10191744144328263,1
100,1.427538749804489,0.07713586132967065,96.31895014168278,1.3773078953265682E10,0.10248665725981085,1
100,0.0,0.0769821099523562,17.147205691964878,8.17171998978739E9,0.8356207726312491,1
