evolution$generation,alpha,beta,tsteps,popfit,indicsfit,evolution$samples
300,1.4697032054855863,0.03515228931487207,24.3035625516734,1.6327852235015026E10,3.0861418331317543,7
300,0.6939093486092132,0.06318480395315816,46.29913100162125,1.5244898894785234E10,0.35995775985240513,1
300,0.21389637335768913,0.030373507625419932,31.370501553148642,9.288399520085897E9,1.4571827459903537,1
300,4.737782905201632,0.06680047578438363,33.741742473992005,5.0070505345044365E10,2.4263517229903275,5
300,0.0,0.03515228931487207,24.303562551673405,1.093319410661496E10,1.24972194678439,2
300,0.0,0.03360068767522256,34.58179945917841,1.3298004808995546E10,1.119381904186253,1
300,0.0,0.03245606723292905,39.28996990103179,1.4137762055215115E10,1.0964881989503903,1
300,0.0,0.03038382649973543,36.10598155236209,1.2776925873359015E10,1.137206431799526,1
300,0.0,0.030354553862318664,36.20020579062602,1.2776857767220026E10,1.1377264418007433,1
300,0.0,0.03386906086835919,39.24600330890234,1.4570896390978271E10,1.0914026257026104,1
300,0.676542091431897,0.06187233919273936,45.61357124507727,1.4962274876025696E10,0.37044094638679775,1
300,0.0,0.03296752017461646,21.693762095190408,1.001223653433754E10,1.359759505151452,2
300,0.0,0.02446130354888683,32.28392698686838,1.0449300605044058E10,1.2993913409981142,4
300,0.013938798259888623,0.0505473993799795,36.20140554080355,1.193747680259213E10,1.1607646300028334,1
300,0.3866181489420723,0.06203866634874845,42.94863717449568,1.4809661613836758E10,0.7119620435615488,1
300,0.20186966090622505,0.03125379728423685,37.32600849280499,9.460340889815508E9,1.3130667251649806,1
300,1.4420059563239043,0.05660400711692363,42.28878472677669,1.5177845469133095E10,1.2102703557040961,3
300,0.23355954010153768,0.030487406540502273,31.293227781288934,9.29158477172548E9,1.4365323254859865,2
300,0.20481878588096772,0.0320381992681768,37.37429443962361,9.52500721403432E9,1.2920769704556168,1
