evolution$generation,alpha,beta,tsteps,popfit,indicsfit,evolution$samples
100,1.3036048450627602,0.08398468484951643,14.001865298940237,1.961800300952424E10,0.9195025883189389,3
100,2.0841695458370713,0.059847912890023426,77.21872843908169,3.015433529568781E10,0.16812406347357045,3
100,1.005230976777849,0.09427592683510883,53.797860955788344,3.049333128688173E10,0.06086597642301857,2
100,1.005230976777849,0.1,53.797860955788344,3.1067401891543625E10,0.05949333070487931,2
100,1.009176255363049,0.09379832662203208,52.065062313064296,3.005602746733469E10,0.06393760051284021,1
100,0.7711852075440468,0.1,18.040003268243257,2.120649470560778E10,0.2333401186337047,1
100,1.1006119639498004,0.08272824145340753,15.819337187801947,1.8411706257444283E10,0.7306327391284136,2
100,0.9688152574009751,0.08259399277241627,12.414651741882851,1.6913346088016178E10,0.8935358412845682,2
100,0.83492866340737,0.09957814950903128,15.27938069493411,1.9759961706972378E10,0.39188394895175627,1
100,0.9915087946083999,0.09842974086826199,54.258593728777925,3.097718398542192E10,0.058803680466280296,1
100,0.713527301548371,0.0861230590169644,13.504696558742625,1.7875190619808445E10,0.40443291163084755,1
