evolution$generation,alpha,beta,tsteps,popfit,indicsfit,evolution$samples
100,0.9459690367689798,0.06560309609906774,100.0,1.1552216010099535E9,0.1729753078660258,1
100,0.6084584634181751,0.07206916420268739,7.56374926728085,3.3999999294944626E8,0.4931560260009961,1
100,1.0673000180795198,0.06634168210540511,26.22125888028472,6.330044081175208E8,0.3477392286783001,1
100,0.0,0.021186676510741867,83.50768574162583,1.1095021442824607E9,1.1205358320813055,2
100,0.698051075187527,0.07008833859789158,26.604951814782986,7.176885342762716E8,0.27957961651469,1
100,1.4475124832040427,0.06404882447325204,97.81617314416049,1.129502892897039E9,0.1849218127542424,1
100,1.5354580208109785,0.0639160267234216,97.81932291630062,1.135811537088751E9,0.19477412312546294,4
