evolution$generation,alpha,beta,tsteps,popfit,indicsfit,evolution$samples
500,7.526208672394525,0.08325031907545409,10.30936847794424,1.637984758791405E9,2.971362269126954,7
