evolution$generation,alpha,beta,tsteps,popfit,indicsfit,evolution$samples
100,4.9310513417614015,0.09810741105467802,87.75680893460094,1.2153933783446407E9,1.9839684780006723,4
100,8.27877738865223,0.08783455875266469,93.42013802203444,1.2080002302385592E9,2.0133569582078454,4
100,0.7878980026543858,0.06537580997589228,19.313663944144,2.407948736228568E9,1.0188554395925493,2
100,0.1101289092144464,0.01935789822356151,39.088043310042245,2.1226925985609288E9,1.449800105286036,2
100,1.2070670141280093,0.09153062234093223,61.53038708869849,6.97917919501676E9,0.7529337468237373,3
100,1.5490604296528931,0.0937188982824226,73.32003153700641,7.567285337143561E9,0.6970980173792594,1
100,8.27877738865223,0.0878345587526647,93.42013802203445,1.2082261526054626E9,2.013304212105138,1
100,1.3798675521217754,0.08797457103974111,47.29830646535681,5.55904947142746E9,0.7584485865519575,1
100,0.7895530247145978,0.06537580997589229,19.317857688274067,2.4102583659111986E9,1.0188040676242835,1
100,3.3503790338079864,0.09805557562258692,87.95318019466421,1.214158980900806E9,1.9837108906509093,1
100,0.30174923323125963,0.01941752692033745,37.673868361664326,1.814176765711655E9,1.3171997038556358,1
100,4.4699204648973705,0.09864523723805498,86.69644828178564,1.2151040483539243E9,1.982382767974237,1
100,1.749987906508621,0.08748868113970087,54.41286635171425,6.033914227732621E9,0.7414305353585258,1
100,3.835359509020042,0.1,83.25469837669017,1.2157150273286083E9,1.9786617988427722,2
100,4.313775046324718,0.1,95.61549446112376,1.2190249168065646E9,1.978579642380111,1
100,5.364322569027476,0.09458497280809512,88.27588533646009,1.211060766944385E9,1.9936166884115762,1
100,1.0598112842773675,0.06599891548959572,16.882491367867388,1.990061952443855E9,1.0680927462740466,1
100,1.386385884934145,0.04617757014925448,68.78274783927948,4.542837178197368E9,0.8092208306281113,1
100,4.081550351807321,0.09757521197275812,87.599169277819,1.2135452585392778E9,1.9851971703707783,1
100,1.453683281671182,0.08864814759765212,46.44288188116156,5.464606503050278E9,0.7602796172864955,1
100,3.2689829340471914,0.09789830493801331,87.36257789668007,1.2140065853612173E9,1.984085597297857,1
100,5.169370706706173,0.09542672869155538,87.95598768508125,1.211954934949605E9,1.9913170835720266,1
100,1.3583691263594435,0.08839778921363345,45.16591145004249,5.419005277133003E9,0.7661081045911039,1
