evolution$generation,alpha,beta,tsteps,popfit,indicsfit,evolution$samples
400,1.0620580442836316,0.011860084883014602,57.86426199852885,1.6071741727363876E8,0.37267260332446644,6
