evolution$generation,alpha,beta,tsteps,popfit,indicsfit,evolution$samples
500,1.426817008259178,0.024849064528943244,39.16643996233725,1.6071741727363876E8,0.37267260332446644,6
500,1.0620580442836316,0.011860084883014602,57.86426199852885,1.6071741727363876E8,0.37267260332446644,6
