evolution$generation,alpha,beta,tsteps,popfit,indicsfit,evolution$samples
1000,2.7783017040673363,0.06897279998833199,39.162920428549576,1.6071741727363876E8,0.37267260332446644,10
