evolution$generation,alpha,beta,tsteps,popfit,indicsfit,evolution$samples
100,2.761148388475656,0.0710458547377667,42.82889542138975,3.9919732859436502E9,0.7888812122670229,3
100,1.8873239586077895,0.034622341313536524,14.62305524402358,7.293465738471903E8,0.9924092252945796,2
100,1.7081158633394078,0.016977623779642383,33.4427394354657,6.778458569168053E8,0.9461264870669458,1
100,1.702416057259883,0.030214393917771493,20.3534205652433,7.457594668776308E8,0.9223190514777856,1
100,1.1954708184590233,0.1,28.203121964120353,3.0250273850818844E9,0.6019501863073491,1
100,1.7154752758079759,0.01700917124627194,33.61617215233656,7.11085610474167E8,0.9411909332848283,1
100,1.4485770627226067,0.0991498366682045,76.2259266199937,4.33029782478684E9,0.5196481553634266,1
100,1.5362292662016603,0.04129948585266014,18.740681828845833,9.493556573699843E8,0.8453487821943543,1
