evolution$generation,alpha,beta,tsteps,popfit,indicsfit,evolution$samples
200,1.0105223779335692,0.06435905152286515,67.9219178065302,5.182055969110369E10,0.6646924468625681,4
200,0.6967132062978332,0.06182068414442659,1.5415745100126346,4.760112111182109E9,1.163594000740491,1
200,9.486839763059567,0.03593659132924747,74.01967627265469,1.0520069254023751E12,3.0157268697738258,5
200,1.3146919752139608,0.027931849075683357,21.68139984138557,6.519702773792103E9,1.0802550357054517,1
200,0.825435928240835,0.04224884265796682,40.76262126541667,3.370441250550356E10,0.8003365462949731,1
200,1.0584898802680476,0.06542254699735116,55.39859675180379,4.703174443311103E10,0.689478061644907,1
200,1.0189801061465253,0.023407990387783306,30.292145966337895,1.1262978456040344E10,0.9578820477560143,1
200,1.1524928081979295,0.028194860141007583,26.57282654114571,1.0207057136529663E10,0.9789899373779524,3
200,0.7152503736659388,0.02054353880620144,6.934280456893313,6.244890865086422E9,1.1533602351930163,1
200,0.9831763464726564,0.029911596401958923,28.406352201340237,1.4770015746145473E10,0.9140034672186305,1
200,1.071580773535684,0.04398625592206602,33.12542070808086,2.492400953412443E10,0.8224060301024124,1
200,1.0591559562737847,0.05422461769438955,14.258273849383674,1.2430983659399422E10,0.9393546196817095,2
200,0.9669538303572495,0.029505465007042854,31.563927644411496,1.666320106584748E10,0.8949514830400225,2
200,0.8506261792109705,0.02501546245225561,36.51005310352068,1.879410458115672E10,0.8921440976292895,2
200,0.9107025881046805,0.02984829452203125,35.198787781379345,2.025801213648713E10,0.8665510407180889,1
200,0.8517920348765795,0.04368247199565629,32.38756839509625,2.826831495275901E10,0.8220061283157294,2
200,0.9903667437666344,0.03007929668330339,30.146029593427127,1.5868154106685854E10,0.9007753619058463,1
200,0.9841022981097833,0.030185728667505775,30.37478549333412,1.6142045947588242E10,0.8985925301871469,1
200,1.2917913066591895,0.06487466078098801,57.904757595956355,4.574234945818919E10,0.7048840664536326,2
200,0.9078823008772428,0.027770055555256315,36.03479849013262,1.936003988551748E10,0.8745332443794496,2
200,0.9627004600223965,0.029047872822940957,36.05430450668133,1.9164479185058784E10,0.8700824707767868,1
200,1.127084678710359,0.04397533420896881,32.2361629622683,2.3414597736395794E10,0.8357580278973729,1
