evolution$generation,beta,alpha,growthRate,population,diffusionSteps,width,hwRatio,moran,distance,entropy,slope,evolution$samples
8,0.3065557818468607,3.617435512604926,79374.72145001001,2.7314927444561407E7,4.924310670950622,64.11367920379332,1.6959586170606125,0.2960930643604112,0.49154111086392843,0.8964544851299282,-1.8188261223108857,1
8,0.29476680997014526,1.1937006644879464,61129.91579651546,3874051.3486714433,3.9532472058951393,95.60960637807709,2.7162008523615584,0.1216843581422739,1.0409884282818036,0.9935327789121882,-0.2789948052985678,1
8,0.30000534137886464,1.3687701319059544,55585.94025231055,1.317332388497256E7,2.998922857196904,129.0635082551726,0.673772961684004,0.2286135205676966,0.7908317210166347,0.9810893866419166,-0.5907903211257708,1
8,0.24422125573261322,0.8631912752621212,81698.05005915365,4.6701829609719954E7,4.179175160835956,230.65835093863464,1.7078796595250592,0.16316917541191256,0.8849787186143281,0.9920989548820817,-0.34008930641256,1
8,0.29555384298251575,1.2140958999045077,58392.92969805923,1.7193847881163217E7,2.687329533762151,154.46682106340506,0.6153323143247136,0.20511952338118677,0.8296868560304467,0.9847397689537076,-0.5093863102220711,1
8,0.18158425595542205,0.046464026938759596,49322.6155938472,5.567613234680837E7,4.437109343287375,240.34574702810184,2.307305236562494,0.1361395833354685,0.9832034977744554,0.9947676792200035,-0.24945908568869313,1
