evolution$generation,beta,alpha,growthRate,population,diffusionSteps,width,hwRatio,moran,distance,entropy,slope,evolution$samples
1,0.24422125573261322,0.8631912752621212,81698.05005915365,4.6701829609719954E7,4.179175160835956,230.65835093863464,1.7078796595250592,0.16316917541191256,0.8849787186143281,0.9920989548820817,-0.34008930641256,1
