evolution$generation,alpha,beta,tsteps,popfit,indicsfit,evolution$samples
100,7.405906076228077,0.08740668701979085,92.74799779749695,3.471906774664825E10,3.2341290003190655,5
100,0.26012657900114533,0.044480160443060385,31.71451118083148,9.314086716727386E8,1.6525041214508587,4
100,1.0224141114285623,0.09989130037861925,64.59179236530935,2.259012430521362E9,1.237816822666139,1
100,0.24595305054555316,0.04444576919506622,31.095548697780174,9.187664646914152E8,1.6845868296032422,1
100,0.1837110516585895,0.038357890810539516,28.57257856722102,8.531091277318021E8,1.8492341314527059,1
100,0.25603710209431063,0.044500495156152196,32.13699747545307,9.223744018820779E8,1.6614066188739955,1
100,0.38488172458730896,0.04648182781541249,35.85734115510585,9.752785742571787E8,1.2800389580707523,1
100,0.03208816287602234,0.002699327442519923,25.076273488808905,5.718132585900207E8,2.4249446707431397,1
100,1.2747416828064084,0.1,100.0,2.962613095981422E9,1.0339050467978348,1
