evolution$generation,alpha,beta,tsteps,popfit,indicsfit,evolution$samples
100,1.6241484053316024,0.0657430804684285,13.354068866631824,3.6180934105093956E8,1.0759759211090547,4
