evolution$generation,alpha,beta,tsteps,popfit,indicsfit,evolution$samples
100,1.2707658125913412,0.06853947821031828,49.49105158019017,1.3649364549544682E10,2.5060295085666118,4
100,1.4147392169510242,0.014631201031237606,90.878152009868,6.782109150546553E10,1.37047368644611,3
100,0.654365835808177,0.06923275407251094,48.44011291043696,1.3638917102140408E10,2.49795259302138,3
100,0.0,0.08625253816507025,28.35168726019583,1.3881057102870655E10,1.734718705226035,4
100,0.06673424085525291,0.013648448206291254,1.0,1.2407958093251581E10,1.788418638220647,1
100,0.4865265619442077,0.05534476179121556,14.71797537011947,3.761823269864929E10,1.2425214175669401,1
