evolution$generation,alpha,beta,tsteps,popfit,indicsfit,evolution$samples
300,0.8890980961992467,0.01810317965634552,90.32089965736945,7.327993189589381E10,1.1147276527798515,1
300,0.12077948515930331,0.0,13.487235172944903,1.1597984648733E10,1.9747795905024017,1
300,1.2707658125913412,0.06853947821031828,49.49105158019017,1.3649237759060865E10,2.506039506272791,5
300,0.7800520826725256,0.024697966828776525,46.26012124784186,5.092083070787165E10,1.2082081189872556,1
300,0.8316389507180275,0.027889565239854825,46.265793050141546,5.8428180508886635E10,1.1839014981583436,1
300,0.4865265619442077,0.05534476179121556,14.71797537011947,3.76149828021534E10,1.2411754382767661,4
300,0.48743308370745203,0.04633671281227224,16.176813196732446,3.335273711506983E10,1.2662107281646502,1
300,1.4147392169510242,0.014631201031237606,90.878152009868,6.782109150546553E10,1.370503751663177,5
300,0.41264137603979906,0.0034842368993722966,100.0,1.6276455721110462E10,1.5069392393479784,1
300,0.4288474921599783,0.0017965332768909257,90.32478978129903,1.2256480244154968E10,1.5700936556758496,1
300,0.4806824498057257,0.04632263386000012,15.110093438843055,3.0670446474617054E10,1.2885980137551303,1
300,0.8276087828406576,0.010082930560209797,61.70443896309076,2.578293687813195E10,1.5686332074734857,2
300,0.53540073934273,0.0,1.0,1.3151381242552883E10,1.6811556388215094,2
300,0.0,0.08625253816507025,28.35168726019583,1.3881057102870655E10,1.734718705226035,4
300,0.0,0.03823845926526938,67.47558375247115,1.3507191827745562E10,1.8381176980873914,3
300,2.3438027292761605,0.04494619306304918,90.74064056332622,1.3577269804980892E10,2.6232350445286805,4
300,0.654365835808177,0.06923275407251094,48.44011291043696,1.3639446106853535E10,2.498117211806242,4
