evolution$generation,alpha,beta,tsteps,popfit,indicsfit,evolution$samples
100,1.2494024557163819,0.033587166240148396,58.26528815223263,5.6613500977870655E9,0.5111954660049484,4
100,0.37225139510998595,0.05195481274356979,33.05441984426303,4.73997486291572E9,0.5402685977878121,3
100,0.9134938534564885,0.06674143703943076,91.39796718594174,9.230939693364304E9,0.3014558793882807,1
100,1.249402455716382,0.04251705946841582,58.26528815223263,6.59182731048358E9,0.4498602992560874,2
100,1.2494025557142965,0.033587166240148396,58.26528815223264,5.656531827809488E9,0.511560001613252,2
100,0.45754525520073003,0.03662953297030196,58.562117068158265,5.406164073505473E9,0.46724347284349055,1
100,0.37857273801010033,0.05185824498009838,29.82532499091991,4.366915602772857E9,0.5470193871080749,1
100,1.1795793513222055,0.04273039731182946,100.0,8.504929476348695E9,0.34722496696368965,1
100,0.0,0.09191511089183846,1.0,1.363357854820967E9,1.203832948852256,1
100,1.2406953670196867,0.03263347692070005,54.83223303371739,5.353373436888263E9,0.5340375046258417,1
100,0.4553074175304322,0.0370368976193251,62.49707576843699,5.674431661306401E9,0.46371756467409836,1
