evolution$generation,alpha,beta,tsteps,popfit,indicsfit,evolution$samples
100,6.2249581540058845,0.06534190519282237,94.14636961169695,2.646630742405708E9,1.130620733576193,3
100,3.239435899759877,0.0719416596037384,53.56359147890577,5.59538475827537E9,0.4684226445768742,1
100,6.870810009724759,0.040897853374793215,50.86344390487617,7.531989624919208E9,0.43264033428862,3
100,5.524870784230149,0.05467517621155585,66.13470205015808,6.773298785257753E9,0.3402186198603669,2
100,1.2713089584608772,0.040863467010755654,61.04690491685619,9.39090665831674E9,0.10853471452033694,2
100,2.720813630922163,0.07518991584504375,37.437802862144906,1.0032876851498682E10,0.07818188880252679,2
100,2.71979968835242,0.09005338134004169,26.64726009710474,8.217427874273693E9,0.14991004371109612,2
100,0.0,0.06942520650383448,90.20269300508956,1.807291220515407E9,0.8158396733980494,2
100,7.000774417812505,0.0414974300652909,50.70000302848178,7.574584830873658E9,0.42304605405405254,3
100,5.338320288447029,0.059641532817808235,66.1875366325022,5.490668372205866E9,0.4965944061030684,1
100,3.383838304581905,0.038941777118820325,75.89565823812508,9.996856400442469E9,0.07430293416298119,1
100,1.2816457374992507,0.04078540248674743,61.21560765856001,9.398194580856672E9,0.10797349622199852,2
100,5.7872571879509,0.06606649932897263,65.38477975664074,4.7475480698301935E9,0.6169594464974607,3
100,0.09987335125612569,0.06918570291898836,89.92322947899343,2.4684631945936427E9,0.512070191964034,1
100,5.232919210521599,0.056732130251462044,66.1110244662863,6.098314513372725E9,0.41388771934670693,1
100,3.2194432330686222,0.07101034050677073,53.53583457983679,5.753158631235116E9,0.44688872271571456,1
100,7.874844312533801,0.04197417554850954,89.7453451894332,6.387617685516127E9,0.4084311641604061,1
100,0.557983405158619,0.044389961355580126,47.324528847097746,8.407130252621586E9,0.0772176495363264,1
100,5.561700983179011,0.05466134680374366,66.13626212128207,6.8149839261425705E9,0.3362926866071914,1
100,4.166803662728863,0.06099300335329443,58.962629064534354,6.519093196435843E9,0.3432698521154635,1
100,1.9019434530399688,0.08110120605038257,26.81511122406521,7.705314999058006E9,0.2011540197517193,1
100,3.2363119415359036,0.07559793972052087,39.0862751910975,1.0432759677904303E10,0.07019163438084815,1
