evolution$generation,alpha,beta,tsteps,popfit,indicsfit,evolution$samples
500,8.177191016567145,0.09198885785637073,74.72769675684137,1.163421213569597E11,1.806582864858664,8
500,0.2868772353529759,0.03187401672986487,7.8720745158744165,2.930675432566167E9,0.11024918704411477,4
500,0.4281028711337587,0.03220896923697022,9.776064705083614,3.067308868039875E9,0.038924691621833894,3
500,1.1947123900342094,0.03270863400551318,57.1673358968855,1.0243859007651592E10,1.3385474496693255,6
500,0.17923146047572835,0.0385203510770582,90.54500498631155,8.568447904056391E9,0.7628638841718292,5
500,0.4181123569549139,0.03178600375233918,6.770962712219841,3.429281679558561E9,0.05340987332735502,4
