evolution$generation,alpha,beta,tsteps,popfit,indicsfit,evolution$samples
200,0.8833178968689676,0.037760253149731166,86.3105387319818,2.6248809353830876E9,0.37273254189015026,1
200,2.3143366632918876,0.1,93.46016101474373,1.2277183732274938E8,1.3152825633563419,1
200,0.6822817616597399,0.02402817849326171,95.71763157137343,2.1361777217569861E9,0.4265644814338666,4
200,0.6420906023371078,0.08494368206635515,3.484882776182051,3.0257845565750074E8,0.7830842598732949,1
200,0.8488535456912415,0.012516258380876284,95.71763157137343,1.111953230501864E9,0.5050991436402665,1
200,0.9949941262855078,0.024252318395556662,95.62644221691286,2.067652661719518E9,0.4058517592652852,1
200,0.9944765156185709,0.023518972745182873,94.19602478515647,1.9943609876485353E9,0.4136613864987413,1
200,1.091493454551521,0.09167750458128054,7.954710631581753,6.845447118721113E8,0.6973010902491268,2
200,0.78498356204171,0.03744617261022749,86.80061744272844,2.6433347279767857E9,0.38621039495741993,2
200,0.0,0.09334419545314969,68.94630717251871,1.3111443941206819E8,1.118636792077612,1
200,0.0,0.09561628833914997,82.6039765399194,1.327459010000426E8,1.1184363278698644,1
200,0.0,0.09849902178567804,82.2121917671013,1.347506387241443E8,1.1157885575865365,1
200,0.0,0.1,62.26578988468036,1.3547375746432936E8,1.112268587356934,1
200,0.0,0.09599901255382359,82.19404246404672,1.3305274174025875E8,1.117662173047075,2
