evolution$generation,alpha,beta,tsteps,popfit,indicsfit,evolution$samples
400,8.12228616594569,0.04960757663513642,99.47825998834185,6.868266667143179E8,2.1050243872753374,8
400,1.0757631712922702,0.0395332328163784,77.17245947624015,2.3900361508922715E9,0.3307380601898614,1
400,2.809479855693061,0.03701939890419326,97.22613096205319,6.736151032546792E8,2.171068966494481,3
400,0.8453457639135329,0.0418861006795655,6.260523686518588,4.66736175640061E8,1.3161072380949645,1
400,8.689548479740104,0.09979466420250946,27.821036604215077,1.0240764319870708E10,1.5457645591016704,6
400,0.7721903693673443,0.023634756989873093,93.16121696748117,2.0781409363432403E9,0.4457347684213363,2
400,0.6306672934200672,0.009585134650668396,99.96961253920374,1.1096134188742085E9,0.6521848404717843,1
400,0.7576369246332546,0.022900737726753793,93.13775773025878,2.0408228108860898E9,0.45517781245825156,2
400,0.8529672910697512,0.012108944718635713,100.0,1.24339062678096E9,0.5286859617845867,4
400,0.8460699839508699,0.04188728022771791,8.95557687966054,5.171601254469229E8,1.108917629169931,2
400,0.8468595112227062,0.04192414123604195,9.904738279243858,5.394842515619541E8,1.0706800274508022,1
400,0.8930746843832991,0.012401987354810604,100.0,1.2520089478786283E9,0.5177662309808918,1
400,0.0,0.07249137071340953,99.4292606629176,6.924784194130394E8,1.6700529480222825,3
400,0.0,0.041922822469153596,78.90410000062334,6.798597321920481E8,1.7159389207083724,3
400,3.308615046512513,0.046538883270852566,97.90964367799101,6.775140473931947E8,2.1125369040221593,4
400,3.133589405456523,0.042745052980306564,86.26507071682133,6.748856542717799E8,2.1351971790583435,3
400,0.0,0.046538883270852566,78.0927850308528,6.815762628147855E8,1.7029920901212527,6
400,2.873666526560386,0.04451657178468524,96.307441145649,6.761514185915773E8,2.1232591168802886,3
