evolution$generation,alpha,beta,tsteps,popfit,indicsfit,evolution$samples
200,9.582131579182379,0.08817412998019128,35.933614143895134,7.180095196666948E8,1.9655946389821102,5
200,3.1980082614840417,0.042026639441609816,100.0,6.755934089005741E8,2.1387271443272478,1
200,10.0,0.052147085417483655,53.52139843710694,1.0555877662243065E10,1.6091917988016955,4
200,0.354107171670361,0.0144432759985698,99.96883013658206,1.7302397139004583E9,0.8056880882847296,1
200,9.56085026549316,0.08587589302050451,35.54027932736442,9.798121509990322E9,1.4289525323388315,2
200,0.0,0.08907347478460076,99.6923964368352,6.999084982821306E8,1.6361422029426786,1
200,0.0,0.03839932521560379,99.89410787065341,6.78654732559912E8,1.750667564307098,2
200,0.0,0.041922822469153596,78.90410000062334,6.79922715747318E8,1.7141754431757954,2
200,3.2478345423709163,0.04366842276071975,96.95983081897157,6.761042595181876E8,2.12882712329249,1
200,0.0,0.046538883270852566,78.0927850308528,6.816078066929632E8,1.7029920901212527,4
200,3.749121257132173,0.042279500920276075,100.0,6.762847356208122E8,2.1388148423922204,2
200,3.308615046512513,0.046538883270852566,97.90964367799101,6.775140473931947E8,2.1125369040221593,4
200,1.5009936237522208,0.046969786656174475,83.0650726597051,6.765859497004613E8,2.1058105536800586,1
200,0.0,0.051328289082255354,83.79271580035132,6.835320852432424E8,1.6999220783211275,1
