evolution$generation,alpha,beta,tsteps,popfit,indicsfit,evolution$samples
1000,2.563457365356532,0.1,1.0,1.930613184808422E7,0.33168565627895863,10
1000,0.0,0.08634767208471221,68.83895405833873,1.930613184808422E7,0.33168565627895863,10
