evolution$generation,alpha,beta,tsteps,popfit,indicsfit,evolution$samples
100,0.42123458147960813,0.06364820108277523,17.149347276510984,8.821568033410349E9,0.7621972983162891,5
100,0.41533644127759495,0.0633339079695147,15.678380336801172,8.553471739078267E9,0.7824476609597077,2
100,0.3584376654154652,0.06693585193626568,13.559291717330822,8.10738523158887E9,0.84156263491027,1
100,0.898302993341817,0.06565671251947246,12.212129923701534,7.412990154589823E9,1.442212559865503,1
100,0.8248168514420811,0.06440640359884622,8.608108028873701,6.819671132916518E9,1.8196934175526198,1
100,1.1467207111591058,0.0656780889825398,11.051992129245589,7.393450820900772E9,1.5735315791015534,1
