evolution$generation,alpha,beta,tsteps,popfit,indicsfit,evolution$samples
100,0.3642679241465929,0.026833571884406805,97.89253294572619,3.3035171465564265E9,0.9857492404604051,3
100,2.2592861492574134,0.06849428617216236,95.87324417571861,3.8003015466740723E9,0.2583934061271825,2
100,0.0,0.025650930239991994,61.95593726637628,3.0405048615450487E9,1.8260272097710997,1
100,5.763351679220431,0.0738967596389807,100.0,5.222193202986557E9,0.8365012512629567,4
100,0.3585258560049347,0.029573037607122588,100.0,3.3765906356015244E9,0.9330838622577896,2
100,0.36671488478655523,0.031008125919205955,97.60416913235895,3.392010846428485E9,0.9104097597187741,2
100,0.5135729884226754,0.029888145451017773,97.78029445852276,3.3623576453607507E9,0.6547801061582252,1
100,2.054617392828293,0.05919674579625616,100.0,3.7239665620264072E9,0.24907829551554797,1
100,1.5125284998665232,0.027253784600556816,96.67242850993414,3.2926196464253073E9,0.7265823929781601,1
100,0.8420152689882696,0.020452299641601345,94.00230305750617,3.052674578512749E9,0.9437430881451899,1
100,0.0,0.01942468452274884,74.36937818409235,2.96237941510901E9,1.9590925413311335,1
