evolution$generation,alpha,beta,tsteps,popfit,indicsfit,evolution$samples
100,0.7343113199119888,0.08250786982251934,43.40314701285979,5.1883890521694756E10,0.5223721518907694,2
100,1.8324089331708215,0.016861279804719832,92.78488688034582,7.389489912625743E10,1.746904287241687,3
100,0.38416845089031426,0.02734848541360482,97.58143500562032,4.727521667147048E10,0.6247974457265904,2
100,0.7315182528191255,0.07910714857777038,45.68994301393582,5.1944925268601494E10,0.48965148072676656,2
100,0.7491966552258795,0.08288877281283995,50.23502782120826,5.261788050266734E10,0.4316824882398345,1
100,0.8835690484303149,0.06140984659783331,100.0,5.661048059071194E10,0.3149506378652221,1
100,0.5971975574546458,0.018696296626893184,16.818945655546518,7.097930399455911E10,1.8888108177601395,3
100,0.7292802235824853,0.08186560572291596,57.93517129875017,5.345962770087277E10,0.33967322129362953,1
