evolution$generation,alpha,beta,tsteps,popfit,indicsfit,evolution$samples
400,4.503922095501545,0.08576394625073283,49.6495469988273,4.171724716513802E8,2.463235179391434,6
400,0.5202335735916528,0.016176775739214954,54.643940674966366,1.8284213985598807E9,1.1440856941807744,1
400,2.6918556944203487,0.06820601249779433,11.428577282020417,2.468660712703354E9,1.2074855360455605,3
400,0.0,0.005953265566562178,51.64295373848505,3.509039637677201E8,1.647772052914852,1
400,1.8423497434691645,0.07829409573799491,10.31574354805302,2.109021220112616E9,1.1596561308889735,2
400,0.6273739288413291,0.012589511850568705,41.789956659327125,7.991567027573546E8,1.4025732949602432,1
400,0.6257039475102979,0.012656415533803596,51.437563115557595,1.0934988815155535E9,1.2733453546703006,2
400,0.6350437194063938,0.006601481712099577,65.52314517455024,6.606091677357482E8,1.5316498492673056,3
400,1.541508527134925,0.014392014786159348,49.52238967673017,1.5774898556858735E9,1.2980283475436338,3
400,0.3808657655538308,0.012449714218179688,50.77765146038074,9.536241125982242E8,1.3365319698801006,1
400,0.4817147459243858,0.009084923748928345,52.13028475170277,6.361090806071953E8,1.4088650028204506,1
400,0.4841066809533918,0.014564092723196122,54.9175174259655,1.5279692496791954E9,1.1998446078711729,2
400,0.08643723867782457,0.08887171979592479,2.673473784462323,3.709777785225775E8,1.6318544432200195,1
400,0.058361574134993134,0.061782938567048355,2.0350509258885263,4.4186246358226484E8,1.7027372143485269,3
400,0.4873534703441855,0.00721486894701905,52.4473938968276,5.384024451393449E8,1.4993971652380171,1
400,0.42741895532870966,0.0069530565876465365,51.718755036755475,4.9684692919209635E8,1.5030518414225282,2
400,0.09825524675132935,0.08991628782515258,3.7617613703395802,3.798675011793017E8,1.5820131698129651,1
400,0.004266567672419542,0.09952314817382099,1.5371834900015164,4.090235930329152E8,1.679341375971472,2
400,0.0,0.09941695915218171,1.6300083395107416,3.522221673048972E8,1.7443141751744293,4
400,1.3622606462837918,0.012867899678440346,51.8732439107161,1.3799217662784252E9,1.35384353532325,3
400,0.05357947635754412,0.09127643122662947,4.604715373860818,4.9641766891607225E8,1.5665017723598056,2
400,1.1430918463045303,0.09354190305514848,68.25454435430882,4.038023480679801E8,2.439044642551775,5
