evolution$generation,alpha,beta,tsteps,popfit,indicsfit,evolution$samples
100,0.32627569813787893,0.028853502275430112,8.867171703657068,5.771650749058613E9,1.6358508280061723,4
100,2.3478277259883495,0.06421120755108034,62.08045731634122,2.8959516240472918E9,1.0808912943580677,3
100,2.545482782924685,0.1,61.8609241620753,1.6534056240574896E9,0.8099173774511913,1
