evolution$generation,alpha,beta,tsteps,popfit,indicsfit,evolution$samples
100,3.5223444171417873,0.08659805347476578,57.26192152490026,1.2679575611063414E10,0.27747229860388406,5
100,2.777375539446574,0.1,57.80940570371858,1.0936973088333557E10,0.18906598795548427,2
100,3.477775492530879,0.09896646976807358,58.90071059368891,1.1699420324206629E10,0.22442608609188602,3
