evolution$generation,alpha,beta,tsteps,popfit,indicsfit,evolution$samples
100,1.0354698850458433,0.01780229038978236,33.74237603871816,2.811023588907033E9,0.8207122063973123,1
100,1.9140797756193306,0.027867873840607515,5.482361158952344,3.296624364985453E10,2.0254183390692413,3
100,2.5507387254507305,0.02155762364838645,62.302194911095754,4.587888893799598E10,1.7827354519530612,3
100,1.4086102972318335,0.08335593498125737,83.48399995914417,1.0120434170310871E10,0.3096107169834909,2
100,0.7453727211406636,0.09459152475445629,42.6836694341232,8.722738063348923E9,0.6316149997594196,2
100,0.9236267333854785,0.009460478167341104,33.70648003734655,2.479747488202418E9,1.0115656368998973,1
100,1.2016365784731078,0.04718347093829944,46.406989364253455,5.205950210401622E9,0.3250554431789429,1
