evolution$generation,alpha,beta,tsteps,popfit,indicsfit,evolution$samples
300,0.5432171752631954,0.07851979986968292,15.259628499534779,3.5731856184815965E9,0.8320754440919175,5
300,0.0,0.0,100.0,2.2967545129826503E9,2.454089204850952,1
300,0.8038118203694112,0.07176439189090963,79.27029922177915,7.0896335677587385E9,0.35175835874057315,1
300,0.0,0.0016417243956335292,100.0,2.635496546780455E9,2.3326850585366667,1
300,0.4271471710498747,0.1,6.125702667895959,3.0797314300848618E9,1.072414410187789,1
300,0.5887852118413688,0.07969888786353396,13.434111361481762,3.6693990109180374E9,0.7492324841487707,2
300,0.7925286032200276,0.08547189903208961,42.44733263610216,6.559966061466568E9,0.42060812891604815,2
300,0.5740126277894424,0.0810431627898247,9.707091304967353,3.250066398092648E9,0.7899490375207721,1
300,0.6163494396002779,0.07843220020382116,14.31588773052685,3.9516353615434685E9,0.7063991682770709,2
300,0.7790155240405277,0.037594053478945136,52.684657173391756,5.743325083682157E9,0.5419388344668556,1
300,0.8569420592515415,0.06469444678798955,73.90853185919501,6.99223498140618E9,0.3846222276833274,3
300,0.7772505212583013,0.030241487523427635,54.27982857237037,5.435785173433308E9,0.5847205584786721,1
300,0.6737565740674901,0.06806305831608593,72.26781166223238,6.376653944845089E9,0.4654792695502552,2
300,0.8373744157446578,0.07066213831935715,74.39786268991406,7.0518980609623575E9,0.36272924792464367,1
300,0.7405231575612372,0.08577643152459788,20.875901796911055,5.513973277270528E9,0.5458693570551222,1
300,0.7805237167420054,0.03979438458036133,100.0,6.461159256389985E9,0.4119116660016936,1
300,0.7689518547728758,0.06781045179703878,79.3883514330892,6.888740998032274E9,0.3710491611985177,2
300,0.7878066903648561,0.07816270818467506,16.56430794394248,5.345090204116626E9,0.6527219745421156,1
300,0.809094546949146,0.07067921590534837,79.50533053021564,7.056067154715095E9,0.35271747419843463,1
300,0.5203640580719178,0.07558931248196323,17.24678817867569,3.5656976255314856E9,0.8777623860179812,2
300,0.8730620178771953,0.06726459015011267,75.32393374800652,7.1553617941759205E9,0.3764689237324106,3
