evolution$generation,alpha,beta,tsteps,popfit,indicsfit,evolution$samples
100,9.252254559970002,0.056389382967776895,89.39516073691203,1.186405444484762E10,1.6775180819417306,4
100,0.30365120376673493,0.09754552953584227,39.41025152533751,1.2863704710310652E10,1.4998092981609124,4
100,0.0,0.09883915448425022,40.21106862779279,1.3169717556716333E10,1.1498667850513569,3
100,1.4441957977530895,0.011265948133859838,83.70808319409903,1.1401104857183449E10,0.4253721218512496,2
100,0.3036512037667349,0.09754552953584225,1.0,6.058375671024E9,0.9350110605429081,2
100,1.3584327956427598,0.013398161061948771,78.89258975888474,1.487635653587368E10,0.36326358678282866,1
100,1.7236947272073881,0.0,6.769682853222603,2.5097047765933867E9,1.1352681215678722,1
100,1.8947866529508248,0.009806221455885744,46.882957724543125,3.772737963378491E9,0.8663987039903331,1
100,1.4453254814047822,0.01100975645534995,79.63804163675817,9.980944913523312E9,0.4586539284097241,1
100,1.4450962581947362,0.009878964355965587,83.70614466676885,8.865968461845816E9,0.49072201603957627,1
100,1.473459202813097,0.01357537010939339,82.26652937409308,1.5309637255548841E10,0.3571282448728828,1
100,1.251759813926335,0.007124367993465866,100.0,7.64837972811212E9,0.5332171842343454,1
100,1.6843791497585698,0.011196086253925746,46.896814090337585,3.815156237189155E9,0.7610679572420226,1
