evolution$generation,alpha,beta,tsteps,popfit,indicsfit,evolution$samples
400,6.362455351777099,0.05374165035095751,39.42071898978355,8.790002750226499E8,2.0504294457207575,5
400,0.5879272013438692,0.07876168608346264,5.548506757841704,8.790002750226499E8,2.0504294457207575,5
400,8.695820297199855,0.04827916968707757,79.55756507284822,8.790002750226499E8,2.0504294457207575,5
