evolution$generation,alpha,beta,tsteps,popfit,indicsfit,evolution$samples
100,7.939393287792407,0.07900685763928912,43.019219523040704,2.2920773489681315E8,1.630820428501961,1
100,8.023939698687748,0.02755900287973867,18.02885284235319,2.126555254009645E8,1.8861284487875691,2
100,1.996139249829778,0.05561570453949771,64.56221549010958,2.2133270785612586E8,1.7221610644328824,2
100,2.535847061830665,0.07115714386104048,78.11612425043748,2.2775878059807056E8,1.6574856038917658,2
100,2.4577274886881657,0.09979350214744548,100.0,2.4829937747930884E8,1.5550092370141333,2
100,2.3678850471217414,0.0935175841733885,34.7461470013619,2.419736189587131E8,1.576961715065123,2
100,6.632497487998428,0.08657618866262495,99.28816464390654,2.3648202263243893E8,1.6011594246840752,2
100,5.449506654677304,0.08626269337304701,100.0,2.3636648519179723E8,1.6021728360234215,2
100,7.189038128742872,0.046482155937774786,29.15877462437599,2.1518035598188424E8,1.7708534391022672,2
100,2.3552746359589896,0.1,98.37517172980515,2.4848489203692693E8,1.5542908694346913,2
100,6.559074532246196,0.08698240863623727,99.3136198159885,2.36703325268511E8,1.599750411897138,2
100,6.755606402090448,0.08136493590167694,93.85077829652121,2.3273300080807492E8,1.6200054319577837,1
100,8.022595782668414,0.08108783222133185,43.57173884016984,2.3045194086584017E8,1.6231313624930912,1
100,4.367768166070012,0.0723232616663011,81.66797468469824,2.2749665784086755E8,1.6539187830918016,1
100,8.014842074301272,0.08099837730131906,43.607956052017705,2.304681215444352E8,1.623423874632481,2
100,5.315553158058631,0.08515141348569234,3.1146563334621282,2.065919247166907E8,1.6553245184002032,1
100,0.0,0.09853759418391252,100.0,2.478227370591017E8,1.5218035396121345,1
100,0.0,0.09290198662019003,45.888820290581755,2.429916206302886E8,1.5262295023807178,1
100,2.8779529275684936,0.08220235904720077,1.0,2.3383584825938964E8,1.542409517402858,1
100,6.557289367221778,0.08109987563257987,98.40607646005296,2.3269927402165443E8,1.6207620764947879,1
100,7.940390770741939,0.08145318807158375,43.00991902633486,2.3073260198598427E8,1.6218430787145233,1
100,4.31043856301761,0.07286251730344982,81.80467833978611,2.2785359891268662E8,1.6517483012215475,1
