evolution$generation,alpha,beta,tsteps,popfit,indicsfit,evolution$samples
200,3.3305401896624454,0.026123198978521,38.64781720834824,1.2468933964462132E11,3.8628807396923577,3
200,1.3787221533119045,0.1,5.268265220312004,1.2468933964462132E11,3.8628807396923577,3
200,2.864636685334219,0.057634282301580464,44.35823558835522,1.2468933964462132E11,3.8628807396923577,3
200,0.1818756994506754,0.0892142325342832,5.3353667455651355,1.2468933964462132E11,3.8628807396923577,3
