evolution$generation,alpha,beta,tsteps,popfit,indicsfit,evolution$samples
900,7.051053590309483,0.006777081600357939,100.0,1.2468933964462132E11,3.8628807396923577,9
