evolution$generation,alpha,beta,tsteps,popfit,indicsfit,evolution$samples
100,3.3305401896624454,0.026123198978521,38.64781720834824,1.2468933964462132E11,3.8628807396923577,3
100,1.3787221533119045,0.1,5.268265220312004,1.2468933964462132E11,3.8628807396923577,3
