evolution$generation,alpha,beta,tsteps,popfit,indicsfit,evolution$samples
100,0.9135451662373484,0.09284519122424167,60.2451348985893,4.400812289678335E9,0.586900531757636,3
100,0.5705688382983063,0.09216103975984825,70.60644491857282,4.097092159208922E9,0.4956025099868451,1
100,1.9287181400024616,0.09314732328406235,88.47580773204182,4.406117686792225E9,0.49439549851793096,1
