evolution$generation,alpha,beta,tsteps,popfit,indicsfit,evolution$samples
100,5.934747964551992,0.05249739162652294,26.512989831505365,1.004764925897987E10,0.8164399595981837,4
100,3.991223853628889,0.03072307827767882,46.23815594134153,9.722342572242947E9,0.7930823286881827,2
100,2.7835983142429477,0.015086896592404654,73.06438747020876,7.930637854009268E9,0.9116718598667068,2
100,1.3526139713186616,0.0,1.0,5.480490318996107E9,1.199905686913225,3
100,0.0,0.09177894982843304,31.505509779535092,4.848000435380569E9,1.3116443311006352,3
100,2.7691462905601787,0.015043265332090966,73.98031443507527,7.960692115804393E9,0.9076013135505105,1
100,0.0,0.09175244484469142,24.57110758892321,4.847785298431049E9,1.2806178026949606,2
100,0.6190344730186645,0.009895937458233346,84.9743570194139,6.300350138825523E9,0.9471829755708928,1
100,2.729504873347905,0.014288344276975251,73.44319957023095,7.691723179489108E9,0.935984176655982,1
100,5.866454719362953,0.052750904606737065,29.859597752888643,1.1200962014435038E10,0.7679207987244933,1
100,2.828457892349765,0.015182020404442853,75.381556486511,8.106815372265119E9,0.8939314554102605,1
100,0.0,0.09884224135467834,22.273142677199115,4.844247053855152E9,1.2696239472932431,1
100,5.569968037355086,0.05168325637788767,33.22289334769111,1.1917722122482203E10,0.7331046268005591,1
