evolution$generation,alpha,beta,tsteps,popfit,indicsfit,evolution$samples
100,6.127327568514984,0.007817791158616272,68.59666186478044,1.3974696538009276E9,0.40661355764575474,3
