evolution$generation,alpha,beta,tsteps,popfit,indicsfit,evolution$samples
900,10.0,0.035937771435414344,69.90354678938638,1.3974696538009276E9,0.40661355764575474,9
