evolution$generation,alpha,beta,tsteps,popfit,indicsfit,evolution$samples
300,6.718485323127872,0.0055763102575048865,100.0,1.3974696538009276E9,0.40661355764575474,5
