evolution$generation,alpha,beta,tsteps,popfit,indicsfit,evolution$samples
100,3.4694821532968456,0.0479843763031232,37.47499655159773,3.354184970232297E8,0.5931214641895614,2
100,2.1245448267273837,0.03303671916420712,65.67263501702551,4.1321871293278503E8,0.499260316639193,2
100,4.922660031523456,0.07604693229923519,52.24254274895025,1.4459567834765205E9,1.052571738194411,3
100,2.163410121399585,0.07618972938067498,31.280386236833046,4.5621621285257566E8,0.48470780400734403,1
100,1.911350726577197,0.08685548799654794,3.204246289364165,8.610899769415718E7,0.9089267398468519,1
100,3.4694821532968456,0.04798437630312321,37.47499655159773,3.323298681249882E8,0.5877264072501557,1
100,3.4694821670175315,0.0479843763031232,100.0,7.058350662819864E8,0.45556052419128995,1
100,2.1475602651986265,0.1,31.233211878397423,5.687213424025327E8,0.45571340271591526,1
100,3.508357240901407,0.04645084007202553,35.63628433634791,3.248007005960368E8,0.6319039735447074,2
100,2.1300405071085295,0.032697391500173055,66.74236207262044,4.1520004096450424E8,0.49802840573476215,1
100,2.6952268291860078,0.03227123851925726,63.57283588274333,3.8206028382407045E8,0.5248641899695252,2
100,1.9005905041691475,0.08566780435995235,2.978480589424632,5.858366900667642E7,0.9601527287564461,2
100,0.4796676356387966,0.04273320404818094,7.045287982241101,8.850032684174815E7,0.7210591976610259,1
100,3.193288186993875,0.07682354258270736,25.045290076090197,3.5842610047476727E8,0.5517315266747901,1
100,2.1208515262750565,0.03414268039139903,65.55174637353528,4.2579588025928366E8,0.4940102156022168,2
100,2.126003626520691,0.03303671916420712,65.66190227881695,4.1339205336496943E8,0.4991689833627883,1
100,2.275223067624124,0.07358387595022803,31.798975114353432,4.4961914680147976E8,0.48832854201178727,1
100,2.895278527891556,0.05427240531186657,100.0,7.636246905981723E8,0.45030467222831777,1
100,3.4295186258818733,0.039810205772687485,37.5501294469212,3.061395668695959E8,0.6588099611833723,1
100,0.4771549486561591,0.044342742224970096,7.129013443362395,9.298674970365372E7,0.717560755026652,1
100,1.1765144458521,0.04853609119382309,4.171008575936707,5.030458917555512E7,0.9120240024064504,1
