evolution$generation,alpha,beta,tsteps,popfit,indicsfit,evolution$samples
200,0.28542756292740273,0.08871431123156076,7.270619094293492,6.19985352481257E9,0.36123435878641696,1
200,0.5053813049632748,0.09286857610716114,38.86122288973268,1.0345664090008768E10,0.2953006477198751,1
200,1.1849233968256967,0.08862874628069661,6.949741875196963,1.3693744567038218E10,1.113123207870398,5
200,3.0346579226836012,0.059818959831856214,30.071044642740823,2.8917970495214386E10,0.9879216709963652,4
200,0.3832298570834173,0.09464129657830883,16.718622142471695,7.556389428128592E9,0.3317183907042123,1
200,0.4185221925628517,0.08001625752083039,27.628102398914546,8.386318964426957E9,0.32065837211078346,1
200,5.613147192125858,0.07293379788393757,84.00758111646343,2.4825277509532467E10,0.5560903614891948,3
200,0.2190119043912338,0.08871670883326732,7.29531380477809,6.280281573178146E9,0.3840136637376387,2
200,3.4097216849813843,0.1,100.0,1.2349245265476398E10,0.31581762542681535,2
200,0.5039459109813857,0.048153690819040085,66.8433988801693,9.591526448748217E9,0.30003835992632855,1
200,0.528230937794098,0.0840449548016735,83.9256319569626,1.5375276152133547E10,0.29685936599313245,2
200,1.989427271266464,0.05305003010672034,77.2870371085716,1.1134801332205978E10,0.57012053252507,3
200,1.3428794233245585,0.0770092528359918,79.70580345210003,1.0903500906085644E10,0.3788652015403694,2
200,0.3828869878871391,0.09445685912193456,7.52695950421272,6.247434199527645E9,0.3414539895714359,1
200,0.3716428341894726,0.08871639040795641,7.304754743729433,6.230038089290256E9,0.3420861045054144,1
