evolution$generation,alpha,beta,tsteps,popfit,indicsfit,evolution$samples
100,3.0346579226836012,0.059818959831856214,30.071044642740823,2.8917970495214386E10,0.9879216709963652,4
100,0.9738032859794599,0.09792556484869924,25.913403276823846,9.041210422695387E9,0.5408177508391488,2
100,1.989427271266464,0.05305003010672034,77.2870371085716,1.1134801332205978E10,0.57012053252507,3
100,0.5039459109813857,0.048153690819040085,66.8433988801693,9.591526448748217E9,0.30003835992632855,1
100,0.3716428341894726,0.08871639040795641,7.304754743729433,6.230038089290256E9,0.3420861045054144,1
100,0.28542756292740273,0.08871431123156076,7.270619094293492,6.19985352481257E9,0.36123435878641696,1
100,0.5053813049632748,0.09286857610716114,38.86122288973268,1.0345664090008768E10,0.2953006477198751,1
