evolution$generation,alpha,beta,tsteps,popfit,indicsfit,evolution$samples
100,3.4598498889389995,0.07292063781703616,51.3913691536091,3.039361217657592E11,2.7060594356438434,7
100,8.659454500054387,0.08920715208097137,53.4420730652298,2.5996691757460815E11,2.3901016822854517,3
100,0.7185253789709067,0.04498416446481923,84.25878672931312,9.691903451138405E9,0.4842395444522849,2
100,0.7185253789709068,0.04498416446481923,84.2587867293131,9.68601067956638E9,0.483614783100577,1
100,0.0,0.07635979996733704,28.974300307336282,7.88799232767219E9,1.5829993420339843,2
100,0.0,0.06293072004657048,27.680322895008562,7.05267412994887E9,1.6012953159697265,2
100,0.0,0.07828264607570992,10.287662380352797,5.70159461842336E9,1.7796500096058414,1
100,0.22971012129206989,0.1,15.860242184448923,6.045330127111151E9,1.196507083088278,1
