evolution$generation,alpha,beta,tsteps,popfit,indicsfit,evolution$samples
200,0.5004838010314292,0.07380157743586112,78.38632366934785,1.262797111318005E10,0.7439707381678036,1
200,0.3199710964966221,0.028770108751629688,73.61155206704912,1.1764389698629005E10,1.101587454407501,1
200,3.021951220405673,0.08460914736651458,47.42985779686044,1.9110774856195724E11,3.83764905171458,5
200,0.33695562678304325,0.04138444978577532,68.30253779239128,1.1918720064226332E10,1.0118724044988179,1
200,0.3521001218434622,0.0657098430067573,71.6729245955702,1.242223700616996E10,0.8701791205370384,2
200,0.33582183561832324,0.042003439981907226,70.79059221559854,1.1955238635243944E10,1.004208360471765,1
200,0.47578894009256223,0.04210252050889889,72.87698189759439,1.205447471995243E10,0.9146381941459236,1
200,0.47718715054558813,0.042102906129458134,75.49823556465799,1.2065787422996576E10,0.9122994698130404,1
200,0.5113809830768128,0.07268769661123631,77.5768810275411,1.260906973076813E10,0.7604531322633856,1
200,0.4340285299907334,0.04287980775185646,91.37793126867308,1.2159848180321535E10,0.8504481631100521,1
200,0.3381170400589314,0.042021960862099174,73.17764236147298,1.1975222585057842E10,0.9905738159177895,2
200,0.4824898470358092,0.03792496195960016,90.3392874521018,1.2115951608804287E10,0.8983527588539572,2
200,0.5195082439703258,0.03946230665394843,72.94367602646734,1.2105713467962742E10,1.1074670807204183,4
