evolution$generation,alpha,beta,tsteps,popfit,indicsfit,evolution$samples
100,0.20060842968244064,0.0073375669803004365,2.783988615527276,3.2059233693114924E8,1.2048146854039326,4
100,0.3575947994683548,0.05322559644504652,6.17153393525115,4.420483258762994E8,1.0090708781201585,4
100,1.4858771842457432,0.0,45.929507161251436,1.0713459300381564E8,1.185095058460593,1
100,0.5062943638049413,0.060162749404331466,1.1464336527980352,2.2082719448868796E8,0.7967051634706666,1
100,0.7075227633267009,0.05973487533070618,14.023227001196078,5.592963266458097E8,0.41980708104013637,1
