evolution$generation,alpha,beta,tsteps,popfit,indicsfit,evolution$samples
500,6.282063556534618,0.0827217654280601,58.227440753497305,2.6451605702141248E7,0.9256639480882549,6
500,3.5669494226410103,0.07380871876362607,33.99104287571734,2.6451605702141248E7,0.9256639480882549,6
