evolution$generation,alpha,beta,tsteps,popfit,indicsfit,evolution$samples
1000,8.504496962162921,0.043140249084494056,9.164269117580812,2.6451605702141248E7,0.9256639480882549,9
