evolution$generation,alpha,beta,tsteps,popfit,indicsfit,evolution$samples
200,0.0,0.05898906400473234,17.307294678429905,2.1614796632309537E9,1.3192932161554294,2
200,1.3826984144781096,0.06136429271600657,61.96406624609324,2.781744654419441E9,2.9364087258855305,6
200,1.7036625627890178,0.019974837483391475,9.61449438074836,8.730235004370022E7,4.604006720008442,1
200,0.17688648630143314,0.08478344733966646,5.3420113794853785,6.418682404378253E8,1.5048609267813922,1
200,0.15792057785551378,0.021495845048006515,17.989312579315705,5.250852448280356E8,1.5706829492579473,1
200,0.0932200374744449,0.011854073232440109,41.90247547352852,6.783611953109555E8,1.5695614037358028,2
200,0.18034845233015678,0.08765453681082452,7.6341752567976995,9.058286260240753E8,1.4420055404347933,1
200,0.0,0.003526612605897046,19.96809241053559,2.548387602479559E8,1.794545854395895,3
200,2.3588774414459595,0.09959496026773558,29.671308916047167,2.371338037613594E9,3.1620555521311733,4
200,0.18601898725477642,0.006061392909582653,20.0054556430655,1.986543619989656E8,1.6935471436674838,1
200,0.20106832920139553,0.010156445946092295,16.06567342993187,2.3358643041609868E8,1.6664248236985608,1
200,0.0,0.006871952759307371,21.05108703032309,3.896508355125737E8,1.7168001449483627,2
200,0.45053019914669645,0.0,1.0,1.0585090711224942E8,1.7918159565059835,2
200,0.0,0.006518619383084913,21.730613641535008,3.8610888017703307E8,1.719580710300609,2
200,0.6362137593930783,0.03899381565185971,6.114461791806502,1.990917163792617E8,4.359731758689151,4
