evolution$generation,alpha,beta,tsteps,popfit,indicsfit,evolution$samples
1000,1.7963672543390485,0.0645596516081257,14.823860135585683,6.260804525168979E9,1.769314034456575,9
