evolution$generation,alpha,beta,tsteps,popfit,indicsfit,evolution$samples
100,2.0497175023071557,0.06600777605358901,36.05377564304671,7.320508021526942E8,0.6752887281273203,2
100,1.0148021342563096,0.08286404377555157,38.03703280798707,9.08955233227134E8,0.4341304565178329,2
100,2.917066687108878,0.07867007026460307,76.68754960800793,1.2536004209694562E9,0.609702203313046,3
100,1.1828640574867877,0.05926445753306924,36.05377564304671,6.641414451835585E8,0.5154338119878918,1
100,1.36382667658003,0.08203912788771699,40.734573300271606,8.097965523595302E8,0.42530455449894566,1
100,1.4868932473350338,0.06433890731143584,21.012843809685066,6.623529626005756E8,0.8087027532693877,2
100,0.7987383063811591,0.07864836274088075,8.952474267688489,5.62985480780168E8,0.8269772863471558,2
100,1.3671532571064902,0.07892069835306692,40.76605489383528,7.945757330178376E8,0.4337861962141023,1
100,1.4403944121804735,0.08291990470523058,37.79620049074794,7.738759096605136E8,0.4516008465518386,1
100,1.3379090606326836,0.08205719121934586,41.19243778410727,8.264970154571664E8,0.4185577593132242,1
100,1.1958661540474453,0.06016825018138388,30.534065428850198,6.284498594179423E8,0.5757988970133467,1
100,1.3841415216559998,0.08199750771123586,59.263515760184625,1.0221971940232514E9,0.3684812474453043,1
100,1.334396052087187,0.0866176944577711,43.42090537741628,8.783273125043339E8,0.39922278861987726,1
100,1.2482267585400946,0.0836438247129894,36.48964400040731,7.960424591049191E8,0.42930938722411977,1
100,1.339643474338269,0.0820195099244332,41.17496865863201,8.225461140751464E8,0.4190068063398368,1
100,1.4813933952484317,0.08808576409076127,31.886294069363405,7.37263840701715E8,0.4854904019123347,1
100,1.0440370945297235,0.058586223408216176,36.053776418182125,6.964575275553447E8,0.49457785844761043,1
100,1.1955617322649204,0.05999466076106792,28.362663762151474,6.053274708949624E8,0.6093396342537499,1
