evolution$generation,alpha,beta,tsteps,popfit,indicsfit,evolution$samples
200,0.3204493558431712,0.03615884000547633,42.845564411815594,3.0641902309809246E9,0.9208436748968938,2
200,0.5748828127497634,0.1,92.12548897481473,4.601597690696118E9,0.2670844161275112,1
200,1.4046046253686175,0.03414631022275891,66.20668930928451,2.993968334849288E10,2.4012602200462356,4
200,0.604527902178148,0.04441939756719687,87.1849501302028,3.7099605913453736E9,0.3073004441010396,1
200,0.0,0.06653788467309352,100.0,5.903337270205104E9,1.311824500757472,3
200,0.0,0.03704231238984229,44.42428916418585,4.433477559456222E9,1.6496227355771989,3
200,0.39621765350538996,0.07213220410276248,92.54291991930675,4.437284092815517E9,0.6271880277560767,2
