evolution$generation,alpha,beta,tsteps,popfit,indicsfit,evolution$samples
100,0.37134180304571274,0.038626460100117124,65.16854739840426,8.789537891213611E8,0.5827561292949722,3
100,1.6517093392479332,0.08663892553308097,92.92756514891603,1.356234376059782E9,0.4086161411012571,2
100,1.5649648362709345,0.04847818333088885,4.11621954014663,1.745319653883702E8,0.9431291984611692,2
100,1.816184981967397,0.003991674050206529,93.92262547932287,2.1931850001108572E8,0.9048764966004567,1
100,3.337477768642242,0.05977270877498864,9.306954846203771,1.8572335744146126E10,2.9426526649021723,4
100,0.7058799284110067,0.07786926283628645,72.99872859675241,1.2226821620742352E9,0.45140342903018926,2
100,1.649636280515242,0.08453194701814071,82.1067813372908,1.301783783431777E9,0.4213391663760451,1
100,0.3696301709623483,0.0905921465421507,6.998188788583792,3.069494711399293E8,0.7397785150064883,1
100,1.8169197954000045,0.06761282433502296,85.21934179669849,1.233183213236146E9,0.4496451659506543,2
100,1.3053746995861486,0.0429798371715161,45.662993572977165,7.317247843799982E8,0.5393158399448363,2
100,1.232766180937675,0.07917323850409998,72.15626168017403,1.2185499568878891E9,0.4252777008144983,1
100,1.3360818953605835,0.036198420033406335,51.16829966720579,7.021501329325901E8,0.5489158625561211,1
100,1.718779625242436,0.08209306900842012,59.17923003013252,1.166141266358173E9,0.45965549205210837,1
100,0.3709960848624325,0.09048296262868194,7.583935408448519,3.077571903541999E8,0.735456184223324,1
100,0.17309648238617603,0.07560255647392813,19.921331130040002,6.530254264179153E8,0.6954340597818545,1
100,1.6525317031361872,0.08341736766820707,81.76578108186875,1.2951359215883937E9,0.4233295440194108,1
100,0.4343775153035194,0.07819491789292234,21.489560789197718,6.936254388936689E8,0.6013065237103934,1
100,1.2343756581212524,0.07979591481100813,71.3914731068706,1.2175786830104368E9,0.4258427983616466,1
100,0.47774715948292623,0.041767250546160026,74.21123586950672,9.6632395465155E8,0.5369612000235223,1
