evolution$generation,alpha,beta,tsteps,popfit,indicsfit,evolution$samples
800,4.510847779274347,0.03888128055123674,99.25057611156757,1.2441518140499995E9,0.8881695256621405,9
