evolution$generation,alpha,beta,tsteps,popfit,indicsfit,evolution$samples
1000,6.151735504366922,0.09219233361382795,27.827361618929263,1.2441518140499995E9,0.8881695256621405,11
