evolution$generation,alpha,beta,tsteps,popfit,indicsfit,evolution$samples
100,7.009477526702936,0.0876315911624217,59.90908596191126,1.3436596406721658E8,1.3681198405564359,3
100,4.677160441592889,0.08119399612746081,32.46391591160858,1.3436596406721658E8,1.3681198405564359,3
100,5.319533564036282,0.0013070564352104963,56.45898904020468,1.3436596406721658E8,1.3681198405564359,3
100,8.636775907974142,0.0653287027657098,49.07010025094547,1.3436596406721658E8,1.3681198405564359,3
