evolution$generation,alpha,beta,tsteps,popfit,indicsfit,evolution$samples
800,4.155632524899897,0.01884294242992902,1.843184242553407,1.3436596406721658E8,1.3681198405564359,9
