evolution$generation,alpha,beta,tsteps,popfit,indicsfit,evolution$samples
200,9.737558390630209,0.07564517367818364,14.392454982732927,1.3436596406721658E8,1.3681198405564359,5
