evolution$generation,alpha,beta,tsteps,popfit,indicsfit,evolution$samples
1000,9.026899764615585,0.021989478503660776,54.275582950349964,6.094580080734707E8,1.3838779406952375,9
1000,1.7028157236761121,0.09528137864338536,74.35926126715842,6.094580080734707E8,1.3838779406952375,9
