evolution$generation,alpha,beta,tsteps,popfit,indicsfit,evolution$samples
300,0.652307721937323,0.025125666282332173,32.45597517194357,7.711972383740155E8,0.6799754438557757,1
300,1.0154959431120578,0.06740589717172038,100.0,2.0396060106262484E9,0.5313172097129338,1
300,0.7766670602724468,0.08167282175707738,80.12403221388288,2.2764427641832724E9,0.5995254700846645,5
300,0.6605446670252091,0.02929743133354515,28.430803622770345,7.739796334452215E8,0.6854840340306305,2
300,1.1199194948980722,0.07161808169686686,74.33042592270066,1.8102702985424867E9,0.5580797925782689,1
300,1.0510664028978138,0.05585133314426092,74.29424089354326,1.6612963827832897E9,0.5753336778425713,1
300,0.8869378306652955,0.055911354900906145,66.18025412861427,1.616392522293553E9,0.5861134783611911,3
300,0.7198184085186022,0.06335647528399602,34.86826492055168,1.333572875988608E9,0.6598014117818958,1
300,1.2802392636576165,0.014315023972699193,55.712976157902126,1.3083307200396123E9,0.7012231262894204,4
300,1.1231113396918189,0.07420625942607051,40.722896232246576,1.5296931491504383E9,0.6065423030473416,1
300,0.7400479065795523,0.061208676888421534,40.0365071228318,1.3967089746486487E9,0.6479767824120128,1
300,0.717437083418901,0.06233586261423374,41.59916888060815,1.4588032521827822E9,0.6664761311888239,2
300,0.8930783416732518,0.056130293504922504,66.18558148352513,1.6180881819642477E9,0.5856371586991627,2
300,1.08231678904993,0.0663696351951528,83.28516095626975,1.8426916069587815E9,0.5515962371847383,2
300,1.1322041089516381,0.07678960141069946,71.22333994199373,1.8267392661741383E9,0.556323265125622,1
300,0.8601641527522388,0.06300274868907794,73.69159780192672,1.8129650770048513E9,0.5840629194290146,2
300,1.1378174981708704,0.07714898770645001,71.44153781225793,1.832057474767233E9,0.5553709724803362,1
