evolution$generation,alpha,beta,tsteps,popfit,indicsfit,evolution$samples
100,1.8258652854995217,0.0069708704244892065,58.667555379951395,1.7093958946309475E10,3.6922924036978237,4
100,8.766433901601404,0.07916925957180188,53.73823723315642,9.770105416241377E9,1.814787189476531,3
100,0.18970847376946098,0.09885921290731786,18.164051362112982,3.2288393120379953E9,1.248893508749577,2
100,0.8023985131215494,0.007808894044886739,70.67355811539424,1.1962491651311646E9,0.9644457241434251,1
100,1.0454757402720862,0.09893082082576264,18.398925597450464,1.9381078564619958E9,0.5356234639436582,1
100,2.797679664445309,0.09047355028461485,84.4267278471272,4.0824818523344364E9,0.7318510807776835,2
100,0.5840821266158978,0.0898948654705817,20.500131567491604,2.5810055006571064E9,0.48262185066916513,1
100,1.3203873847353709,0.06497988464758946,80.99212610478058,2.882286424505806E9,0.38598042435033203,1
100,0.7657917265197403,0.08864178972831999,60.89940666912552,3.4933019858190966E9,0.3470736548069073,1
100,0.9653073227993458,0.02426206515899011,53.20460903555932,1.5396018231362972E9,0.6706393929888096,1
100,1.5865802177141022,0.09857044373358005,85.64867498981943,3.2477289594914007E9,0.3716006429433932,1
100,0.8051731622794653,0.006785944958046231,70.13610780032062,1.174241117909618E9,1.0630421676398332,1
100,1.214534990634961,0.09809136560723462,40.42185882667318,2.679647502111582E9,0.4001654845367541,1
