evolution$generation,alpha,beta,tsteps,popfit,indicsfit,evolution$samples
400,2.130166652924088,0.06935280713755725,58.21637267159787,1.6448730723777154E7,1.2333445176486202,6
400,9.21693776927725,0.09196007308023585,81.34216167451312,1.6448730723777154E7,1.2333445176486202,6
