evolution$generation,alpha,beta,tsteps,popfit,indicsfit,evolution$samples
100,1.2002172831405233,0.06158553610880622,63.51621612284696,1.1869253790984249E7,1.254079640070822,4
