evolution$generation,alpha,beta,tsteps,popfit,indicsfit,evolution$samples
200,0.9370847594675792,0.08138959891941164,51.338287614977745,3.148318362797186E9,0.23974059237450407,2
200,0.0,0.0,48.45189423086251,9.688609018387203E8,2.5535500503746005,1
200,5.961212719214506,0.050916898228097245,90.78962025401073,3.493277056683998E10,1.9800945627146833,5
200,0.0,0.00495505896689293,100.0,1.442178303885406E9,1.950077522318645,2
200,0.01651446176383497,0.09500115021347477,12.89949860725327,1.9895268185062816E9,1.6831435831611332,1
200,0.7663961354076022,0.07079769707742627,36.39013285833982,2.555871738093294E9,0.33925930953273936,1
200,0.0010072660619475542,0.007447894830366123,100.0,1.4718520974752772E9,1.92024542588697,1
200,0.8990627787886294,0.011983590669605467,98.16541193295907,2.3536026513614917E9,0.9611247696452371,1
200,0.9203218614642625,0.07329721986457441,49.12271478484577,3.0124013079046197E9,0.26788021538590223,1
200,0.8295276003819119,0.059426931940509166,78.55165584407662,3.1096562155260067E9,0.27087259952399023,4
200,0.5721204951885861,0.08139471451675878,51.97671289194381,2.915004270755325E9,0.6538014943295386,3
200,0.5600670542914632,0.08071068511938988,51.95988390905536,2.905177884288606E9,0.6871154050104891,2
