evolution$generation,alpha,beta,tsteps,popfit,indicsfit,evolution$samples
100,0.3259845053141075,0.060254810129538955,9.457302717289751,2.422861678910959E9,1.1681109107307257,3
100,1.7457323362539823,0.0848175595147235,61.42774691286243,4.9421717084137125E9,0.4274540549387004,3
100,0.8351549139346348,0.02294747607367169,41.50112920050788,1.9475910581130824E9,0.7950385247623808,2
100,0.9544354153828789,0.07073344092342701,90.00349028499767,6.1424028623861265E9,0.3751503551621524,1
100,0.517770005619372,0.014117206744469535,13.218470327314753,1.4956832475752652E9,1.025285716044103,1
100,1.345340931356277,0.08442197104330063,57.51926486383109,4.878636340898998E9,0.4038734933944129,1
100,0.8668064109771734,0.026507451169277964,41.105003087066436,2.0845266972727532E9,0.7637950376164894,1
100,0.9424858723438329,0.07002303885290644,89.99965251479227,6.123415652872417E9,0.3767481846125636,1
