evolution$generation,alpha,beta,tsteps,popfit,indicsfit,evolution$samples
200,0.5235495854718447,0.0,36.30084512354781,1.479406819827916E9,1.4163901727128956,1
200,0.3309127677119756,0.06434499241993528,8.958213236642536,2.428703891528404E9,1.170864338532196,4
200,1.4810813795787454,0.09878292883797846,61.36298608682899,5.4556865264648485E9,0.367990023475351,1
200,0.5415805211965294,0.0,44.37582369586122,1.491820698393557E9,1.3957150344386327,1
200,1.568693747113334,0.09639179901834405,47.38236994006302,4.644419614090809E9,0.4389997686591831,1
200,2.058742555642146,0.029737802182181052,73.14695036516164,3.289098141669367E9,0.7714979996010758,3
200,1.345340931356277,0.08442197104330063,57.51926486383109,4.876051743716801E9,0.40395366027190716,2
200,0.9544354153828789,0.07073344092342701,90.00349028499767,6.139013814882515E9,0.37463730711904475,2
200,0.8351549139346348,0.02294747607367169,41.50112920050788,1.9477776508567832E9,0.7934357371268498,3
200,1.2986508598791777,0.0862475365977564,28.563871425864097,3.3228764803990536E9,0.5831886656887334,1
200,0.21151570991763738,0.06571142891891855,1.4655491815125596,1.6817506774853354E9,1.0430009033452752,2
200,0.8317032647015363,0.022042441081964195,40.02429661639804,1.8779247699362068E9,0.8260324784106176,1
200,0.7114686743122851,0.01840763386333359,18.29025027384443,1.5142319317643747E9,1.001856185325528,1
200,1.7457323362539823,0.0848175595147235,61.42774691286243,4.9421717084137125E9,0.4274540549387004,3
200,0.8668064109771734,0.026507451169277964,41.105003087066436,2.0785603518903885E9,0.7655248384825621,2
200,0.517770005619372,0.014117206744469535,13.218470327314753,1.4956832475752652E9,1.025285716044103,1
