evolution$generation,alpha,beta,tsteps,popfit,indicsfit,evolution$samples
100,0.20925204626991434,0.02985372249221392,7.154980652502891,1.6151652294233418E8,0.8248755814420872,2
100,0.519440279933685,0.00376057569445758,72.05736195150679,8.689861713439271E7,2.369315005524025,1
100,0.20496533955397173,0.030624411915090768,6.443082770638793,1.5584246056587213E8,0.8313504954879862,2
100,0.18094276599256875,0.1,8.980926137102852,3.7826490603954816E8,0.6628571591309356,2
100,0.31637692253035665,0.028884354535529434,7.512198517631022,1.2290647955963434E8,1.026013717252457,1
100,6.75105856182225,0.08092450732183344,84.94754739796848,9.152544586351217E9,3.1911965875236272,3
100,0.467305753036752,0.05318680037603188,56.2959422367669,5.662792920905025E8,0.5226373874369958,2
100,0.3178382371088883,0.05377811357649305,63.071803146842385,6.400713028529263E8,0.48334316090135654,1
100,0.3676680111989841,0.004228874447746687,72.22320162925982,1.4193917317846203E8,0.8359235837188183,1
100,0.1823807694175565,0.1,9.17756488528075,3.7886943416065377E8,0.6576635776883782,1
100,0.20394476898376873,0.09978442745962425,4.951933875212278,2.323449883738146E8,0.7166082125231455,1
100,0.44381958459530496,0.06311980329511493,25.48991834147792,4.15899166544186E8,0.6230850850920527,1
100,0.18094678676064063,0.1,8.898702606128825,3.5841172139855844E8,0.6600206201708517,1
100,0.1771484026075174,0.09980286723007628,9.561262050546015,3.821945253649778E8,0.6572419164409016,1
100,0.5617530796393493,0.029852094345449127,7.1569038579786195,6.355332164014314E7,2.8061412745750816,1
100,0.18094685108281217,0.1,8.898130298144132,3.582361366868326E8,0.6608676104423273,1
