evolution$generation,alpha,beta,tsteps,popfit,indicsfit,evolution$samples
100,7.251097324555009,0.06746788764114094,94.0224695991313,2.3273652972513858E11,2.5968276337274947,4
100,1.2050907618717166,5.042881624534479E-4,66.48228054682525,5.689180334682262E8,2.398145014072651,3
100,0.9929536856455834,0.0,48.051656406084106,2.256219458901479E8,1.9546241425819564,1
100,1.6068533678777324,0.03543841812557063,55.83714833844975,3.91425272733381E9,1.2896253321370352,1
100,1.6152940057762635,0.047449421973626095,53.541564871780295,4.72479720115781E9,1.1555079895650116,1
