evolution$generation,alpha,beta,tsteps,popfit,indicsfit,evolution$samples
200,7.552228693286591,0.034117330231044574,32.93502666650072,5.151670139237532E8,2.237008188496486,5
