evolution$generation,alpha,beta,tsteps,popfit,indicsfit,evolution$samples
600,6.981957282468432,0.0,96.06870688356565,5.151670139237532E8,2.237008188496486,7
600,3.8956427922882275,0.013197349974899976,87.25298072475854,5.151670139237532E8,2.237008188496486,7
