evolution$generation,alpha,beta,tsteps,popfit,indicsfit,evolution$samples
100,2.0082129874974664,0.05147482119654865,53.98202433968001,1.9546171427336937E10,0.853076022046924,4
100,0.2506140119694522,0.009510529115163636,83.29061680261368,9.35875244760746E9,1.112363794483957,2
100,1.4594410830300886,0.046859038355703264,44.36317403194709,1.4717382487285187E10,0.6642019519930893,1
100,1.1203011254934967,0.046422739500068554,45.129797212277225,1.6352163574070766E10,0.6086369038070858,1
100,1.2042045288271275,0.010583760167785847,21.630633458320144,5.608502265308776E8,1.6800642962574905,1
100,0.03239524923705986,0.0,88.39520168284176,1.7125860556583169E9,1.960909339847929,3
100,1.285194820226615,0.08642719739341785,44.74976429614919,2.2664435616365692E10,0.45872022650356936,1
100,1.1749115043924427,0.08340097676343039,43.54973395660195,2.2384960951106E10,0.47035988663722395,1
100,0.5649976316085042,0.023212002057038907,37.947616632040614,9.106917264338358E9,0.9107483837756849,1
100,1.1683563917973911,0.011109367082412978,21.17948758489904,6.108712076392964E8,1.645959976661558,1
100,1.0309541754302645,0.046162557569785115,45.041174267307724,1.6675609534683207E10,0.6038047329765946,1
100,1.2542747816577735,0.09335232939738373,47.306425745515824,2.40196078126623E10,0.4324814607857502,1
100,1.3626510405883883,0.04753651158780807,44.025866625463856,1.527620059386284E10,0.6396964420721707,1
100,1.7233791162844079,0.046605351570698825,41.43884512029316,1.3072670800648184E10,0.8010882138372933,1
