evolution$generation,alpha,beta,tsteps,popfit,indicsfit,evolution$samples
500,3.0950575926909347,0.08541540547079973,19.968736436105072,3.113256130478026E8,1.1444103566386765,6
