evolution$generation,alpha,beta,tsteps,popfit,indicsfit,evolution$samples
100,9.457997632558406,0.0013106750099429743,72.44052645211352,3.113256130478026E8,1.1444103566386765,4
100,1.3986224399559508,0.05048211568762245,23.554823025837088,3.113256130478026E8,1.1444103566386765,4
