evolution$generation,alpha,beta,tsteps,popfit,indicsfit,evolution$samples
900,7.756015113418105,0.06478310178214985,39.7098152928227,3.113256130478026E8,1.1444103566386765,8
900,6.608324477575258,0.06457864074711715,34.771973216022715,3.113256130478026E8,1.1444103566386765,8
