evolution$generation,alpha,beta,tsteps,popfit,indicsfit,evolution$samples
1000,7.756015113418105,0.06478310178214985,39.7098152928227,3.113256130478026E8,1.1444103566386765,10
