evolution$generation,alpha,beta,tsteps,popfit,indicsfit,evolution$samples
100,2.8504206973219604,0.09154520635905586,62.122024538445714,7.312645844830644E9,1.513619567481973,5
100,0.5895315962560455,0.03362920376770919,10.387997190062856,7.182716565522297E9,0.8327624131564257,2
100,2.7309697289039114,0.008743118449043874,79.50349162703182,1.406029716317506E10,0.7336698187365459,2
100,0.26083839952870924,0.062370358488508554,7.456979231946891,7.652920794831819E9,0.8280826288840519,1
100,2.480444856008755,0.013621981721560098,79.53206744019073,2.158311231385657E10,0.526951404327967,2
100,0.1991698636461077,0.01960224818895714,7.201264739357636,6.737088598600372E9,1.0708912251626697,1
