evolution$generation,alpha,beta,tsteps,popfit,indicsfit,evolution$samples
400,2.850292908204377,0.0904188357911826,61.63697511664848,7.321834167684295E9,1.517102683903921,7
400,0.14362552286932437,0.020458272579751566,14.51770156018224,6.409240184977068E9,1.0119490754267555,2
400,1.0562591144463116,0.038750608542695915,42.49311649440834,2.650832027674867E10,0.3867236278264115,1
400,0.8864953227238938,0.03441224394131679,33.36399863016961,1.869774696994335E10,0.44999621697857994,2
400,0.6323965685277432,0.09003834480585575,8.958593231201032,1.2964821262944408E10,0.5420198420546923,1
400,0.6105634412361937,0.05863629205664091,8.811902303949068,8.350680344929125E9,0.700521488513105,2
400,0.600309965217369,0.08761910269713219,7.297695174480788,1.0244748519381216E10,0.6120208205037606,1
400,0.6444294835816449,0.09173291921034081,9.05416874323114,1.3157716406645967E10,0.5375189523941015,1
400,0.7301516658105546,0.06228951799648644,10.920683980067329,1.0782725421275023E10,0.609335739820309,1
400,1.6105792240624481,0.03771610167994019,28.535692679458464,1.9315620598722923E10,0.49516192213635013,4
400,1.207535768935373,0.03276461559843677,20.612567967302393,1.1393986765290716E10,0.6673935966859452,3
400,1.065461473519235,0.03768523488598295,17.472423800554775,1.0946823241872835E10,0.666622238328936,2
400,0.7017219003510627,0.06211808797491532,7.354168974018744,7.844210343684989E9,0.7895460418064705,3
400,0.5871873909284723,0.028255772306055922,10.332856133655241,7.0767112568410845E9,0.9028127682423625,1
400,0.11870299130459971,0.021839612083307217,7.941952814579138,6.518955932918651E9,1.0919199132776358,3
400,0.2854010327550622,0.0582287452387694,7.73398702934564,7.387601733280182E9,0.8237372026284734,2
400,0.6371763146318737,0.06211772170727541,7.349434490138293,7.707904002149152E9,0.7680793345723349,1
400,2.8504206973219604,0.09154520635905586,62.122024538445714,7.312451485195769E9,1.5136351831206303,6
400,0.13558004595526052,0.021078663588840186,7.944171184134799,6.553146596940519E9,1.0871362928409967,3
400,0.30123500349107485,0.06184749813522275,7.703162605244242,7.609017987515417E9,0.8015632143904057,2
400,0.5895315962560455,0.03362920376770919,10.387997190062856,7.182716565522297E9,0.8327624131564257,2
