evolution$generation,alpha,beta,tsteps,popfit,indicsfit,evolution$samples
100,0.3947381382392767,0.09195001999467729,65.93519530430594,6.716786569067626E8,3.358201033089664,3
100,1.1192936620502048,0.04341052765318845,5.68257330691403,6.716786569067626E8,3.358201033089664,3
100,1.5697253211541073,0.046396931992672745,86.3293104558492,6.716786569067626E8,3.358201033089664,3
100,3.4201848007424718,0.032075858041939534,30.273670312332875,6.716786569067626E8,3.358201033089664,3
100,3.761946023792284,0.02235318051856694,67.5032986214488,6.716786569067626E8,3.358201033089664,3
