evolution$generation,alpha,beta,tsteps,popfit,indicsfit,evolution$samples
100,1.8072644709055274,0.05427708403018683,49.207917060216246,4.064148751990052E8,0.5386066640414582,2
100,0.8741823973776397,0.0,88.68911529310448,439408.25355056574,1.2358194186219285,2
100,3.498097349591771,0.0960131427978697,73.4879147077207,5.777586629940431E7,1.6799018607888918,4
100,1.9709431661141537,0.05259199355651939,45.68399352580239,3.777800254288813E8,0.571340783492445,1
100,1.805127134294453,0.029658952158056886,49.13993655153193,2.2561942776047578E8,0.7284394894652694,1
100,1.8079928021315064,0.0332063238948274,49.20364324008434,2.569102491901628E8,0.6905698451038779,1
100,1.7224884196130703,0.029980086850445165,45.34723954845055,2.0644547665382734E8,0.7523399657686021,1
100,0.670987665089896,0.0,99.78563092096373,2253456.2535419147,1.2159149130293931,2
100,1.8095559162446624,0.05238854682378438,49.15445304683313,3.944855309910247E8,0.5497808560491182,1
100,1.8072644709055274,0.028797438025627193,49.20791706021625,2.1673242877731463E8,0.7409153835253058,1
100,6.156057660408358,0.046956466424079094,99.76014245530236,5.084798570011701E7,1.8556997584871056,3
100,1.8780705370850277,0.03179330660516925,45.68221822598697,2.2405086336893782E8,0.7339904604211532,1
100,0.8583864577511563,0.02699855326908356,55.956785974973045,2.6081315016997313E8,0.6557202589450548,1
100,1.8072644709055274,0.03321467684931222,49.207917060216246,2.5697426195851913E8,0.6897491830070457,1
100,3.7414793272142766,0.08768837293268748,73.57899929123798,5.639876683047452E7,1.703670712404523,3
100,10.0,0.053454560663088985,100.0,5.174014344199926E7,1.8314761613366015,3
