evolution$generation,alpha,beta,tsteps,popfit,indicsfit,evolution$samples
100,8.519295352601198,0.03809697926341698,82.56793892216827,4.1535535568063945E8,1.9193435958053189,2
100,6.418523268671614,0.057704027167794436,67.72546310822575,4.262547967548431E8,1.8314271400792292,3
100,4.719216913398954,0.028198458991467713,54.57233337321735,4.075181418591765E8,1.9784907881918534,2
100,7.721756579531968,0.05075522604127319,72.73123902076628,4.223564750795047E8,1.8594979016156872,2
100,3.1225492762094276,0.014824011979763886,60.82546660349871,1.1185513707284603E9,0.8459105645963791,2
100,9.39034471502589,0.0662209492771708,53.280685575571255,4.2997595471303797E8,1.8004180838605048,2
100,3.97831290458109,0.054077861142866314,87.60787659365583,4.25403681364169E8,1.845560423825161,3
100,3.0308656363628113,0.09726253036795132,13.915504840664779,4.3167185550928724E8,1.7083926974816577,4
100,0.0,0.01030389529568182,79.20805569912666,2.028208213993549E9,0.38308819524719134,1
100,0.6949536798786071,0.06145659267577799,1.0,1.0226540556706084E8,1.5030745363664808,1
100,0.0,0.012040677929368063,1.0,3.1504778851858747E8,0.7190417749182131,1
100,0.0,0.1,2.738687361232824,6.640715034839073E8,0.5692580169242332,1
100,0.7992691179890294,0.060605634553752966,1.0,9.417271124505511E7,1.5700860618310393,1
