evolution$generation,alpha,beta,tsteps,popfit,indicsfit,evolution$samples
700,4.766585998722385,0.1,82.99955988903422,3485076.0715698376,0.46466170879223306,8
700,9.495549977909292,0.04223185846005986,33.78113189384462,3485076.0715698376,0.46466170879223306,8
