evolution$generation,alpha,beta,tsteps,popfit,indicsfit,evolution$samples
100,8.138586898994337,0.0335631516868455,60.95929103690295,1.3207795435209532E9,0.750913271427811,4
