evolution$generation,alpha,beta,tsteps,popfit,indicsfit,evolution$samples
1000,6.256375767854916,0.022298413703743334,1.0,1.3207795435209532E9,0.750913271427811,10
