evolution$generation,alpha,beta,tsteps,popfit,indicsfit,evolution$samples
200,1.5587682805948533,0.05536438600191769,12.691555635755654,2.1712366639631085E9,1.3476660249166776,5
200,0.37424405110011594,0.029728259237902926,33.30795118398242,5.2237716921650463E8,0.6929292898128125,1
200,0.9599231895109868,0.05946951320556453,71.73560536538625,6.565955667596235E8,0.293496371228734,1
200,2.701112172387998,0.06597948845476241,91.7783475993363,1.1783078170777688E9,0.47958325078843633,2
200,0.3695688655058935,0.04856250482494203,33.11074927236311,5.502770516235996E8,0.6357507592449904,1
200,0.5434112674909131,0.04147666698769585,61.97070215091506,5.9341569776401E8,0.4007364779657545,1
200,0.3741664078454681,0.0504919779121913,33.11960848817105,5.548265546718779E8,0.6241794469361284,2
200,0.8999896637983718,0.0660057582070324,49.06926619587471,6.271231212572398E8,0.3261703526925283,1
200,0.3248055894423296,0.044600840317535445,90.57015783351164,7.64273841808976E8,0.6946343590565303,4
200,0.977555915821404,0.04270754706940191,92.24373655250996,6.456772578183886E8,0.31021886641011825,1
200,0.0,0.02843555651188853,55.16240849361626,6.889920953417718E8,1.083286942503858,3
200,0.35032404325526345,0.05028050090453365,32.204090066212416,5.512295148519993E8,0.6576156789861671,2
200,0.9464257542275274,0.042241002933086455,92.81747528332104,6.466680918957757E8,0.30542076073248864,1
