evolution$generation,alpha,beta,tsteps,popfit,indicsfit,evolution$samples
200,6.970559090408887,0.022041132741976922,35.13780453702105,4.053969209733372E7,3.647042348008787,8
