evolution$generation,alpha,beta,tsteps,popfit,indicsfit,evolution$samples
100,0.9705270440974312,0.07010902971033024,6.051780565394259,5.536960070043747E8,0.7784602369583093,2
100,3.0151971992985493,0.03548704179278628,37.51315366217173,1.4799478399988837E9,0.592404759040056,4
100,1.939432955400986,0.08831732543401397,39.86476637634205,3.1826869041197863E9,0.48895305476216566,2
100,0.8078232505871814,0.06846211316808946,3.585902375279482,3.567216406087005E8,0.8972635758032617,2
100,0.9705270440974313,0.07011609537741567,6.05178056539426,5.553516193368992E8,0.7783645192325243,1
100,0.9705270440974312,0.0359365793508166,6.051780565394259,3.06617038632944E8,0.9190798567907947,2
100,3.036102593870973,0.036053615364232364,36.43436050155635,1.4386367652307835E9,0.5977098453095904,3
100,1.892028395470137,0.0873920122708065,28.041303541205888,2.674261229598239E9,0.49830982983931954,2
100,1.5636533890005793,0.07018928915139529,6.418047046652273,4.805453886973327E8,0.78712960828577,1
100,0.7810992771030263,0.06544599548425963,6.578617976126979,6.198820254249779E8,0.7696622062698688,1
100,1.5922449080391625,0.03594030317974619,5.988642576891264,2.4286356754084128E8,0.9406149054486241,2
100,2.2791959927603473,0.1,40.18295964849584,3.3233864845250044E9,0.48361927730622767,1
100,1.5636533890005793,0.07018928915139529,16.80599707088688,1.5062660790350947E9,0.5695507635003274,1
100,3.0657972899507264,0.0336653011859359,34.71263026916943,1.2806835098230453E9,0.6227819934587516,1
100,1.961739853885631,0.08851683270538523,76.90935540608315,3.9789085380114913E9,0.47607819832561893,1
100,2.8380816849651196,0.08848802130762927,5.082702007453918,4.2796071551398736E8,0.8246685005404836,1
