evolution$generation,alpha,beta,tsteps,popfit,indicsfit,evolution$samples
900,3.721864203576628,0.027005181247494292,83.1944862802784,4.921382192691951E8,1.329739610413235,11
900,0.35398979435491945,0.011254907365583816,3.8875327172718093,4.921382192691951E8,1.329739610413235,11
900,3.8439434247132453,0.05157662311556879,67.56854914887379,4.921382192691951E8,1.329739610413235,11
