evolution$generation,alpha,beta,tsteps,popfit,indicsfit,evolution$samples
700,3.8439434247132453,0.05157662311556879,67.56854914887379,4.921382192691951E8,1.329739610413235,9
