evolution$generation,alpha,beta,tsteps,popfit,indicsfit,evolution$samples
300,2.330838059808955,0.040876156280030655,38.458679844843914,4.921382192691951E8,1.329739610413235,5
300,0.904568544183894,0.1,29.82745906531077,4.921382192691951E8,1.329739610413235,5
300,1.6578603743693612,0.1,22.759888444863805,4.921382192691951E8,1.329739610413235,5
