evolution$generation,alpha,beta,tsteps,popfit,indicsfit,evolution$samples
600,7.242936142650908,0.024496082996917124,13.344289822723717,5.6802826501534626E7,1.5353990393138492,11
