evolution$generation,alpha,beta,tsteps,popfit,indicsfit,evolution$samples
100,6.081923651405412,0.09240307844853596,72.28088370016741,5.458332492402412E8,2.961970925331968,3
100,1.314032360368771,0.043560203268109304,31.737438731498262,1.456693489688627E9,1.1745493433364727,3
100,2.2885603380420316,0.08067409809538961,73.30432540191134,3.469917430235599E9,0.4188288647497538,1
100,1.1253203760983466,0.06597278979825964,59.17364675008923,2.9426154948998923E9,0.5185372380370193,1
100,7.017339616233973,0.09950066286178748,65.12907537906086,5.46114478499769E8,2.933432701545245,2
100,5.9694218655369955,0.09355244189364832,72.28675157093558,5.453779579941852E8,2.9568484737019647,2
100,0.0,0.07996818858787177,74.52673549122463,5.423215585665323E8,1.8041711759796775,1
100,2.1106651547860693,0.08115960490646992,72.735426711406,3.4865829017577295E9,0.40703111071914977,2
100,0.0,0.019877687964814567,90.92336296724248,2.1871226274784446E9,0.604978621008867,1
100,2.0211382438604812,0.08064335314520113,73.30894415660745,3.49389162049548E9,0.4018284602002488,1
100,0.04073820164191516,0.07935481353137988,48.746977045225286,3.183220820795765E9,0.43735724314674396,2
100,2.2538448782204474,0.08006596130360932,74.25208150767327,3.472367775393241E9,0.4166813318116975,1
100,0.11878919248110949,0.08039221745364862,74.7581035670378,3.8776462050900693E9,0.3551841801596359,1
100,1.504430442646019,0.04359075604078418,25.176807944780716,1.1999655453120878E9,1.3520208676918832,1
100,1.230831757125657,0.04088071883098007,30.693095701013263,1.3367741506760302E9,1.2351636240961168,1
100,1.651276360192384,0.09754706543359219,68.00538736194386,5.396095287247229E8,2.9359149479900912,1
