evolution$generation,alpha,beta,tsteps,popfit,indicsfit,evolution$samples
100,1.4584401600610633,0.05490695294053857,25.12091917688399,8.866308940974981E9,2.382259949501634,4
