evolution$generation,alpha,beta,tsteps,popfit,indicsfit,evolution$samples
1000,1.6721753400011696,0.07185992110035806,8.17617211720108,8.866308940974981E9,2.382259949501634,9
1000,4.425756818521252,0.0,42.3333877589586,8.866308940974981E9,2.382259949501634,9
