evolution$generation,alpha,beta,tsteps,popfit,indicsfit,evolution$samples
800,4.425756818521252,0.0,42.3333877589586,8.866308940974981E9,2.382259949501634,8
