evolution$generation,alpha,beta,tsteps,popfit,indicsfit,evolution$samples
500,3.603576260112348,0.09461570422191186,59.13311996709205,9.243241215312132E7,1.254975767278044,6
