evolution$generation,alpha,beta,tsteps,popfit,indicsfit,evolution$samples
1000,3.603576260112348,0.09461570422191186,59.13311996709205,9.243241215312132E7,1.254975767278044,8
1000,6.089170832235484,0.01340366507872557,91.16586095623664,9.243241215312132E7,1.254975767278044,8
1000,0.08244103544713965,0.015229280348087071,16.682027287120864,9.243241215312132E7,1.254975767278044,8
1000,8.880903087444082,0.024883741034427698,99.63388114708125,9.243241215312132E7,1.254975767278044,8
