evolution$generation,alpha,beta,tsteps,popfit,indicsfit,evolution$samples
300,4.30576104274838,0.0582432067256792,41.128734503768946,9.243241215312132E7,1.254975767278044,4
300,5.153529186954654,0.09001554062796323,60.12645624810545,9.243241215312132E7,1.254975767278044,4
300,5.129686473950326,0.07441624821471535,76.37748228827381,9.243241215312132E7,1.254975767278044,4
300,2.5658481861467086,0.07767725809849393,71.39299786162823,9.243241215312132E7,1.254975767278044,4
300,3.603576260112348,0.09461570422191186,59.13311996709205,9.243241215312132E7,1.254975767278044,4
