evolution$generation,alpha,beta,tsteps,popfit,indicsfit,evolution$samples
800,5.234607539956819,0.09482229808344543,21.987607359644795,7.32396318882081E7,1.3244514430930803,9
