evolution$generation,alpha,beta,tsteps,popfit,indicsfit,evolution$samples
600,6.67498040377533,0.0020138096171665953,88.77952709109498,6.931199781208498E8,2.561411833939264,8
