evolution$generation,alpha,beta,tsteps,popfit,indicsfit,evolution$samples
300,6.150582964825119,0.08456420730005432,42.73594066104306,5.616656009244386E9,1.2637392840957602,5
300,0.48981838524493093,0.0016867345958472676,71.04887812001044,1.5673252256562245E8,0.5063932239348744,1
300,0.9612143769936221,0.09035414665057766,52.364306222749065,8.947033086351566E8,0.25578546350610787,1
300,0.5761490391111916,0.026136184741214714,71.65768207231406,5.3239775478032774E8,0.33953204845766777,1
300,0.9643799392624384,0.08392095187307197,52.19683996693634,8.55273938956975E8,0.25616598267725266,1
300,0.5640814607603668,0.01593671596267346,71.4712641742949,3.5613428803498095E8,0.36874970245355415,1
300,0.9031052664290202,0.01893611957306051,71.04642473951988,4.009791463832607E8,0.4270589307643416,2
300,0.7421366182735912,0.02847252983661048,100.0,6.824593537043593E8,0.27311250302439477,1
300,0.7508640291064773,0.035745153725782866,70.97421495126123,6.260860420955118E8,0.27784625307912575,1
300,0.7428701568904671,0.028276928729724128,99.88826852225564,6.747639536952225E8,0.27335007547065504,2
300,0.43583719284502637,0.022820844296908407,68.36619146368275,4.9678993695465374E8,0.4727309985184257,4
300,0.7397048157492296,0.03378469340565442,70.99045055158126,6.078924622937253E8,0.28282057128994403,2
300,0.328699814811656,0.0,100.0,1.6379193966547048E8,0.9017307580686257,2
300,0.866904672573725,0.011192957544596394,72.38439876255177,2.9195623755172974E8,0.5490904561537173,2
300,0.28115523662182096,0.0,29.56104507119718,1.68517798842578E8,0.943872464876003,3
300,0.0,0.007002950608562633,32.02459194010355,2.8059191295703506E8,1.0250717294451812,4
300,0.9339948507984677,0.026060495454632272,70.86984615144297,4.910091728194678E8,0.36502616939864957,2
300,0.8647697491747852,0.0196841030088607,70.9426987675539,4.0763877787267405E8,0.4020983511369482,3
300,0.8084941015238833,0.01927053039372543,71.70948523442728,4.041132137778873E8,0.3770827347155367,2
300,0.4994333422536998,0.009609719277058622,77.04159232216959,2.6030019316755214E8,0.42962537319166566,1
300,0.7613366443254944,0.025236742473843776,54.38132107679999,4.038973838558404E8,0.35804076608792507,1
300,0.7329203430605223,0.006522224994661693,27.687312866319964,2.185947179626713E8,0.8090305818712804,2
