evolution$generation,alpha,beta,tsteps,popfit,indicsfit,evolution$samples
100,4.525534889287538,0.037966774787805864,53.84625471694029,1.6636170892684429E9,1.5359157906583447,3
100,9.106792760235923,0.014130142620933584,89.08462304246093,1.6636170892684429E9,1.5359157906583447,3
