evolution$generation,alpha,beta,tsteps,popfit,indicsfit,evolution$samples
300,3.6055519702339605,0.03242794821056907,55.50249980469056,1.6636170892684429E9,1.5359157906583447,6
300,4.525534889287538,0.037966774787805864,53.84625471694029,1.6636170892684429E9,1.5359157906583447,6
