evolution$generation,alpha,beta,tsteps,popfit,indicsfit,evolution$samples
300,5.766415439532371,0.08066436841155174,42.854828773087895,1.091614691610544E9,2.0685749946390604,4
300,8.413711302847261,0.08876992876389447,91.71690887073122,1.091614691610544E9,2.0685749946390604,4
300,2.1237572614802747,0.1,14.303073980487534,1.091614691610544E9,2.0685749946390604,4
300,3.9483568893047987,0.09210899768511083,13.386122116530645,1.091614691610544E9,2.0685749946390604,4
300,0.912380416406442,0.09304031362803794,53.16813562703686,1.091614691610544E9,2.0685749946390604,4
