evolution$generation,alpha,beta,tsteps,popfit,indicsfit,evolution$samples
400,2.1237572614802747,0.1,14.303073980487534,1.091614691610544E9,2.0685749946390604,6
