evolution$generation,alpha,beta,tsteps,popfit,indicsfit,evolution$samples
500,4.141013463055585,0.09354791489999877,84.98028779151096,8.040499982569298E8,1.136736015463322,9
500,1.156210874324681,0.1,12.404187890286938,2.9199023054302034E9,0.15823438766635653,1
500,0.5488217964784876,0.1,2.3707404489389043,5.748425213840766E8,0.5741336907851401,1
500,0.6746915414778201,0.0993784009699188,12.383309521397765,3.417081774180776E9,0.4999355745728017,3
500,1.7085898513296423,0.09396540667386627,9.705462370559804,1.5255136314797976E9,0.2580269000953846,1
500,1.150948550564804,0.1,11.264511912631269,2.557155067184539E9,0.16497145378694986,1
500,2.0220804559656176,0.03293513414178719,41.92907325626997,2.8083288385745597E9,0.1624460600454486,2
500,0.6351075900343895,0.1,3.29204777386974,6.117128756318258E8,0.46822933852839704,1
500,0.9944463757048255,0.09989662942480239,5.754598451610369,9.049039352086141E8,0.3114887823042376,1
500,0.005192555430915503,0.0,50.1319652953405,7.187039921154389E8,1.2469547496665965,2
500,1.170638777341518,0.09263377003072515,6.368414752598518,8.692985272645514E8,0.350820548168583,2
500,1.0685904222573044,0.1,5.8726719414901805,8.849859795238192E8,0.3263675771601475,1
500,0.6915694363386051,0.09945580689668646,14.66224046217602,7.729274335376471E8,1.0933465547237444,3
500,1.123849838472569,0.09226894304917342,6.321695876280624,8.717461962570868E8,0.340822492549468,1
500,1.0949104097609543,0.0999924032527259,5.618291018812264,8.162442035168529E8,0.35919094538552676,1
500,0.7583922837819869,0.0906424058274857,5.46675267889452,7.74731504289591E8,0.359562881884642,1
500,4.168979225653371,0.09960870259351058,85.13648237700505,8.034771652954401E8,1.1227879877174054,5
500,0.0,0.08718820352034114,16.7840340382972,7.901806352660861E8,0.9712866786957455,2
500,0.0,0.1,48.59350444329084,7.933436061513238E8,1.0008721335970967,3
500,0.0,0.1,51.72836649647896,7.934477649263053E8,1.0034280162200067,4
500,0.5333350292421964,0.08504279195667941,41.37567762224906,7.89108977266842E8,1.1375796478980003,5
