evolution$generation,alpha,beta,tsteps,popfit,indicsfit,evolution$samples
200,2.0220804559656176,0.03293513414178719,41.92907325626997,2.8119265325810804E9,0.1628188208807112,1
200,0.6915694363386051,0.09945580689668646,14.66224046217602,7.742177856077671E8,1.093916260503363,1
200,4.141013463055585,0.09354791489999877,84.98028779151096,8.040582752719076E8,1.1367523611194699,4
200,3.6644435688869397,0.022210423022015105,61.26654202450179,4.315562375908894E9,0.860094248868549,2
200,0.0,0.08608341345431457,32.47689087134645,7.930232655840192E8,0.999373788152407,1
200,4.133799395367003,0.1,85.12495603500871,8.032908533011037E8,1.1218073858337987,2
200,4.168979225653371,0.09960870259351058,85.13648237700505,8.034626906693007E8,1.1227879877174054,3
200,0.34216231783224643,0.0883062944287452,43.04187326825003,7.888797502734971E8,1.125567636318162,2
200,0.6483141128971769,0.0851068921978744,41.747447978304606,7.89028369285082E8,1.1402591819697163,3
