evolution$generation,alpha,beta,tsteps,popfit,indicsfit,evolution$samples
300,8.307415941864987,0.04637093480716506,83.75057065107033,2.9068770960189595E9,3.0234633399859523,5
300,6.2787961714443785,0.03380858430261873,2.846868638689177,2.9068770960189595E9,3.0234633399859523,5
300,1.5959458672517044,0.014091548245838904,95.21707012742968,2.9068770960189595E9,3.0234633399859523,5
