evolution$generation,alpha,beta,tsteps,popfit,indicsfit,evolution$samples
1000,1.080552894050078,0.08223024524786982,57.004846086225356,2.9068770960189595E9,3.0234633399859523,9
1000,5.587069413326773,0.07038280037905913,14.282113492613563,2.9068770960189595E9,3.0234633399859523,9
