evolution$generation,alpha,beta,tsteps,popfit,indicsfit,evolution$samples
500,1.5959458672517044,0.014091548245838904,95.21707012742968,2.9068770960189595E9,3.0234633399859523,6
500,0.47366873186211256,0.0318222083544144,69.88722166977438,2.9068770960189595E9,3.0234633399859523,6
500,8.307415941864987,0.04637093480716506,83.75057065107033,2.9068770960189595E9,3.0234633399859523,6
