evolution$generation,alpha,beta,tsteps,popfit,indicsfit,evolution$samples
200,6.840750624688658,0.07604129576048962,13.25979974465163,7.331504697195819E7,1.0738299869270806,5
