evolution$generation,alpha,beta,tsteps,popfit,indicsfit,evolution$samples
100,2.378589945951929,0.0063166919840056185,43.9035262339416,7.331504697195819E7,1.0738299869270806,4
