evolution$generation,alpha,beta,tsteps,popfit,indicsfit,evolution$samples
100,2.4835903783247715,0.016440224547883586,83.54636442726395,1.3207073453297184E10,2.5605813033483695,4
100,0.18952488885341623,0.054774400173657756,53.19930427101342,6.51414611497647E9,0.3739551886295091,2
100,9.767624589756837,0.097045186783497,53.15037174987255,1.2748808825437561E10,0.7369744683379781,3
