evolution$generation,alpha,beta,tsteps,popfit,indicsfit,evolution$samples
300,0.0,0.02851828682481261,32.29994159185015,8.519094461949704E10,4.871641486737259,4
300,0.13281465500405193,0.04160396645963385,64.72025416916492,8.519094461949704E10,4.871641486737259,4
300,6.78475150634724,8.738921519408417E-4,13.379486380799548,8.519094461949704E10,4.871641486737259,4
