evolution$generation,alpha,beta,tsteps,popfit,indicsfit,evolution$samples
400,4.720889625793976,0.03602495182510153,85.44416553020017,8.519094461949704E10,4.871641486737259,6
