evolution$generation,alpha,beta,tsteps,popfit,indicsfit,evolution$samples
500,0.0,0.06796733818996674,100.0,1.9121701861740863E9,1.3581770436704799,6
