evolution$generation,alpha,beta,tsteps,popfit,indicsfit,evolution$samples
400,0.0,0.07204051938878153,71.60943492255544,2.8855088030501522E10,3.904823336039558,5
400,1.9579894670184124,0.07292564642900756,73.55571902519907,2.8855088030501522E10,3.904823336039558,5
400,9.592410755016616,0.027157873127537105,48.14454887047872,2.8855088030501522E10,3.904823336039558,5
