evolution$generation,alpha,beta,tsteps,popfit,indicsfit,evolution$samples
100,4.081750764438139,0.08386550970933743,63.026628146438355,9.565625528028835E9,1.00150807232604,4
100,0.037617616178999405,0.09565453255797074,2.56054748904139,1.102142906671063E9,1.0444984711659488,2
100,1.3862510791504694,0.07978158977499139,70.6958565370839,3.6237355649388537E9,0.3269615940042417,1
100,1.2473839143346765,0.0934954985970221,71.6580048261918,4.055560693449941E9,0.35968377925908707,3
100,1.995400594356711,0.02709637746096203,72.67424890898162,2.9601556921477485E9,0.5219372018713541,3
100,1.0317716560293435,0.0,100.0,1.4537336439604285E9,0.846594094806782,2
100,1.1255663837278314,0.018272205528606256,100.0,1.9409402846204402E9,0.40365788631370836,1
