evolution$generation,alpha,beta,tsteps,popfit,indicsfit,evolution$samples
500,0.27139871780143354,4.96079988287073E-4,51.11865919453845,1.6128475468922045E9,1.8104863762217989,1
500,0.49459825076693525,0.1,89.09049424814819,7.364832075869638E9,0.7248451652174703,1
500,8.186776412607841,0.09225033032218427,90.73161268267548,5.514866708381708E10,2.6001206342077094,6
500,0.5859983397957719,0.0026491146068670923,50.52247452542063,4.49711137015721E9,1.271318809036707,3
500,5.970518363789183E-7,0.09937258509117862,15.062734619163896,4.370703463727451E9,1.4872117048150202,4
500,0.7814975238775903,0.03971917971027118,96.85958908403623,7.592184874260387E9,0.7748906722728446,2
500,0.4591852749753799,0.02570768858133973,50.61064863496199,3.488595998008572E9,1.0566068488160776,1
500,0.5018719853898356,0.05621996226960296,23.726768562222404,3.8679336547248564E9,0.9193449845460502,2
500,0.0,0.1,1.0,2.3731025452288227E9,2.082940546032625,2
500,0.4871064477705636,0.009343596969448144,55.19610830986786,2.575061822086158E9,1.1855184252694286,2
500,0.06187486466710062,0.05099277995527235,7.543823933326867,2.4336140959418654E9,1.4134155342431127,1
500,0.3453610015834323,0.05113900181947833,83.89397911830295,5.974442998894086E9,1.028894159297521,3
500,0.6387180747806137,0.062118225011090815,28.006496032029652,5.499900136815932E9,0.7973101021843945,1
500,0.48533028301887193,0.009648509430708732,54.53237468215153,2.559934920769409E9,1.1745337571954049,1
500,0.12937475935879883,0.007785773805513801,48.83156022417633,2.2176880251387205E9,1.776202888514178,1
500,0.4468002729317673,0.06377008183781191,22.363214310875613,3.8609247466666265E9,0.988051608377655,1
500,0.4251820165963395,0.06451165239160891,22.374761173571354,3.832341155258177E9,1.0146438733623855,2
500,0.39894059797949466,0.09621622242839964,100.0,7.794247846718815E9,0.8421293829098896,3
500,0.0,0.001438582304212125,52.21110128274499,1.99693282545511E9,2.1180067667156273,2
500,0.0,0.0,45.41625345950139,1.8122691060678189E9,2.221384383363697,2
500,0.05909615718937028,0.05139557625908954,5.282868229052595,2.5654253043863673E9,1.3708130324200858,2
500,0.0,0.0,50.678964144207185,1.8246155155801344E9,2.2205772153395174,2
500,0.19914154985155183,0.004738682342248049,44.27438651663562,1.8250849358962176E9,1.7797638695686633,1
