evolution$generation,alpha,beta,tsteps,popfit,indicsfit,evolution$samples
100,0.8120782844633445,0.08373556152504043,20.454089974675238,2.403856476114212E9,1.0103386276719521,3
100,1.4108078578568217,0.05387649198911651,43.63053115021406,2.886376696050445E9,0.9091462771283767,3
100,0.19292416737090035,0.02266812232028255,6.938378467662788,1.9744555068159604E9,2.0597022866565773,2
100,0.480823470831544,0.006950093591712814,80.79514533074402,1.886919951706115E9,1.530659801782968,1
100,2.123431682344039,0.06598704683534654,68.1660150385394,4.398649509669361E9,0.7783878829305577,2
100,0.9691998705919169,0.05482093782780822,39.510049242549734,2.6119781071976624E9,0.9244298377888188,1
100,1.1666346803228866,0.024927664222828484,75.70507075391001,2.519163546771099E9,0.9974413554900015,2
100,0.8245430559296529,0.07118281296079541,20.471648018051496,2.2655431731862693E9,1.0737179703345032,2
100,1.3791944161225271,0.09685187402842324,41.55117380666291,3.3523332334680734E9,0.7409984677247218,1
100,1.1490588654508813,0.024924678961617888,75.61096562799261,2.506260983030275E9,1.0014695127891393,1
100,1.1666346803228866,0.02492766422282848,75.70368376927155,2.517325500377365E9,0.9977963709609268,1
100,0.6759605380510998,0.030434199344866575,75.41506574348207,2.707569506621513E9,0.9659611633345713,2
100,0.8245427490540952,0.07118281296079541,20.471639448859094,2.2626196005453176E9,1.07464887977164,1
100,0.49560701839066545,0.010313063987402197,48.610696819064444,1.8779820951380212E9,1.5502309702450752,1
100,0.4823463313587631,0.007276244528636316,80.69883727630106,1.889928170079181E9,1.5088370166647167,1
100,0.48232071916901437,0.007315887011485212,82.37736998172839,1.8945196323671813E9,1.5083825786841072,1
100,0.480823470831544,0.006950093591712814,75.4410290684043,1.8808446350019777E9,1.5464088042258506,1
100,0.9542452005451342,0.06475786642734568,39.53114962411708,2.784063345524055E9,0.8734367014178506,1
100,1.1425570023486797,0.029669599996354292,76.5918718003681,2.6615108708501916E9,0.916652467242343,1
100,0.8280592005854325,0.07522624159319402,10.120614184376013,1.9657002924553308E9,1.4424315113641921,1
100,1.1666346803228866,0.02492766422282848,75.70377323441451,2.516502305510498E9,0.997988547500914,1
100,0.9093460981244514,0.07732784169798676,26.45214984446935,2.5652328880819974E9,0.9438020667663489,1
