evolution$generation,alpha,beta,tsteps,popfit,indicsfit,evolution$samples
100,9.399495516837588,0.06807301148848133,9.72367714554512,8.172192076446719E8,1.6030424426185934,3
100,0.6303962793129081,0.03241253067530854,64.49736155571671,8.172192076446719E8,1.6030424426185934,3
