evolution$generation,alpha,beta,tsteps,popfit,indicsfit,evolution$samples
800,1.5162452116375498,0.06258081569812106,60.64488992944869,8.172192076446719E8,1.6030424426185934,8
800,0.0,0.04656487439569741,93.08518438415732,8.172192076446719E8,1.6030424426185934,8
