evolution$generation,alpha,beta,tsteps,popfit,indicsfit,evolution$samples
300,5.065080812100398,0.08556565384162916,79.60487191559095,4.8368668140338816E7,1.100811612983412,5
