evolution$generation,alpha,beta,tsteps,popfit,indicsfit,evolution$samples
100,9.214912831911086,0.054368241003471776,6.4796264177127565,4.8368668140338816E7,1.100811612983412,4
