evolution$generation,alpha,beta,tsteps,popfit,indicsfit,evolution$samples
500,1.1518866653665034,0.005926956838176193,23.489310856170796,2.1437763210898918E8,0.7869819162715942,1
500,8.731449782838066,0.02940768884071243,24.256381155184396,1.2271938286639988E7,1.8992160248569632,6
500,0.5099798292986789,0.0,19.614867285879118,9469167.426127793,1.141661150702535,1
500,0.9714199424674975,0.0018975810856727941,69.0923909686113,1.713324346598073E8,0.851693651773639,1
500,6.92022352758327,0.1,1.0,8.790535587038356E7,1.0738853431516817,4
500,6.928228064411447,0.09439228949785554,20.336483466119326,2.5677972621417012E7,1.5698900932442852,5
500,6.95854945883349,0.08780939107115476,37.48092218381083,2.402974275163157E7,1.5936876138615268,5
500,6.992241872834352,0.08520921192665315,58.54840765121543,2.341822938961613E7,1.6033926913222392,5
500,6.782832651391129,0.052599022348837156,70.41233127875316,1.5939063068685096E7,1.7481720903793059,5
500,6.753345191784562,0.08769049608960397,35.681373596524296,2.397675070799563E7,1.594198628333153,5
500,0.0,0.0022241840580429586,16.908351940479704,2.216828262258943E7,1.059320886992233,1
500,0.0,2.433780718504564E-4,50.696435044003174,1.1404000448427236E7,1.1168986168411594,2
500,0.015205866652743098,2.7772280615612254E-4,51.37866306371611,1.0910254146249844E7,1.1228282798303757,1
500,0.0,3.0982834449013266E-4,51.48796302801946,1.2123518871647358E7,1.109789953748726,1
500,0.0,9.275968505112411E-5,23.515588462812897,1.0207613202305319E7,1.1375596422080971,1
500,0.0033715464485339682,8.494147321446749E-5,51.45587842071875,1.0255303746137097E7,1.1356665333129055,4
500,0.0,0.0,15.510716058984174,1.000347435968104E7,1.141079566318644,1
500,0.34552327764605256,0.0,67.92454198620047,9619589.770920537,1.1413716910090232,2
500,0.0,0.0,66.51065278472998,1.0106042273323726E7,1.1414322668233121,4
500,0.0,0.0,53.74302193966277,1.0023396419975331E7,1.1413612285212373,3
500,0.0,0.0,52.06917418574421,1.0090138510037314E7,1.1411529365569375,2
500,0.6965852426321304,0.0,23.532717226800944,9585856.634992499,1.1446690258244825,3
