evolution$generation,alpha,beta,tsteps,popfit,indicsfit,evolution$samples
200,8.247701339097667,0.07295936250163913,45.14596550122603,1.2690898048652607E10,1.9221484563973483,4
200,2.5836516851997122,0.09650881737739667,81.45175295203165,2.917921955524802E9,0.6382839827019304,1
200,0.7977600193124951,0.016698723564975232,100.0,1.4046096096312037E9,1.0191227732234485,1
200,1.5494821390177962,0.05660882868175803,63.83221811779561,1.855738383552222E9,0.8099318443847571,1
200,2.976086678401174,0.1,58.25704702514025,2.6724669252640147E9,0.6835428968376753,1
200,0.33665072668433327,0.00279053284086408,21.54625882748057,1.444353135314075E9,1.0927704882681846,3
200,2.7402350932191775,0.09341312743945704,80.62191340298091,2.8586136541867795E9,0.638843971540066,1
200,1.5153719826780618,0.034752225014414606,82.9304848143558,1.714303627460694E9,0.9456921248244324,1
200,2.878577723753364,0.1,68.74347481642117,2.7916961096494975E9,0.6471356621749962,1
200,2.878793556367059,0.1,64.84414343898521,2.7248779622425094E9,0.6546950315766256,1
200,1.5929162111565414,0.08728933505663092,37.61454628782607,1.8078738280201368E9,0.8598404275149264,1
200,3.3593958209236074,0.091775987464761,79.27022703509564,3.0774141510606155E9,0.6746673710103759,3
200,1.9807263135296078,0.03475715384539387,84.35267327151934,1.8692667394377637E9,0.9725456301677919,2
200,2.040827940564973,0.046185576723999505,64.48145729680655,1.8943143848466344E9,0.9680293000553819,2
200,2.2752106561464776,0.05119415101703154,98.90920901905919,2.242721817048946E9,0.6942212705106083,1
200,0.33665072668433327,0.00279053284086408,34.67862346171607,1.4355561727240362E9,1.1156727304044898,3
200,0.4942268881351053,0.08687874525903962,29.883828338454478,1.9150035837705398E9,0.7126627455961293,2
