evolution$generation,alpha,beta,tsteps,popfit,indicsfit,evolution$samples
600,6.259151121083075,0.06840164606390427,87.77888277592695,1.4611370318996993E8,2.580850872244098,6
600,9.260823700019834,0.08420905451136365,68.09209836690862,1.4611370318996993E8,2.580850872244098,6
600,8.292128267619386,0.013902570306236385,40.686138932257435,1.4611370318996993E8,2.580850872244098,6
600,6.674680967696941,0.06614004624741855,86.50474478127502,1.4611370318996993E8,2.580850872244098,6
