evolution$generation,alpha,beta,tsteps,popfit,indicsfit,evolution$samples
500,9.260823700019834,0.08420905451136365,68.09209836690862,1.4611370318996993E8,2.580850872244098,6
