evolution$generation,alpha,beta,tsteps,popfit,indicsfit,evolution$samples
300,6.259151121083075,0.06840164606390427,87.77888277592695,1.4611370318996993E8,2.580850872244098,4
300,9.260823700019834,0.08420905451136365,68.09209836690862,1.4611370318996993E8,2.580850872244098,4
300,8.292128267619386,0.013902570306236385,40.686138932257435,1.4611370318996993E8,2.580850872244098,4
300,7.9225047295079385,0.0,58.30324419214931,1.4611370318996993E8,2.580850872244098,4
