evolution$generation,alpha,beta,tsteps,popfit,indicsfit,evolution$samples
600,0.5676317668844681,0.06959811177074475,66.44560111988349,2.365232343400257E9,0.5271095587273429,2
600,0.22732483613362067,0.058178684780577895,2.850426143211296,1.3474335776838498E9,1.5458958894255164,2
600,0.19177529291223225,0.03331606000271381,65.56057068478704,2.8768472507296677E9,1.6052451819928475,7
600,0.3752616028966075,0.0023715351439166973,69.75830704140135,1.5852403836718636E9,1.0453894386915548,2
600,0.4766346733773408,0.0,73.03909268167678,1.6713230916777544E9,1.6532191654168948,4
600,0.23559341047296106,0.05799089575729774,3.406430727176541,1.3822568308862367E9,0.8834064431010176,1
600,0.4398659948207135,0.02072899117283207,59.41298746584603,1.7948615104960108E9,0.8453966930207559,2
600,0.5640032024917876,0.04085886825468313,60.99812318154964,2.0102290887290602E9,0.74240922354966,3
600,0.5209693037757367,0.039492133749391305,38.2701429308425,1.763303142250923E9,0.7279144310335259,1
600,0.5208780869604919,0.0413547579793839,72.06284622659442,2.1421629021953366E9,0.5884527547108174,1
600,0.4319672518015744,0.015818144657259312,68.91677847632356,1.7525965953625576E9,0.8611357386066371,1
600,0.5183087915312388,0.03963462849773605,68.87289071041876,2.0849727917378366E9,0.5949764929087075,5
600,0.5073931758260325,0.03226082402486955,64.37906851931254,1.9380048840162346E9,0.6249639957363662,1
