evolution$generation,alpha,beta,tsteps,popfit,indicsfit,evolution$samples
200,0.5281844436860093,0.008612625723472508,89.62234737229164,8.572652422485771E9,1.0808892698745256,1
200,1.428025883669859,0.09414726368723225,99.54281952553326,2.3483247680649582E10,0.218397988287173,1
200,0.34546413704036727,0.013036229955259321,91.86184419853471,1.1706491016262161E10,1.0923034531140583,3
200,2.0999003247479147,0.07508378743579235,55.55250813008166,1.5771567259195591E10,0.49437036151716984,1
200,1.2401324935288278,0.09917359603043575,100.0,2.4423068778167362E10,0.23371566526167092,2
200,1.8534203724243457,0.09179626349033093,58.27090398781939,1.797914028169327E10,0.34254882879494714,2
200,1.5609923516003068,0.09247624714681568,57.642463762124166,1.861766367679654E10,0.3048897076878632,1
200,1.3301290697213224,0.0949445182745832,57.436042934078415,1.9392993516531895E10,0.2831946530493476,1
200,0.8301944142455309,0.01798336140486554,81.40030633391376,1.0410119392546917E10,0.7604708992987078,1
200,0.009565228504237152,0.005550394872421385,87.45601399982536,9.350056813763783E9,2.038030643636929,3
200,0.0,0.008062276503113327,72.37831091454736,9.962905266740711E9,1.8764763907322268,3
200,1.3409313756217158,0.1,62.209557728543814,2.0470106100250324E10,0.26087917168366875,1
200,0.7794035077617327,0.01798962298485375,84.02851618371781,1.0895742127113796E10,0.7116363872083465,1
200,1.384587205552681,0.020797574814693805,77.35599450021472,8.822767887855335E9,0.8930781808333208,2
200,1.981024149269387,0.0936727297077335,88.13677913253946,2.1316086508212215E10,0.2532392570190456,1
200,0.811382230245737,0.018049990113334365,82.87305122508748,1.0615165637166975E10,0.7408632251337338,1
200,1.3902220672759475,0.1,57.54005854874626,1.966509722496969E10,0.27621062333843216,1
200,1.4529069953817644,0.09919187989473374,57.91192397403397,1.94946652083185E10,0.27977294367654665,1
200,1.3483797648490226,0.09967541829936666,57.85426366575354,1.9838556078193478E10,0.27305281941034415,1
200,1.41669095833294,0.02365268801902551,78.31711432286662,9.838955396044928E9,0.7805172216564431,1
200,1.32906824201374,0.1,62.28176455076906,2.0513310374946415E10,0.2604640427296606,2
200,1.469058020972395,0.09892574397028545,57.91144068949174,1.9437267576692413E10,0.28137256608538386,2
200,1.3906750681035496,0.1,57.77838902450993,1.9723725063564342E10,0.27443835643473247,1
