evolution$generation,alpha,beta,tsteps,popfit,indicsfit,evolution$samples
500,4.890099086082913,0.02856130488737073,13.253965803312736,2.5459400866505632E8,1.253336739192144,6
500,4.7262717974187485,0.014215707502530829,48.65775768011438,2.5459400866505632E8,1.253336739192144,6
500,3.2589371181259597,0.03151304378516924,88.70377710783352,2.5459400866505632E8,1.253336739192144,6
