evolution$generation,alpha,beta,tsteps,popfit,indicsfit,evolution$samples
300,3.2589371181259597,0.03151304378516924,88.70377710783352,2.5459400866505632E8,1.253336739192144,6
