evolution$generation,alpha,beta,tsteps,popfit,indicsfit,evolution$samples
600,4.890099086082913,0.02856130488737073,13.253965803312736,2.5459400866505632E8,1.253336739192144,7
