evolution$generation,alpha,beta,tsteps,popfit,indicsfit,evolution$samples
100,0.07448074563480622,0.04957072908071565,18.714659316375382,4.605555247571457E9,1.6268374238410686,4
100,0.07448074563480624,0.04957072908071566,18.714659316375382,4.610676678310091E9,1.6263167701060626,1
100,1.0393515772059452,0.08980114879772416,37.32047098720923,6.417320293390579E9,0.43083909861299674,2
100,0.0,0.0,98.66660409182586,2.9859637668397455E9,2.3448995776850103,1
100,0.10682201079658243,0.07396105498640852,15.456030968953652,5.0096406092259445E9,1.515492235726143,1
100,0.1257741991631286,0.0017229398841795364,98.9652831257012,2.992881399169694E9,1.9281582313650731,1
