evolution$generation,alpha,beta,tsteps,popfit,indicsfit,evolution$samples
700,3.782935682502362,0.013420520140070506,40.393859588532045,1.5103430071398437E9,2.697907483272947,7
700,6.624930480982711,0.07065875282254457,47.64281524720707,1.5103430071398437E9,2.697907483272947,7
700,2.3189418500348946,0.06917873064273053,45.62901071358748,1.5103430071398437E9,2.697907483272947,7
700,5.791780095740213,0.019461495828885574,6.766130262435364,1.5103430071398437E9,2.697907483272947,7
