evolution$generation,alpha,beta,tsteps,popfit,indicsfit,evolution$samples
500,2.0373329385814754,0.061449201013867465,33.4743300678605,1.5103430071398437E9,2.697907483272947,6
500,3.782935682502362,0.013420520140070506,40.393859588532045,1.5103430071398437E9,2.697907483272947,6
500,5.791780095740213,0.019461495828885574,6.766130262435364,1.5103430071398437E9,2.697907483272947,6
