evolution$generation,alpha,beta,tsteps,popfit,indicsfit,evolution$samples
900,3.404640961886829,0.008503154468063535,24.149251317738642,1.5599960061656787E9,2.441471543529014,7
900,6.5167044242417225,0.08913821994868744,28.709081922322287,1.5599960061656787E9,2.441471543529014,7
900,9.867145398008846,0.0768619037859821,80.79634843932755,1.5599960061656787E9,2.441471543529014,7
900,3.7994992371411223,0.01682307023214673,52.43643214213636,1.5599960061656787E9,2.441471543529014,7
900,3.793102393167509,0.016098677566692057,52.266267139164725,1.5599960061656787E9,2.441471543529014,7
900,6.49971997644554,0.008078923252259406,23.250804000734703,1.5599960061656787E9,2.441471543529014,7
