evolution$generation,alpha,beta,tsteps,popfit,indicsfit,evolution$samples
1000,9.867145398008846,0.0768619037859821,80.79634843932755,1.5599960061656787E9,2.441471543529014,8
1000,3.404640961886829,0.008503154468063535,24.149251317738642,1.5599960061656787E9,2.441471543529014,8
1000,3.7994992371411223,0.01682307023214673,52.43643214213636,1.5599960061656787E9,2.441471543529014,8
