evolution$generation,alpha,beta,tsteps,popfit,indicsfit,evolution$samples
200,2.2944712472072393,0.0650967927672601,80.82196638318365,1.855004144346172E11,1.3934292785406093,7
200,1.6240027526145013,0.05637714097838038,84.8764349123328,7.747824378781345E10,0.5098544845135798,1
200,0.12775220176560448,0.1,9.27058096589747,1.3378939785052929E10,2.4200479519998517,1
200,3.5795675427822515,0.09107636914702677,92.73721049404946,1.397609380262219E11,1.1590496210166037,4
200,0.4739629777154103,0.0163171745212666,56.52927843651206,1.3454201543743162E10,1.4297823060919226,1
200,0.5469430257052842,0.010765822648794443,73.6527714090057,1.4167925834236275E10,1.0825752205193464,2
200,0.218155657531364,0.09050959260642494,92.68061045193733,1.6593274673271988E10,1.6306838314771712,3
200,0.0,0.1,4.052345650527356,1.6851994110059898E10,3.465395207704749,4
200,0.7134378514633499,0.043803625171983204,82.66278265604895,1.6932432399143063E10,0.5683897312634701,3
