evolution$generation,alpha,beta,tsteps,popfit,indicsfit,evolution$samples
300,0.15034473183937136,0.059180750883263536,32.28836451699004,2.5190450555485845E9,1.5682986502742498,5
300,9.315713552041082,0.07506144411589802,60.00502404501864,2.5190450555485845E9,1.5682986502742498,5
