evolution$generation,alpha,beta,tsteps,popfit,indicsfit,evolution$samples
100,8.504571703550393,0.041801813421321145,58.37183716742686,4.001218207689224E10,2.9998948994744743,4
100,2.834980396465774,0.020462022831283868,3.9790859256949327,5.018195966759691E9,2.4081371092987425,3
100,2.1541306036294228,0.024212601204453434,46.393210493954065,2.1853013039131927E9,1.3726144246028722,2
100,1.1436172743293627,0.03272710932265084,52.950188192788964,1.2393976554341063E9,1.0171780688290677,1
100,0.8026518391891274,0.0,1.0,7.853981474861255E8,1.3426278336149737,1
100,1.0858924505328198,0.02896749759220666,53.719862618880136,1.1845080522029388E9,1.0333436898649506,1
100,1.0960448284875892,0.03594853674206474,52.978151173266994,1.324616639440376E9,0.9701741586168866,1
100,2.038167445878279,0.1,46.12607439177806,2.4923696887076106E9,0.9126735351215179,1
