evolution$generation,alpha,beta,tsteps,popfit,indicsfit,evolution$samples
1000,3.726024076018144,0.03914903470290496,40.793548741558475,3.3535260826100525E7,1.0067790150394214,11
