evolution$generation,alpha,beta,tsteps,popfit,indicsfit,evolution$samples
900,5.7478640837186905,0.029825001166361442,57.174721461728865,2.369578768603564E8,1.1624201411145771,8
