evolution$generation,alpha,beta,tsteps,popfit,indicsfit,evolution$samples
1000,5.7478640837186905,0.029825001166361442,57.174721461728865,2.369578768603564E8,1.1624201411145771,9
1000,8.814585085380713,0.07910514938325092,10.780876925181872,2.369578768603564E8,1.1624201411145771,9
