evolution$generation,alpha,beta,tsteps,popfit,indicsfit,evolution$samples
200,6.756040857421981,0.09767061203972285,70.38514237343303,2.0352207766238792E9,2.854383148462471,5
200,0.7102610180019631,0.02372745030118567,15.46469388578588,1.371491989651639E9,1.127291073268597,1
200,1.2620747812053479,0.03246862667670383,39.95438070600791,4.7356632688862705E9,0.18346264537308415,1
200,0.7337044655856209,0.022238041225145413,40.30439920193661,3.258729274776454E9,0.27742971627617175,1
200,1.230838358404181,0.03203120380301741,39.82825715643431,4.658510022480369E9,0.1848147788327724,2
200,1.316610130306777,0.026138351246853122,32.43612196789614,2.493560817632088E9,0.5860415235171341,1
200,1.2424783045452599,0.022763015357267206,34.073758335948575,2.2613756178856215E9,0.6586763434932448,1
200,1.1896098981444052,0.03196353582755314,34.52372665950675,3.7854484449473205E9,0.2573533866393004,1
200,0.7484262346460747,0.02226026121150476,24.42056096877781,1.5508702644165516E9,0.7682025156639446,2
200,0.6506301576275214,0.03151631502496441,15.995618968310463,1.509593189905772E9,0.7132506664450375,1
200,1.1858789755033892,0.0319785610528049,33.83632084584562,3.6542117405748377E9,0.2734487146005553,3
200,0.4608203676771928,0.010096723040678619,23.173038047006667,1.400437132517538E9,1.3444778208231694,2
200,0.7443860681090747,0.022490053271084276,24.787341982353745,1.5964654841525934E9,0.7047389932505772,2
200,1.1369638428754378,0.029001751628796413,19.023665083368595,1.8827938682483594E9,1.0736258082430536,4
200,1.085467822257962,0.03132458312142429,21.99011219924977,1.9339928809173682E9,0.7391138444215353,3
200,1.1804535717889393,0.03132766998378148,34.50018209537811,3.6600650448315034E9,0.2713474250078277,1
