evolution$generation,alpha,beta,tsteps,popfit,indicsfit,evolution$samples
200,0.154266838398458,0.07985749328546074,2.860970937345561,1.1607376242794962E10,1.483457033942547,2
200,1.4275820915395347,0.08461066150221702,56.97356237728298,6.318323721511581E10,0.23741727884525615,2
200,1.3914562428923056,0.1,43.85955649467862,5.988027278881522E10,0.24525926893989536,1
200,1.0209445203614491,0.07586169909438234,11.12632225105666,1.6161698627500313E10,1.1382152079082268,1
200,1.2226730487619717,0.02097266511121533,90.91877227101145,2.630618797361761E10,0.6315324044000188,1
200,0.8718798306709095,0.06076963880701165,39.88877072775474,4.129630967854623E10,0.3816544434843827,1
200,1.119863241726229,0.05236140399066104,59.57363975073505,4.702870440678704E10,0.2962045509941976,1
200,2.2104199936788476,0.047933326782656716,95.5036478834833,5.0486777492446045E10,0.3691890979164651,3
200,1.177821349524971,0.027169598310686906,80.19318551383785,3.136215157028881E10,0.48887614819620123,1
200,1.198221901429484,0.1,35.17782709124282,5.311028448123367E10,0.27092009690245966,1
200,1.386122057383181,0.07564068385138296,39.9496208531951,4.388921581826593E10,0.35539544814657126,2
200,1.0517335486965098,0.027366511911869174,19.210288508065243,1.7920168549529037E10,1.6348089187527592,4
200,0.4912965275106771,0.07325229828389208,12.134290724800897,2.1336507143868492E10,1.0684353059406058,3
200,1.1935849295947567,0.020786863057035573,85.88104033017592,2.4900273315056614E10,0.6668477891212332,1
200,0.6744796275938894,0.0740508297622986,13.225214139748903,1.72738871723001E10,0.7503498243784706,1
200,0.6534684906420312,0.0737605164849247,12.512943764071807,1.6522148843660065E10,0.7884300294016459,2
200,1.243272524460005,0.06117469267739106,46.65470396894305,4.202542937029767E10,0.34378409467308935,1
200,1.3695007995991857,0.07377487604048515,42.25449290561448,4.512814801327309E10,0.3362473826873371,2
200,1.4037342419883654,0.07528292441617579,41.60412803759882,4.489860588704839E10,0.34587509982501824,2
200,1.1782539789550328,0.09191677010641548,30.10315159698356,4.318516133522737E10,0.3271454921510404,1
200,1.1798476231544817,0.06070809823820389,41.73967682585676,3.786329005287786E10,0.3830642602001583,2
200,1.5038649060826477,0.07565414558317991,39.92215823664285,4.258832708996494E10,0.40245442493692946,3
