evolution$generation,alpha,beta,tsteps,popfit,indicsfit,evolution$samples
500,2.277857568087326,0.026911231841437767,35.66989396173604,7.930894745061948E8,0.5255708099818808,6
500,0.19475109068463947,0.032574286068099,58.15047890281004,7.930894745061948E8,0.5255708099818808,6
500,3.4912343505693477,0.09062197343975041,16.1252175301217,7.930894745061948E8,0.5255708099818808,6
