evolution$generation,alpha,beta,tsteps,popfit,indicsfit,evolution$samples
100,0.19475109068463947,0.032574286068099,58.15047890281004,7.930894745061948E8,0.5255708099818808,3
100,3.0272837039946987,0.06783830309922248,11.933377027247715,7.930894745061948E8,0.5255708099818808,3
100,9.350339710183457,0.04252848841948542,95.30101158192552,7.930894745061948E8,0.5255708099818808,3
