evolution$generation,alpha,beta,tsteps,popfit,indicsfit,evolution$samples
300,3.409156388761312,0.013653379944588706,62.27395279217275,1.5455827777824216E9,1.1725396946627085,5
300,8.826131638368008,0.041226372805216176,60.40925001048247,1.5455827777824216E9,1.1725396946627085,5
