evolution$generation,alpha,beta,tsteps,popfit,indicsfit,evolution$samples
1000,8.399797006994298,0.033380769397249634,11.065604307302943,1.7922695361446768E8,2.3145372554916457,9
1000,8.157772391177966,0.08006085851201994,54.42622226754283,1.7922695361446768E8,2.3145372554916457,9
1000,7.269582198355415,0.09465378209853986,73.77655440585328,1.7922695361446768E8,2.3145372554916457,9
