evolution$generation,alpha,beta,tsteps,popfit,indicsfit,evolution$samples
500,6.442123278432246,0.1,46.16802823464199,5.221558506348624E7,0.9647768567028923,7
500,10.0,0.0,1.0,5.221558506348624E7,0.9647768567028923,7
