evolution$generation,alpha,beta,tsteps,popfit,indicsfit,evolution$samples
100,0.8341357911521897,0.08774009519953617,37.880587423049505,4.417541295331923E9,0.3843003963688218,3
100,1.95361930212061,0.027076665636344567,64.5468707400293,2.2234169585274687E9,0.6726581079209749,1
100,1.0529445871823322,0.09695826252774542,35.41079063265137,4.1809766714597716E9,0.3413008321567893,1
100,0.9952648655454062,0.08683087031074252,34.98951513620818,3.855507967813636E9,0.36228664217334744,1
100,1.104482103048414,0.09503255151075352,35.71799149752566,4.0642253271935353E9,0.34367618366915936,1
100,0.9136205508940232,0.06862156527273824,28.64645154603196,2.7824350333884034E9,0.43200558896331476,1
100,1.375455782549599,0.08422367620616693,32.32317486414699,3.103061624640538E9,0.4161065917830321,2
100,1.8371104958231528,0.03142730742246933,66.83132289188282,2.36641293414388E9,0.582221347289569,1
100,1.947165289161295,0.031071585820545575,63.86458224453916,2.3117800983241534E9,0.6243613462372987,1
100,1.9610408187008455,0.027136560016174552,64.3832311702051,2.230639879654275E9,0.6755003734846248,2
100,1.4728434259959664,0.08466797985341874,32.496389869839064,3.0482824592361073E9,0.42822120302274735,1
100,0.9044422729619741,0.06154421785534839,28.82997223791892,2.5400638494667854E9,0.4499905624648521,1
100,1.4220602730947989,0.0836943276201366,32.45851452447914,3.061138927820343E9,0.42351065791075665,1
100,1.3757749519792073,0.08910931932894509,32.47490177490569,3.286330575560248E9,0.3989966106909974,1
100,1.6322494608550162,0.039563717795303516,57.04238624250595,2.5020336805681515E9,0.5156260287066039,1
100,0.8341064387593122,0.08774009519953617,37.880587423049505,4.426917987237272E9,0.38323416135873156,2
100,0.8338689000031727,0.08774193803010354,37.880587423049505,4.419596180813877E9,0.38369210599378084,2
