evolution$generation,alpha,beta,tsteps,popfit,indicsfit,evolution$samples
200,6.523412705334772,0.035703882657419084,40.6485238393798,9.12129695753374E10,3.455448082881643,6
200,1.4453643142387125,0.058904466469410825,100.0,2.1087481611378365E9,0.3881866074525461,1
200,0.9680593154917605,0.008417629950824594,67.26233687930407,5.0377872182878643E8,0.782608471951679,1
200,9.900111025778106,0.06873920333834148,65.72669096912078,2.496497918586129E10,2.0802828052134448,4
200,1.0045944869258905,0.015093217957798081,65.93644194707575,7.174975226899929E8,0.6233922329454487,1
200,0.8583341429216609,0.01742457695319113,65.60434254495617,8.164007653884361E8,0.5584560974745685,1
200,0.9932567550654015,0.015546521576751626,66.32401306110239,7.503836588204373E8,0.6062550761480836,1
200,1.0313882156573784,0.009543815208421326,67.13537032614936,5.468277474706742E8,0.7731027995152365,1
200,1.0272465765883785,0.016578091962527464,61.626460669665526,7.467527188602444E8,0.6170292786893425,1
200,1.0028937292492421,0.008415665529344493,67.26611469967759,5.107148668935576E8,0.8032257366306279,2
200,1.0076050413405078,0.015518534959777723,66.35014970559514,7.469002090696136E8,0.6131530308798336,1
