evolution$generation,alpha,beta,tsteps,popfit,indicsfit,evolution$samples
100,0.9206410427005262,0.03480443990412151,66.79020174829684,1.0310884240639205E9,0.44361567700356735,1
100,0.46717318583899486,0.0,100.0,2.5765686144083446E8,1.3913394779507406,1
100,1.1985157838151828,0.029998464919490556,27.585299549617194,5.801983851797159E8,0.8646099747766626,1
100,1.7944085508316174,0.030340798159386513,25.87798006834407,1.1478689191567163E9,0.9871370583227865,2
100,0.43185798191860536,0.034851394546175286,60.57867191237371,1.3035383206415873E9,0.914853086297475,2
100,0.4704177619395944,0.03564507811603306,62.34724032929914,1.3057026573394837E9,0.845988682605535,2
