evolution$generation,alpha,beta,tsteps,popfit,indicsfit,evolution$samples
400,0.6896099360851622,0.06857083300712816,12.01664006292279,1.2856830416875088E10,0.2074370267323241,1
400,1.5676714133560177,0.07989318750997948,80.99182199103485,1.435574448569637E10,0.09768768993936496,8
400,1.2905223417661018,0.07099336951267339,32.02196663880642,1.3465832727687101E10,0.0647325264850323,1
400,0.9641621998895122,0.07453396314676271,24.00883526161545,1.324557253190864E10,0.07323893029191889,1
400,0.860273928517627,0.06976327307247852,21.036324283958184,1.3089605210533125E10,0.09426259694650077,1
400,1.4466358774444599,0.048511614713311,81.45667190567691,1.3986375424982996E10,0.06857717873179975,3
400,0.9916589861320004,0.07172952631055385,22.658524165427032,1.3115960775987791E10,0.07922049669877347,1
400,0.9930916846052379,0.07175416363694351,22.717147784160368,1.3121486244976751E10,0.07912423931143148,2
400,1.4994627178762185,0.04600414912419568,78.01677364370101,1.3918219453665775E10,0.06727171161996989,2
400,0.9106811983302143,0.07503966157593663,23.50046517047356,1.321801670839502E10,0.07859408626440811,1
400,0.7049404965165504,0.07296942282580025,13.061404396585814,1.2880552942789364E10,0.182844604722361,1
400,0.9098259741629993,0.07505063885714726,25.86579586646703,1.3353722924231812E10,0.07824615495571152,3
400,0.7466184700732147,0.06633602620774902,12.111205667411474,1.2890692679170881E10,0.17887883416011177,1
400,0.8975334805875147,0.07091597888455725,14.850413709451248,1.2905151745470434E10,0.13479372359008177,1
400,0.5806315583895001,0.06916850204604628,12.259559754670908,1.290807475292268E10,0.36141529083921126,2
400,0.8537844319216721,0.06973261228544927,16.931544084425887,1.2966823068426193E10,0.11070949085173454,2
400,0.712900563210398,0.0684394507256752,11.553330207631477,1.287416094174771E10,0.1994734223749244,1
400,0.5793599260213211,0.06996421426400472,12.37994004410032,1.2910122821317917E10,0.3598956298683625,6
