evolution$generation,alpha,beta,tsteps,popfit,indicsfit,evolution$samples
100,0.37962123059027464,0.09334148994935675,62.4045713734137,1.0742035731601925E9,0.2682963956260841,5
100,1.5808027581341322,0.006439811975538889,78.68203566794543,1.7209870560095954E8,0.9002267538982558,2
100,0.4040533824542769,0.006617391321469261,78.70620461318696,2.4316750684840584E8,0.43305150983225144,2
100,0.5428024938467525,0.09296930305762316,65.49699337365178,1.0724499854596689E9,0.199971085009693,2
100,1.4109436659525234,0.007112993912007318,100.0,2.3621454500295243E8,0.7485297359256635,2
100,1.2971177247247994,0.1,61.23870011660673,1.0211300196492872E9,0.16260396407931987,1
100,0.3977842287339597,0.011921029807851466,78.80526813645152,3.817107529752476E8,0.3426831285155374,2
100,0.9393303944225473,0.0,78.72563199130549,9.739068736323093E7,0.7299332092295504,1
100,0.20857998340037595,0.0049288780686378665,76.86470623889966,2.2320507471076792E8,0.5508920055419486,1
100,0.4155211582028407,0.006240699024132448,78.4062170906405,2.3130780212554637E8,0.44730933120979427,1
