evolution$generation,alpha,beta,tsteps,popfit,indicsfit,evolution$samples
200,1.0202282584473887,0.04385171628710734,89.75715587723194,1.9690470377513704E9,0.06218343401927378,2
200,0.01806107760439324,0.09562318312687641,4.795721484669917,7.37911340723908E8,1.1027395344821311,1
200,2.9285603112015135,0.1,100.0,6.235285836296476E9,0.46173604455134837,5
200,0.7608490744838601,0.021089855299414748,73.30904821530902,1.0517931772290597E9,0.13178642904331717,1
200,0.6230116909311745,0.0331124044416292,68.15612914906066,1.226124060343321E9,0.2870873674012058,4
200,0.8027264433682273,0.03300433210774139,68.62102390890193,1.298378403717272E9,0.09234801949763691,1
200,0.7500960673083565,0.02874753423458668,73.16027280207162,1.2157041190160186E9,0.11820094974680051,2
