evolution$generation,alpha,beta,tsteps,popfit,indicsfit,evolution$samples
100,7.595493489679788,0.02170705063459302,96.18802201370174,6.588088328912152E10,2.489180805913616,5
100,5.6624226642202675,0.05562432891127658,78.77672577235266,3.0242139703064945E10,1.4550435460966378,3
100,2.6007505001277753,0.06343082499011175,53.34525063580364,8.011083410290558E9,0.4482224748801664,2
100,2.3553718894926012,0.033201811623687516,46.719641734939906,4.736953354831921E9,0.8422527291698236,2
100,2.1158144857111703,0.08640704097734554,23.064284847138392,5.352002286442152E9,0.5669212857582551,2
100,1.6714074451929952,0.03318604476867598,50.02550237499015,4.346019927790875E9,0.5938956518804082,1
100,0.6519211648460255,0.08961600501168271,18.430359569455426,6.507669971066223E9,0.4229397927441898,1
100,0.6314228656779863,0.08954694254087753,22.06919361118649,7.384232345767105E9,0.40464839221933724,1
100,1.9366382298445246,0.028671066318247198,22.832085150850105,1.747005301495805E9,1.2395602330766966,1
100,2.5688255211297712,0.06524251033364811,62.28245172383332,8.876987482002703E9,0.37370642677479493,1
100,0.6820143591866665,0.1,60.77791573103351,1.2571869969123493E10,0.34573817552031777,1
100,0.646274284707198,0.02350376591125941,60.673454357573426,5.605688265387733E9,0.46553309304410107,1
