evolution$generation,alpha,beta,tsteps,popfit,indicsfit,evolution$samples
100,5.472740685297128,0.07472154480714358,93.42051445286894,9.217082412712627E9,4.599813765835819,4
100,5.394165987458283,0.07340108750657569,53.246492252287034,9.217082412712627E9,4.599813765835819,4
