evolution$generation,alpha,beta,tsteps,popfit,indicsfit,evolution$samples
100,6.361504400246201,0.038912477201236584,62.96857734037557,5.021426043926432E7,1.0881623259531674,4
