evolution$generation,alpha,beta,tsteps,popfit,indicsfit,evolution$samples
300,6.351719219428076,0.03701714010746855,62.63977195016973,5.021426043926432E7,1.0881623259531674,7
