evolution$generation,alpha,beta,tsteps,popfit,indicsfit,evolution$samples
200,0.33786598567698667,0.0,77.91162863911815,1.0629125211967794E9,3.883197960646272,2
200,0.6623839518533825,0.09943665331222062,5.1333246049381325,3.570269305792019E9,0.19075758728288184,2
200,9.519534318679304,0.061468452084413316,92.96217146298491,2.465728440940755E9,8.783974543948432,4
200,1.307669122762992,0.06595330263983999,16.735588345751854,7.063816627610967E9,0.6575175340812596,4
200,5.183677889350297,0.018789140595140832,57.65958236126747,1.0724071421172203E10,0.2600237101227723,3
200,1.2043032527546214,0.006793029064887973,75.95500636583984,1.7945863517551856E9,1.2705557340298448,2
200,0.05459357319655146,0.0,100.0,1.2308892564020863E9,2.6423289600914535,2
200,0.10612352077036952,0.0,76.99149807187845,1.1786632807077198E9,2.784868526308095,1
200,1.4347365708581503,0.1,5.5172296640108,2.201776116499538E9,0.9466810186687648,1
200,8.55666521855376,0.017862500085473063,62.81054238802542,1.0706049268692074E10,0.27300533832019536,3
200,1.3545136818384043,0.1,6.139982272373082,2.337225945875399E9,0.528506535994051,1
200,1.4345779384961617,0.1,5.514249165367339,2.220842871980267E9,0.9714444570065153,2
200,0.7422684670370228,0.04537280501200549,54.59000395810433,2.3849778814859304E9,9.214234050415955,4
200,0.8650506150932045,0.03726645844942887,13.786621262023283,2.337590516949238E9,0.3886133539483539,1
200,0.8137296399530087,0.03611316468125274,13.891536338311566,2.4150582029743323E9,0.3560932901548828,1
200,0.7298567901011577,0.048385790654743466,65.81818924761272,2.4096890253475637E9,9.12724500910438,3
