evolution$generation,alpha,beta,tsteps,popfit,indicsfit,evolution$samples
100,0.10612352077036952,0.0,76.99149807187845,1.1786632807077198E9,2.784868526308095,1
100,8.55666521855376,0.017862500085473063,62.81054238802542,1.0706396478640373E10,0.2730164275109306,2
100,5.085887628620642,0.008050998849062218,46.50639954481977,1.5420936471515484E10,4.3932128484920145,4
100,1.3545136818384043,0.1,6.139982272373082,2.337225945875399E9,0.528506535994051,1
100,0.7531779775456959,0.07434288611666895,17.48664440815177,1.1306555622635782E10,1.9912041941318603,3
100,1.307669122762992,0.06595330263983999,16.735588345751854,7.048711754320164E9,0.6546935439687351,2
100,1.2043032527546214,0.006793029064887973,75.95500636583984,1.7944957891256628E9,1.2711192632464037,1
100,0.7606213058256914,0.0702629600645619,10.642523082458279,5.444431462093809E9,0.33058093165474584,1
100,5.183388109506618,0.020720843462846816,56.55375840218019,1.041608750850608E10,0.29711044474928167,1
100,1.2532199548930358,0.00407888091866965,68.68899560927643,2.2695961614615383E9,4.778330899193575,2
100,0.7422684670370228,0.04537280501200549,54.59000395810433,2.3845950588948154E9,9.21503035309303,3
100,0.7298567901011577,0.048385790654743466,65.81818924761272,2.4096890253475637E9,9.12724500910438,3
100,9.519534318679304,0.061468452084413316,92.96217146298491,2.465728440940755E9,8.783974543948432,4
