evolution$generation,alpha,beta,tsteps,popfit,indicsfit,evolution$samples
300,1.7511427932342283,0.055641548118524044,7.179357889986191,5.034694550512432E9,3.4041068590167365,5
300,0.8580971145399088,0.1,74.16421948714094,7.365439436312008E8,0.20778070230431414,1
300,0.7932634353786108,0.06605525538215064,5.002259543850421,3.038208752958577E8,1.1335881562408956,1
300,0.810744785239253,0.06338817074374611,41.811131616214766,5.0444463477027833E8,0.31563494817398574,1
300,0.6218971957405707,0.08161336920879958,18.24155605414699,4.472086218251562E8,0.42435872985431106,1
300,1.017682806572475,0.07311485587313202,16.92948090365805,3.269829596369127E8,0.8247962819899357,1
300,1.0104893180568693,0.07124266867750818,12.633367040653082,3.11642071632979E8,0.9721229921781297,1
300,0.9011080772956479,0.07943487738818875,18.47154644748438,3.640657245602774E8,0.5913763259600192,1
300,0.9672136591579171,0.07327807895965828,17.299666698217056,3.399750852338906E8,0.7209213864866106,1
300,0.8825971069398247,0.06350332758791502,49.819979387182805,5.317645060247277E8,0.3229734526507493,2
300,1.0098049071105546,0.07162802681125958,11.692638676985085,3.105489127686312E8,1.0185865074514855,2
300,1.035958298255384,0.1,16.557006323099266,3.780800801198271E8,0.6690114960835108,2
300,1.0922305885663843,0.07691844948342438,20.124293282939085,3.6637813228709346E8,0.7596170671287865,2
300,0.8279300121098705,0.06339723955135261,50.078612753005906,5.419042496793989E8,0.2926449558205396,1
300,0.9957512887430299,0.07801430024110648,15.788160820438552,3.282706733767192E8,0.7856558992727264,1
300,0.6399877366295993,0.08013418491211655,12.789939280263013,3.647655017979337E8,0.4481161077789334,1
300,0.6258480806051827,0.08036917642345183,18.2226545424836,4.4144952718851E8,0.42771307112253615,1
300,0.8270806868542773,0.06340106767614255,50.07953683492481,5.441163845954106E8,0.290999976595713,4
300,1.0355049776904046,0.07303178889493354,16.646726407992723,3.2999070340171754E8,0.8344157595419565,4
