evolution$generation,alpha,beta,tsteps,popfit,indicsfit,evolution$samples
500,2.018099267970758,0.06406849315876356,26.493704692596385,3.3652770237495704E9,2.06533732973106,10
