evolution$generation,alpha,beta,tsteps,popfit,indicsfit,evolution$samples
400,0.6699435861730595,0.0,100.0,4.750744784507035E8,0.3193396219186268,1
400,1.2280424010074278,0.0,18.126522564621062,1.9964069287984994E8,0.4368241028356497,1
400,0.6131478170053106,0.07898247313626516,15.997945704130993,1.1919853329448595E9,0.4983049461131456,5
400,4.851151174558924,0.013018422347059334,43.72472970092416,6.036925894850502E9,0.4281024812350416,3
400,4.483542256665983,0.014354970520733335,52.53012131134691,6.121020503212841E9,0.4696765881483119,4
400,5.825946898767265,0.06562525488547134,88.4334966860277,1.2279422970124966E10,0.42658207564442685,3
400,1.476293865883398,0.01779596606978839,57.302202269469696,5.951360236456594E8,0.58172683567369,5
400,1.0662861046436678,0.06899555641545692,23.122838522248824,9.77768544479902E8,0.5682168673977308,4
400,1.2684338966182884,0.005948977178570865,61.79583434075709,3.369003436450458E8,0.5567649591763693,3
400,1.1563287062737684,0.0,57.85831721030611,2.495036367150261E8,0.4287156869866825,1
400,1.0523064880619784,0.0,50.61075472843374,2.689627801488547E8,0.4120968396903708,1
400,1.4064431727904456,0.0,69.33226131010844,2.1232546896706492E8,0.4478595592134984,2
400,0.6693468056738033,5.626755579540816E-4,86.0516543650252,5.0024755078849864E8,0.3666273172519928,2
400,0.7076390344577366,0.08767538244062656,10.032588709790714,8.880067723584007E8,0.45285708088040394,3
