evolution$generation,alpha,beta,tsteps,popfit,indicsfit,evolution$samples
500,8.23415182177325,0.05288348096475364,98.50313817529293,3.035110309038022E8,2.0504076225536423,6
500,8.321367850109073,0.055569120132183875,36.88311622117339,3.035110309038022E8,2.0504076225536423,6
