evolution$generation,alpha,beta,tsteps,popfit,indicsfit,evolution$samples
600,8.321367850109073,0.055569120132183875,36.88311622117339,3.035110309038022E8,2.0504076225536423,7
600,9.159767355925013,0.04762194303410233,22.168865716309305,3.035110309038022E8,2.0504076225536423,7
