evolution$generation,alpha,beta,tsteps,popfit,indicsfit,evolution$samples
200,8.321367850109073,0.055569120132183875,36.88311622117339,3.035110309038022E8,2.0504076225536423,6
