evolution$generation,alpha,beta,tsteps,popfit,indicsfit,evolution$samples
600,4.73457755647638,0.07211788441468417,52.63413887397049,3.0197370828112063E9,1.8484091777851719,6
600,5.6574590419209905,0.0351316185054134,81.92674363698131,3.0197370828112063E9,1.8484091777851719,6
