evolution$generation,alpha,beta,tsteps,popfit,indicsfit,evolution$samples
800,1.7611586657210565,0.009224762112929908,56.610547063403395,3.0197370828112063E9,1.8484091777851719,7
800,6.25997691895728,0.03186532083185923,44.14359308496945,3.0197370828112063E9,1.8484091777851719,7
