evolution$generation,alpha,beta,tsteps,popfit,indicsfit,evolution$samples
400,9.799804394828938,0.00902058102036749,43.69516670924108,3.0197370828112063E9,1.8484091777851719,4
400,5.6574590419209905,0.0351316185054134,81.92674363698131,3.0197370828112063E9,1.8484091777851719,4
400,5.660584809571958,0.03520477774902351,81.7465313337935,3.0197370828112063E9,1.8484091777851719,4
400,8.198659550896371,0.0014473954916536117,49.53093361084598,3.0197370828112063E9,1.8484091777851719,4
400,6.43562929158314,0.022034554202294346,43.45190462303012,3.0197370828112063E9,1.8484091777851719,4
400,10.0,0.0,34.77891845483084,3.0197370828112063E9,1.8484091777851719,4
