evolution$generation,alpha,beta,tsteps,popfit,indicsfit,evolution$samples
500,4.73457755647638,0.07211788441468417,52.63413887397049,3.0197370828112063E9,1.8484091777851719,5
500,1.7611586657210565,0.009224762112929908,56.610547063403395,3.0197370828112063E9,1.8484091777851719,5
500,5.6574590419209905,0.0351316185054134,81.92674363698131,3.0197370828112063E9,1.8484091777851719,5
