evolution$generation,alpha,beta,tsteps,popfit,indicsfit,evolution$samples
200,1.502448786524333,0.061759792969694166,79.47084648758992,4.1390504570432873E9,1.1894433541958571,6
200,0.6885809672111898,0.03877264980216282,25.887125752046927,1.8952839935601532E9,1.433304797049148,3
200,0.43242503808830646,0.055102909042470616,66.10258370450593,2.969212433831134E9,0.7641778633246635,1
200,0.34720745149874666,0.05080179046616014,29.426860935707346,2.4271153623089714E9,0.8723655118444993,2
200,0.514201606436567,0.047386043669327485,27.13336768186205,1.970546549887339E9,0.8093630026278529,1
200,0.5104104557336847,0.04870999417625515,35.646259913380646,2.183653888933666E9,0.780931885485679,1
200,0.5075925527684035,0.041543730182601095,37.852361971867985,2.1204680599317858E9,0.7870968036816585,1
200,1.7275251269045633,0.08094881016384925,74.62336113943925,4.629314005765062E9,1.1234071371593333,4
