evolution$generation,alpha,beta,tsteps,popfit,indicsfit,evolution$samples
100,1.502448786524333,0.061759792969694166,79.47084648758992,4.14016065057711E9,1.1895135107169854,5
100,1.7275251269045633,0.08094881016384925,74.62336113943925,4.629314005765062E9,1.1234071371593333,4
100,0.6885809672111898,0.03877264980216282,25.887125752046927,1.890859577533505E9,1.4145709697526456,2
100,1.3244649370165207,0.026203528722237635,84.70219713214487,3.3482951541530147E9,1.516664009988976,3
100,1.5081592447012435,0.06139790236647802,79.59531718607953,4.1390627011558094E9,1.1919098322594865,2
100,0.5075925527684035,0.041543730182601095,37.852361971867985,2.1204680599317858E9,0.7870968036816585,1
