evolution$generation,alpha,beta,tsteps,popfit,indicsfit,evolution$samples
100,2.2275030858727063,0.02404755979838027,74.65824425602881,6.410907315724971E9,2.184554770288341,3
100,1.5282689385757497,0.07552072551047194,63.87535379374118,6.707390570892099E9,0.5945366666447967,2
100,0.0,0.0,88.29419644619814,3.74094493992241E9,1.5200032966544508,1
100,0.8830595184877038,0.07360646999302717,95.68115118445665,7.857784515337889E9,0.20908617491171774,1
100,0.31266321137927056,0.010682578191811561,82.61731307759175,4.273451597517681E9,0.5749392416512448,1
100,0.0,0.0,83.62072952592513,3.735285859755718E9,1.525309540629705,1
100,1.2607738576234404,0.0111025526356764,87.0755462523018,3.514839671363776E9,2.0423633883190218,1
100,0.0,0.004546116920077842,90.12051279714923,4.1525451415765915E9,1.1177374915956364,1
100,1.3125982984863558,0.006094043804330665,84.5600729951671,3.3624639237867E9,2.6054391360411007,1
100,0.5864644272993058,0.02516943077008403,71.78622489516803,5.044310700429352E9,0.41824532442274476,1
100,1.2380649247036948,0.013692020103859406,83.8714660166952,3.7270436634172626E9,1.8850296152974502,1
100,1.1769791417268047,0.009660799678028287,84.41802308486396,3.386955458440419E9,2.170119558888377,1
