evolution$generation,alpha,beta,tsteps,popfit,indicsfit,evolution$samples
100,8.419174867049367,0.048185296247545556,96.8317730195474,1.5749504567415798E10,1.932316124139454,5
100,1.3435143521394766,0.07751754694456592,47.76509718339683,1.8964926690747619E9,0.3875196662097281,1
100,1.3792803631245776,0.08887272059083731,87.41124507976275,2.34367182546751E9,0.3005107096416657,2
100,1.3414297585144448,0.07603649655136192,35.79359141735678,1.7135907842927985E9,0.44762120183389603,1
100,1.4235850657746152,0.1,87.1513993233778,2.408335723835444E9,0.29327291165785285,3
100,1.0954616038419105,0.07601062720817753,35.457249490898626,1.7428576145764198E9,0.3951807857235801,1
100,1.2493147879315483,0.08246726831300008,91.07538072948473,2.3988300281950145E9,0.29836527058484696,1
100,1.3858659601921908,0.08998651778090758,85.5094610320104,2.3333228654614663E9,0.3014967038925321,1
