evolution$generation,alpha,beta,tsteps,popfit,indicsfit,evolution$samples
200,8.419174867049367,0.048185296247545556,96.8317730195474,1.5749504567415798E10,1.932316124139454,5
200,0.890657275154465,0.0998723052387183,2.654103581497817,1.5693569328104122E9,1.1187260548004039,1
200,1.3011624463710043,0.09408524525092128,88.6413474791475,2.4465521739652963E9,0.29278093720379506,1
200,1.3435143521394766,0.07751754694456592,47.76509718339683,1.8964926690747619E9,0.3875196662097281,1
200,1.2992036039239396,0.0832746594057633,83.64385997233849,2.3123229901988873E9,0.30382609526649573,1
200,1.2387031216026765,0.07599759237669101,35.38707732718616,1.7011145430662408E9,0.4207492000542125,1
200,1.3414297585144448,0.07603649655136192,35.79359141735678,1.7160394014937918E9,0.44762120183389603,3
200,1.0954616038419105,0.07601062720817753,35.457249490898626,1.7428576145764198E9,0.3951807857235801,1
200,1.3858659601921908,0.08998651778090758,85.5094610320104,2.3333228654614663E9,0.3014967038925321,1
200,1.4235850657746152,0.1,87.1513993233778,2.408335723835444E9,0.29327291165785285,3
200,1.2977942253353134,0.0903957792731161,85.54259445964406,2.385316187218547E9,0.29664661590971303,1
200,1.3243091091345263,0.09112815543601249,85.63900060347818,2.379382742660601E9,0.2970709037481698,1
200,1.3727913328556025,0.09017759300768283,87.68753673995475,2.3615015489176874E9,0.29880685014741687,1
200,1.2336465278542716,0.0760105618524677,35.36334351054561,1.701350736924023E9,0.4184782352897956,1
200,1.3109721737454887,0.09027895213981398,85.5281762537623,2.3801473167745576E9,0.2967850803865624,1
200,1.0951517117046035,0.07690543563630857,35.38712388736625,1.746582444871965E9,0.3929601767673457,1
200,1.3792803631245776,0.08887272059083731,87.41124507976275,2.34367182546751E9,0.3005107096416657,2
200,1.3792803631245776,0.08887272508921727,87.41125073342599,2.3461507703453054E9,0.2994901793776918,1
