evolution$generation,alpha,beta,tsteps,popfit,indicsfit,evolution$samples
200,0.0,0.0633277375766242,6.886612945993066,2.303711378205612E9,1.6957604799248638,3
200,2.336132497828772,0.07007807625820638,90.53217272375089,1.1522574373576433E10,0.8772023575165557,1
200,1.8613902285347916,0.1,24.131712567419097,6.749170767453005E9,0.9951707387604547,1
200,1.8632954748279562,0.09707772087286731,22.86887294672562,6.466494922295967E9,1.0109034745718821,2
200,1.0178917174670996,0.07579484389739612,20.061849315949583,4.2118282590103707E9,1.0584095446747812,1
200,1.0178917174670996,0.1,17.151959630308767,4.691457897525907E9,1.023009230944342,1
200,1.024051472281983,0.1,18.85459781540971,4.953185788357566E9,1.0050899794620374,1
200,0.003299150935319414,0.07278735554377866,8.72267146981622,2.5366815023021297E9,1.5924832029312566,1
200,1.2201230349856917,0.06245456695019045,5.314929714757634,3.2428490252526827E9,1.6376603760390318,2
200,1.9246602848219734,0.07050906197690432,26.651460992853085,5.946079961031361E9,1.0522375112552913,2
200,0.0,0.0637760081230678,7.07394329214961,2.367070524954114E9,1.6938225586193172,1
200,0.0,0.06324213269764653,8.750242338774264,2.519803085975316E9,1.643154816827565,1
200,0.9138232920203384,0.061386450615875145,15.162653581203152,2.8988973809404335E9,1.2060300715248047,1
200,1.096929599478154,0.1,16.65294365014016,4.591872732625332E9,1.0358363098068568,1
200,1.7905239508021267,0.0647532126083628,24.782648886071396,5.186112570830193E9,1.0851162368927019,2
200,1.1328160219044838,0.06328339597708273,21.139935578012132,3.772185453554944E9,1.11189472152545,1
200,0.4645183305455692,0.05828546931250477,19.503677921791855,3.3039613382531204E9,1.1948639613101035,1
200,1.1328160219044836,0.06328339597708273,21.153772316296475,3.775960732255043E9,1.11183034279169,1
200,0.32826234327699266,0.0640559801056139,18.102046651398176,3.4342807200361395E9,1.270999739529822,4
200,0.944781436144625,0.017171400939099725,90.64626267250108,4.088617426688046E9,1.0630055901816162,1
200,1.037954962155808,0.06456530663575005,19.19608001880084,3.568496403981544E9,1.1237628639642159,1
200,0.46668430711013675,0.05802196361529514,19.220641662902327,3.2905835647960725E9,1.1960672149494873,1
200,0.7069918764728528,0.05834703375925762,24.91860110665795,3.9224827205930753E9,1.0765313005164123,1
200,0.32826234327699266,0.06405599601482959,18.102046651398176,3.4336794917102413E9,1.2711707205244713,2
