evolution$generation,alpha,beta,tsteps,popfit,indicsfit,evolution$samples
700,7.904886556023869,0.014181694288851299,37.419773535248225,1.666972565954948E9,0.354321262788025,7
700,5.9544256673419715,0.0651181723904132,37.8272099911757,1.666972565954948E9,0.354321262788025,7
