evolution$generation,alpha,beta,tsteps,popfit,indicsfit,evolution$samples
100,2.424727654150494,0.08224768879739308,44.93697483896828,1.6154763101228092E9,0.18118696989113386,6
100,0.271502450550436,0.019188182679219623,47.652630702212996,8.059685118714583E8,0.7023131417340405,2
100,0.4180818929587071,0.07370203933664136,25.724297491232413,1.262794266093769E9,0.5539296734033821,2
100,1.282148089193679,0.023268302080806724,62.88145332595516,8.214812769078963E8,0.1202552008184919,1
100,2.065975589298181,0.07410194298796492,42.805004200358866,1.4594580096988697E9,0.16431346760974141,2
100,0.0,0.008264753359250565,33.06918776927706,5.721435188853126E8,1.046188443381203,1
