evolution$generation,alpha,beta,tsteps,popfit,indicsfit,evolution$samples
100,3.9016670359445693,0.019895838629642882,98.77148242017887,7.781966000443903E7,2.204773549436756,4
100,2.4589099632982525,0.06313476391964361,17.825215374946026,8.469288989413227E8,0.8647673353801163,1
100,0.5121907307607564,0.0,100.0,7.553026852932912E7,1.109403829167911,3
100,0.1773191536787433,0.03653393816001355,23.36488675834129,5.271993939997912E8,0.9800356104379083,1
100,0.30352513452102325,0.010624778662782872,7.129051196350902,6.460463467164408E7,1.08662415607832,1
100,0.512572929718727,0.0031431474016893127,100.0,1.0752721830859527E8,1.1040591504406327,2
100,0.12492246308598999,0.0,86.98561247971399,6.361161480933294E7,1.201202067368062,1
