evolution$generation,alpha,beta,tsteps,popfit,indicsfit,evolution$samples
800,0.3468047325005164,1.593368450788215E-4,49.9078659920583,1.466545590112017E8,0.4274191342767304,5
800,0.0,0.026021429234526067,9.042800756173135,3.98939342374899E8,0.7742523084488044,8
800,0.2347491188234888,0.029433597008180303,1.3145608339650399,2.5701271790144166E8,0.24885011439316435,1
800,4.9104995127928515,0.08492532474926373,84.49946094628118,4.8734214608185E9,0.6689092175507664,7
800,0.861595413245257,0.048139259677239074,48.65664489001405,1.1950506473355243E9,0.3347242667572064,5
800,1.3295199074757957,0.1,31.105256291631946,1.3927860387290764E9,0.40241039736914663,6
800,1.3703469563070605,0.08094292129635364,27.738985502022093,1.143844373623528E9,0.4448532446143912,6
800,2.1860195319180398,0.034125084754557514,33.04919737019418,1.0876435940505986E9,0.6681762614495415,6
800,0.659672632383279,0.1,27.80956472138789,1.3709309304393196E9,0.25832541891222505,4
800,0.6659297125087216,0.050283497258575054,50.80107214142195,1.2790121802298024E9,0.25888683439794064,3
800,0.2537784502198179,0.039685951902237795,1.0,4.5123808936550575E8,0.25546747386560054,2
800,0.3063996045375508,0.04319524642737633,1.393136144096165,2.5302372810082924E8,0.29007220169331016,1
800,0.4344794459305761,0.0010949159746077909,57.10406446344353,1.506129701793425E8,0.3511062379436346,3
800,0.503218908324186,0.0064124394771108125,48.51536994127402,2.2922375780365837E8,0.2927328472477235,1
800,0.5479881555761471,0.09573143863264202,24.89463683242598,1.2913213747535276E9,0.26678886396619317,4
800,0.1698206598689667,0.03163371119475435,1.0,3.9258095551897776E8,0.28537986078829825,4
800,0.2932753553027473,0.0440055151637243,1.6558230231260884,1.9395676478464922E8,0.2930961103999216,1
800,0.5000625277893541,0.004427617752317667,59.01168830504066,2.1125327808223355E8,0.3070306195872788,3
800,0.4966693800232336,0.002513869311522676,57.734752202513285,1.692787579793251E8,0.3118349645556106,3
800,0.39003860491231335,0.020689322541673324,3.911226611071645,1.5973333567916018E8,0.30054991108201556,2
800,0.23279034700802045,0.030333771198001337,1.0,4.370588242500161E8,0.2561637345643688,2
800,0.437934590808698,1.674158911496705E-4,56.55994119849108,1.479647631906148E8,0.3190324552177863,1
