evolution$generation,alpha,beta,tsteps,popfit,indicsfit,evolution$samples
100,1.0657896331887562,0.039692535539062046,57.15467139229879,2.1171116010378027E9,0.3910982654856381,6
100,1.2720938210437915,0.0521373246094276,57.52294542560336,2.5647019809166164E9,0.3805062763970297,2
100,0.0,0.0,60.309297673940314,5.856132873922511E8,1.5872872306300698,1
100,0.0,0.1,3.8970314603853558,1.2989708395716276E9,1.390801194132827,1
100,1.7720457562515701,0.03265035620460387,67.06581917391304,1.737834883350259E9,0.435242359903169,1
100,1.7273405669302107,0.038001136331673985,60.965161795397634,1.8448934368035672E9,0.42020070612712196,1
100,1.0657896331887564,0.015907943174203604,100.0,1.500782196610022E9,0.4393575712033224,1
100,1.3173772124909662,0.045152350366079924,57.4914768284778,2.2309419235855427E9,0.38343107127916876,2
100,1.0657896331887564,0.014870956944412853,99.14206176265714,1.3944872075468159E9,0.45415882486667075,1
100,1.7497346991367932,0.031606393690189236,66.67076154818061,1.6923725814529624E9,0.4392482360380515,1
100,1.129658670985095,0.03896318793510434,57.50148924454157,2.0660630273647249E9,0.3904271969451923,1
100,1.2661754033280666,0.05220332912318243,56.4569057728155,2.5209118194910975E9,0.3806300229990699,1
100,1.1596908687910392,0.03616351603896992,57.59085798800187,1.9006046224394174E9,0.3997492222529929,2
100,1.124618248894722,0.03916760345626924,57.60706978987925,2.082169492153121E9,0.3899757182026169,2
100,1.9781488206400955,0.04104399735036877,59.60644996922405,1.8636565368453884E9,0.4322065685053267,3
100,1.0871116535498269,0.048396975504791474,28.00448593742747,1.306056917276908E9,0.4689718084870331,1
100,1.166728713474128,0.03565540824615921,57.42672306441588,1.8764336333630924E9,0.4014300929355712,2
100,1.1519920009253097,0.03970527380265382,51.758045733062126,1.8918803906260037E9,0.4008522133489586,2
100,1.158600294289743,0.035917787532200096,57.36890484730282,1.885966801384417E9,0.40118728379559915,1
100,1.1519926043462383,0.03970527380265382,51.75804555413872,1.8898448731486895E9,0.400770273687391,1
