evolution$generation,alpha,beta,tsteps,popfit,indicsfit,evolution$samples
1000,4.555411295099936,0.03255261261611661,74.83903773391121,5.449224782709533E10,3.265621629365143,8
1000,2.160113178777728,0.0643611411037333,96.9614883898244,5.449224782709533E10,3.265621629365143,8
1000,0.853712661846493,0.08041074112351794,95.46245886583739,5.449224782709533E10,3.265621629365143,8
