evolution$generation,alpha,beta,tsteps,popfit,indicsfit,evolution$samples
200,0.853712661846493,0.08041074112351794,95.46245886583739,5.449224782709533E10,3.265621629365143,4
