evolution$generation,alpha,beta,tsteps,popfit,indicsfit,evolution$samples
1000,6.225142621678376,0.05145451369609795,48.295759554847415,4.582573780734439E9,3.078406580898972,11
