evolution$generation,alpha,beta,tsteps,popfit,indicsfit,evolution$samples
600,8.993486545436884,0.02854340955679422,44.808699998519465,4.582573780734439E9,3.078406580898972,6
600,3.485849585814069,0.05827396572686701,42.51443377469709,4.582573780734439E9,3.078406580898972,6
600,0.3732098970177078,0.049966664550334494,29.751356644868938,4.582573780734439E9,3.078406580898972,6
