evolution$generation,alpha,beta,tsteps,popfit,indicsfit,evolution$samples
100,9.597779976607349,0.010482610179018104,47.42004396710775,7.613600769197656E10,3.6814759565747868,4
100,1.025723080305061,0.01890087648802734,36.01892693971596,1.5541726961895857E9,1.587812897745923,2
100,3.289732918064665,0.06143631275664088,74.58770269633911,1.0214185071695576E10,1.4645820638704048,2
100,1.1123951356714779,0.059875734883135426,47.18687892527776,3.7491294173741345E9,0.7795756387928348,1
100,1.4292727549603002,0.009047110690736692,95.47017393825487,1.949043282591905E9,1.539326264412285,2
100,3.0044787570403053,0.08789802615494956,89.73923032437871,7.774065541527142E9,0.6015930892326738,1
100,8.915189119748169,0.07820374272370359,92.53688229090986,1.2169515893550182E10,0.975405538885388,2
100,1.60961294817956,0.016013052623291914,36.01892693971596,2.2547510970763555E9,1.8547515328668294,3
100,1.2814395143900073,0.1,57.06169143182273,5.347539815197467E9,0.6575806813256498,1
100,0.6120367811020877,0.1,97.45935788013246,9.799445958620131E8,2.6669017429030664,2
100,1.1825348483079385,0.04869168102053362,50.30364534716028,3.422732212651985E9,0.841240668053296,1
100,1.024893661708746,0.0190916677948182,36.070883706188944,1.5559991714171321E9,1.581012527443881,1
100,0.0,0.0,1.8872473149231939,1.1213635186511478E9,2.099578433373569,1
100,0.9473640283198523,0.021806050659269872,36.174618338322645,1.5676695073222091E9,1.4756681524115043,1
100,0.8426029962089392,0.010718135172572843,48.449882790884914,1.3602638796029563E9,1.7082805193463644,1
100,0.7637778066270282,0.026112789884124306,37.22252095008476,1.7057382248020422E9,1.2801513711889194,1
100,0.0,0.09956401922862691,100.0,9.783583364101592E8,2.2042665025746815,1
