evolution$generation,alpha,beta,tsteps,popfit,indicsfit,evolution$samples
100,0.5592867070974911,0.03152252984236672,21.119714399748542,1.6440946508051329E9,0.8217236680496124,1
100,1.3984955220177842,0.0936328145805762,74.41947577053519,3.069795410560889E9,0.25545398362878813,3
100,1.2736893065128254,0.05982108984868492,39.8808939190136,2.2130210391564775E9,0.5213180187059958,4
100,0.5195703692770668,0.04310418603358182,34.74330106272407,1.9364382662148323E9,0.6845235661139372,1
100,2.339190750300384,0.09399289828591528,62.85108745395121,2.706232246313893E9,0.34837127287805125,1
100,1.2352103372795755,0.044529915946623616,51.1984182740781,2.160370693095687E9,0.5394458071219701,2
100,1.4354353393042765,0.08728259821725834,73.25097129859031,2.9375237945076423E9,0.2699804155863762,3
100,2.412994868974572,0.0896625281635075,78.02596690026922,2.8243716207054834E9,0.31248157216938727,1
100,1.5127379554503226,0.0850471244407754,81.61461131600014,3.009672603156949E9,0.26099945691053555,1
100,2.850749849372531,0.08984771865086383,72.03231059743781,2.7579014767787867E9,0.35810321250590016,2
100,2.254347618407105,0.09169313378333666,78.03995878989137,2.857325144525797E9,0.29790534089137083,1
100,1.5832350584918569,0.08696185602843018,74.110689105176,2.896009404683428E9,0.2771116253737864,3
100,1.5162707331726555,0.08645928424503745,72.38516597559243,2.884112279719895E9,0.2779965261652618,1
100,1.3968603274537772,0.09079574568519838,74.88019940741565,3.03559266666404E9,0.2591543661328141,3
100,1.383588860582448,0.09100819295801654,75.00353800088521,3.044009122118753E9,0.2584116101188313,2
100,1.0075727068722227,0.06049578551571001,41.9161795998158,2.203704841978706E9,0.44516510041812085,1
100,1.198975431515484,0.04300135168158495,54.45165693601103,2.167836305079454E9,0.5193252468229225,1
100,0.9909209878718526,0.06053652903898116,41.84721032656231,2.205600233562228E9,0.4428982952729462,1
100,1.1588107645198051,0.04575204942005582,52.47037497600668,2.176021284361066E9,0.49931733067235273,2
100,1.2226976075778206,0.044523004159773144,51.19629441570326,2.16050905256339E9,0.5381768432702015,1
