evolution$generation,alpha,beta,tsteps,popfit,indicsfit,evolution$samples
100,1.1520328941595226,0.09199678320467952,17.60959374783045,1.5267003254469247E9,1.6724385997620126,5
100,1.327972588269517,0.08708191930795475,64.80246314845297,2.083107526893894E9,1.0706676772583679,1
100,1.5549772244578324,0.0927760248076987,67.62206158347979,2.2478486199741154E9,1.08219648019776,2
100,1.5983853793708713,0.1,65.677736315584,2.294209437454997E9,1.0702822268565102,1
100,1.352046973082215,0.08755783373817895,88.21780445555778,2.419657819820597E9,0.912196459949405,1
100,0.9266018286636634,0.08955881667139372,20.602333671394202,1.3674638862828717E9,1.4990794538907488,1
