evolution$generation,alpha,beta,tsteps,popfit,indicsfit,evolution$samples
100,5.71784912579658,0.003533183171336685,99.15400324975644,3.950129005713492E9,2.272465584616929,3
100,9.502190750684898,0.09255811633219722,11.668252621382939,3.950129005713492E9,2.272465584616929,3
