evolution$generation,alpha,beta,tsteps,popfit,indicsfit,evolution$samples
500,3.954536454959304,0.009014986261005085,88.32418290031337,3.950129005713492E9,2.272465584616929,7
