evolution$generation,alpha,beta,tsteps,popfit,indicsfit,evolution$samples
200,8.125513578540053,0.004512921378316759,33.23355387872904,3.950129005713492E9,2.272465584616929,4
200,9.502190750684898,0.09255811633219722,11.668252621382939,3.950129005713492E9,2.272465584616929,4
