evolution$generation,alpha,beta,tsteps,popfit,indicsfit,evolution$samples
300,0.0,0.08649938837315653,23.368286889101636,3.950129005713492E9,2.272465584616929,5
300,5.71784912579658,0.003533183171336685,99.15400324975644,3.950129005713492E9,2.272465584616929,5
300,8.125513578540053,0.004512921378316759,33.23355387872904,3.950129005713492E9,2.272465584616929,5
