evolution$generation,alpha,beta,tsteps,popfit,indicsfit,evolution$samples
200,8.36361159293358,0.04962566562275703,44.7042060789034,3.386720494675648E7,2.6766891628724547,5
200,9.336765789388974,0.09105566532126999,17.49162431912777,3.386720494675648E7,2.6766891628724547,5
