evolution$generation,alpha,beta,tsteps,popfit,indicsfit,evolution$samples
200,1.699568037469835,0.021539018161942966,88.77759150421664,5.141151319703947E9,0.10010844625537667,6
200,1.6993522412772677,0.02125825805527016,89.67058104462025,5.0995653050632E9,0.09879836155836505,1
200,1.1550416395044114,0.025352472214333083,7.099582377135018,8.169726093183143E8,0.8134507363308797,1
200,1.0607965991181436,0.009293756432859306,67.92757334461602,2.4363501018430905E9,0.14847906708664976,1
200,1.0749764520262748,0.026965372624426266,10.969863326280606,1.092212624990497E9,0.5187158066224637,2
200,1.0898535233268876,0.027011437414178985,19.100798404524856,1.8546800394347954E9,0.23795759225859586,4
200,1.107318874634457,0.027716148184667024,7.007019205455042,8.633474232623411E8,0.7291919570342725,1
200,1.0927766109672163,0.02613479709497535,21.435907825633365,2.0514015589402285E9,0.19288332393257357,1
200,1.0583973292220774,0.00955566398301784,66.83094438490824,2.4547471443595605E9,0.14802858888028683,1
200,1.044752080628171,0.026712828123558543,19.00778572078216,1.9574716653968685E9,0.22955126529473185,1
200,1.699570083810182,0.02153902983949084,88.77759150421664,5.099175127077937E9,0.09914905797911494,1
