evolution$generation,alpha,beta,tsteps,popfit,indicsfit,evolution$samples
500,0.46008817818919445,0.0036386401716315578,34.50870858148817,4.1172807762122804E8,0.6040347130628116,1
500,1.9812885486331626,0.09566389481287987,58.861962154223185,1.633835902994159E9,0.15836259800468488,1
500,0.0,0.034593759376594105,8.399727003329627,8.075212393157516E8,1.7679790789852416,5
500,0.5507032131035359,0.0035041143082734437,34.85443579742706,4.381161776600173E8,0.23286385337368704,1
500,0.6931598669033472,0.03632221559324993,8.020029947981584,6.492664582841147E8,0.20002067986667862,4
500,0.6905358374776636,0.03348957592295836,8.999019401258472,6.286056229147226E8,0.1868791526233299,3
500,0.529066758843255,0.002686434138152916,38.846728423762634,4.259993227857372E8,0.37019503209434146,1
500,1.5731933604461732,0.09200982538594779,55.30470165534518,1.4313364699662714E9,0.15880938655942262,1
500,1.566771440244505,0.06953250254380815,82.64798578634904,1.4142785830433078E9,0.1725277437565595,3
500,1.9818656020984284,0.09567811376757865,58.77662728018619,1.6251339088872635E9,0.1583863177308727,1
500,0.5941375659972299,0.03599295172682365,7.6884092926365835,5.058222504245459E8,0.17143724397584073,1
500,1.5138367368037198,0.08694905612046547,64.05955516426425,1.4020233370818286E9,0.173772702124818,2
500,0.5472072756739476,0.0027427446538481324,34.83604083608948,4.417840348594784E8,0.2749729888602371,3
500,0.5357036345325489,0.0028581201825709445,31.88597512222964,4.3583163377285796E8,0.29992486667235024,2
500,0.33570259555796855,0.034126360574542554,2.9661265770504723,4.642223432631793E8,0.2571561535996057,2
500,0.5962923230757484,0.03610714015243953,7.9546415847829355,4.686116410649077E8,0.17608672883239718,2
500,0.7252301390167462,0.033502593426994194,8.475137274135811,5.854428704805493E8,0.244190083897257,3
500,0.5853582908812355,0.03684923228424521,6.878057092092968,4.7817595939550585E8,0.1754676219491663,1
500,1.4202175217526334,0.08798958173106647,64.49974039534044,1.37273373018233E9,0.18582278332258403,5
500,0.3650570353069398,0.03400721729416638,2.973743597593275,4.6586304580107796E8,0.2288240706383859,1
500,0.8210102456837518,0.02089874711048693,19.27768723550013,5.852087360283817E8,0.26345112650003577,4
