evolution$generation,alpha,beta,tsteps,popfit,indicsfit,evolution$samples
200,1.7735158562166404,0.1,53.81193434572262,7.41268249552799E9,0.6490150999585484,1
200,0.301144316153118,0.008527441617252862,81.98448543085804,1.0312408031048926E9,1.055581664589847,1
200,1.2986955337851476,0.06703311647919827,17.049488380359485,4.589805134850311E9,0.9918526510216805,2
200,1.124785528860739,0.02243377353692575,31.092653974987556,3.689684289891933E9,1.1674530509980774,5
200,0.5108086526566002,0.018391854159505668,71.89798562033178,1.2984627456131268E9,0.6673205789207219,1
200,0.16110095049648943,0.03466023253234758,74.26811100923173,1.9063108610090683E9,1.178162058936794,3
200,0.43237500224583914,0.011935029277521499,70.58681609110072,1.0789024615321155E9,0.8277536469548286,1
