evolution$generation,alpha,beta,tsteps,popfit,indicsfit,evolution$samples
800,0.0,0.08071324301243615,44.40119945091478,2.8224265457187325E8,1.4522075269906978,8
800,10.0,0.008456797576759054,35.11412241084028,2.8224265457187325E8,1.4522075269906978,8
