evolution$generation,alpha,beta,tsteps,popfit,indicsfit,evolution$samples
300,0.0,0.03998640567324061,73.41798610309006,2.8224265457187325E8,1.4522075269906978,6
