evolution$generation,alpha,beta,tsteps,popfit,indicsfit,evolution$samples
500,0.0,0.03998640567324061,73.41798610309006,2.8224265457187325E8,1.4522075269906978,6
500,0.0,0.08071324301243615,44.40119945091478,2.8224265457187325E8,1.4522075269906978,6
