evolution$generation,alpha,beta,tsteps,popfit,indicsfit,evolution$samples
100,8.26829803949436,0.03711893720559978,43.653822107661696,8.624330132757136E7,1.356688396213554,3
