evolution$generation,alpha,beta,tsteps,popfit,indicsfit,evolution$samples
200,9.059884174432096,0.0524475571395219,63.16561736372825,1.2835486786084232E9,1.654274483817918,5
