evolution$generation,alpha,beta,tsteps,popfit,indicsfit,evolution$samples
200,1.5095387926907566,0.09531167817818552,62.51318079268457,6.526963098219484E10,2.446518363777697,4
200,1.4246537597665276,0.1,9.674429730827061,2.840297788526585E10,1.48903223974241,1
200,0.583653553439977,0.02044392897892295,95.705337449217,1.531750465002677E11,0.3115250508965359,1
200,0.4853098010081669,0.025217197834942653,85.66246372479632,1.6110991838868616E11,0.3670544866465554,2
200,2.531620916783876,0.09461199932855038,56.01518625281445,6.046603442233513E10,2.5207996125483234,2
200,8.355695991016345,0.09820884757828295,66.43810731965803,5.9121977851964516E10,2.5449869073613924,3
200,5.195720412939828,0.09689169155197706,72.58267311730796,5.983496968490224E10,2.5368543062893885,2
200,1.4331201611800173,0.09615266248201881,62.42826279298485,6.562213702542244E10,2.43927639833662,3
200,3.0289827085513132,0.09855186778038938,100.0,6.290907613197595E10,2.48112445068131,3
200,3.34381906715453,0.09942541701677678,94.76244171366356,6.2384890101215454E10,2.4874278897142674,2
200,2.2338032761634716,0.09732998098330412,100.0,6.417747989511137E10,2.462698919555456,3
200,6.474547477847942,0.09728606617825969,86.45295809348164,6.094382811693922E10,2.519126984828512,3
200,0.16532621791269633,0.09855756456057084,100.0,6.7526289127498474E10,2.4093026331946445,2
200,6.459338034452954,0.09867949608367949,86.86356069832034,6.1066305394365E10,2.5131102860154186,3
200,10.0,0.1,57.75176685293505,5.806294172889664E10,2.5568299630969316,2
200,10.0,0.1,63.00175473154494,5.881004491479288E10,2.5448035927327277,2
200,1.5095387926907566,0.0953116781781855,62.503418854564316,6.522257733898042E10,2.44717105395437,2
200,10.0,0.1,62.56120789586159,5.875107867388315E10,2.545750478379505,2
200,3.0802902109071946,0.09942470592522708,98.58968959569903,6.284417933784351E10,2.479748596975949,2
