evolution$generation,alpha,beta,tsteps,popfit,indicsfit,evolution$samples
500,2.2278951511951073,0.053242554647047774,20.673448263021896,6.562785989542811E10,2.5741173906718062,6
500,0.20013679600958229,0.06415232000941963,15.897313539565546,4.823293841164818E9,1.029475680778705,1
500,0.6120811701241655,0.025768793611790877,74.6538393880388,5.55954834584618E9,0.23969618987972752,1
500,0.0,0.1,24.743466772786075,6.366189853502184E9,1.4157484048185098,2
500,1.6560992965588155,0.08678086628513065,83.28562678996822,7.676110364492491E9,0.3550275597135875,4
500,0.5858988085019629,0.09004661519815459,82.37993561208717,6.6432249584592085E9,0.6653316979344772,2
500,0.08329577906484475,0.09268953648290901,81.07213602659387,7.313692324801147E9,1.4121897744343157,4
500,5.443894137044803,0.09857100874322064,82.31604049696848,1.4972744150911264E10,0.5371842526418957,5
500,0.8534078558910925,0.0887707904823562,80.11660899710677,6.69387022378038E9,0.3389811737510252,2
500,0.9083957766555899,0.049809057578911915,43.39122990236296,6.960757749057573E9,0.26667156993452856,2
500,0.3704399087472149,0.1,76.63854627345069,6.958215126535683E9,1.0497572875043835,3
500,0.0,0.1,37.87578396900371,6.89851795836796E9,1.4595193765365067,3
