evolution$generation,alpha,beta,tsteps,popfit,indicsfit,evolution$samples
300,1.4049425626595347,0.08985026501997967,80.20651102244608,7.2302848030957775E9,0.3324921210223911,1
300,0.0,0.1,24.743466772786075,6.3685916899565735E9,1.4145370361171319,1
300,2.2278951511951073,0.053242554647047774,20.673448263021896,6.562785989542811E10,2.5741173906718062,6
300,0.5858988085019629,0.09004661519815459,82.37993561208717,6.641732807080426E9,0.6637063061866045,1
300,0.3704399087472149,0.1,76.63854627345069,6.958022353851355E9,1.0488832093364118,2
300,1.6560992965588155,0.08678086628513065,83.28562678996822,7.67408211969471E9,0.3551071650164237,3
300,0.8193952576993374,0.09330310402480894,81.70250021258826,6.707065331365042E9,0.3768431408167281,1
300,0.08329577906484475,0.09268953648290901,81.07213602659387,7.319393438806161E9,1.4122453282046579,3
300,5.443894137044803,0.09857100874322064,82.31604049696848,1.4972744150911264E10,0.5371842526418957,5
