evolution$generation,alpha,beta,tsteps,popfit,indicsfit,evolution$samples
200,0.5464943442747052,0.06911648423122063,39.04136068287961,6.006407969049074E9,3.2897553547788023,5
200,0.17829604988312653,0.060230900123702316,51.96513202645386,6.006407969049074E9,3.2897553547788023,5
