evolution$generation,alpha,beta,tsteps,popfit,indicsfit,evolution$samples
300,0.5464943442747052,0.06911648423122063,39.04136068287961,6.006407969049074E9,3.2897553547788023,6
