evolution$generation,alpha,beta,tsteps,popfit,indicsfit,evolution$samples
100,0.17829604988312653,0.060230900123702316,51.96513202645386,6.006407969049074E9,3.2897553547788023,4
