evolution$generation,alpha,beta,tsteps,popfit,indicsfit,evolution$samples
600,7.574058397748602,0.09851865127933984,21.423568907779206,5.821322960099123E7,3.782429721279443,11
600,0.0,0.1,95.7262269026481,5.670678190271778E7,2.7218199931918656,1
600,0.0,0.05212695372753615,19.38135821667261,6.049760680380328E8,0.6728191238971204,1
600,0.011133605107309073,0.04226585102234582,11.708500633401801,1.90523596607252E8,1.021033337010063,1
600,0.001648846717835127,0.05127911195985901,16.850600890786048,4.7221200422986937E8,0.763682095890976,1
600,0.0,0.052546842645647275,17.16861304777854,5.295817500179085E8,0.7228283928890273,1
600,0.0,0.053688410862511485,17.34019036714827,5.55039973766876E8,0.7053279741319668,1
600,4.021496409580571,0.0,14.689479281306616,1.21405626868848E8,1.3994171798213595,5
600,0.0067449620040301115,0.055018085262801476,17.298728054321657,5.379254273998666E8,0.7207346615053083,1
600,0.0,0.052268539269640805,17.918324151955044,5.532532858017501E8,0.7073850160368087,2
600,0.0,0.054989903752373594,7.386945136068179,1.545008244239E8,1.0574734418786673,2
600,0.0,0.052845295226206734,5.450114108870538,9.92601762888998E7,1.1627281627722268,1
600,0.0,0.05201561297914761,1.0,6.009322019251026E7,1.3334572696177114,1
600,0.0,0.05459585804728521,1.0,6.013786119461277E7,1.3308732635009974,1
600,0.024108802466739892,0.0,20.17130152443846,7.034844197035041E7,1.2972631487249853,2
600,0.0,0.05201392775966871,1.5779587544502145,5.872417038106352E7,1.4058337832422603,1
600,0.0,0.055630109877019635,1.4737128116053766,5.8823484360772386E7,1.3907494469497945,1
600,0.0,0.09198843723946769,84.7666400545607,5.698097495591976E7,2.6797188099687244,5
600,0.0,0.0,24.472081340643026,6.87570937216959E7,1.5595394300598426,3
600,0.0,0.05600320357874864,1.4873638484798668,5.876805119323145E7,1.3910036462878188,1
600,0.0,0.0,17.455979269646733,6.881336982492098E7,1.5547893621893945,2
600,0.0,0.09891184818285416,18.156106393025055,5.681131219592786E7,2.12373754373151,2
600,0.0,0.09967322138496457,100.0,5.6723684597199686E7,2.7234176300188526,3
600,0.0,0.1,78.80582823911772,5.670690540839711E7,2.606645460442113,1
600,0.0,0.1,100.0,5.671114437866186E7,2.7434280874095345,8
600,0.0,0.1,83.72696649546754,5.670956319640268E7,2.5935349354418196,1
600,0.0,0.09983522391044346,99.21338375161501,5.671592941969846E7,2.7017331607691015,2
