evolution$generation,alpha,beta,tsteps,popfit,indicsfit,evolution$samples
100,7.574058397748602,0.09851865127933984,21.423568907779206,5.821321762711475E7,3.782429721279443,7
100,7.139808335220065,0.09772519679229699,41.21001668437369,5.749393770297851E7,3.78408329747243,3
100,4.871721809926067,0.01419975243396341,12.770954327576527,1.2844801241639443E8,3.4625890850180805,3
100,6.453063762320137,0.0984347365770083,60.59191869495513,5.722243372295593E7,3.781244995370908,2
100,4.02235384894362,0.09827961041575843,64.73472743388446,5.713349133029093E7,3.7815057431649723,2
100,5.301196112281374,0.060242927887338975,20.98328743848958,1.3741708369680052E9,2.0259542041816405,2
100,0.0,0.1,100.0,5.6712990915851325E7,2.6975262832284774,1
100,8.798039414343554,0.1,53.006903010599586,5.727801394543694E7,3.7761626540152156,2
100,4.87582986581455,0.0,14.60334032163507,1.490517994801761E8,1.4204433005415769,1
