evolution$generation,alpha,beta,tsteps,popfit,indicsfit,evolution$samples
100,2.3314099629722396,0.09423420968960249,77.32996561305832,4.581004455649424E9,4.689015605860565,2
100,0.9412886855772773,0.06817140059445691,20.692846385007208,6.032312647635151E9,2.4652667358140348,2
100,1.4493047393035807,0.03648188960080081,40.084694311336314,6.019472970537631E9,2.571912147387413,2
100,3.7150100535766106,0.07724245434941278,20.257311272439694,1.142299604912775E11,4.339117533263099,4
100,0.23570758760926097,0.06794841635088937,17.4523166967982,6.430493540507105E9,1.5840335618591763,1
100,1.5873983501717328,0.029733272951180303,40.70257184365961,5.630711624383913E9,2.8019431847002263,2
100,5.135093932608619,0.1,100.0,4.586187797260238E9,4.671067886823195,2
100,0.5752112742932004,0.041899989049506266,67.31355658737215,9.904494874985857E9,1.1975228891208443,1
100,1.1611767392245769,0.025462624906293543,34.9703309234176,4.7379865064295025E9,2.9799800309547466,1
100,1.3634441121698926,0.06842812139779907,20.016032150059047,5.808943148470968E9,2.610107226152471,1
100,1.2829135656858195,0.09331473756887283,61.20293018462824,1.3067157955927032E10,1.1600866610832998,2
100,1.5362544700857161,0.03556056047650045,48.657445731344524,6.592493223115373E9,2.431338560738502,2
100,1.2023672936907635,0.02520989742774858,35.08913697032501,4.73638616059735E9,2.997991935517974,1
100,0.5527581103205103,0.042609465108680106,2.663614231448654,4.2376453626176977E9,4.366283282704473,1
100,0.6692691973022484,0.0679566129981846,18.30000196881655,5.878463570878021E9,2.333829289864771,1
