evolution$generation,alpha,beta,tsteps,popfit,indicsfit,evolution$samples
200,0.4830880287166567,0.06956982673044926,32.92275537747068,3.5543201790592563E8,0.33775121352855175,1
200,0.612256027625389,0.011009546410986433,4.288084663807669,3.6098926017434336E7,1.8528355541292867,1
200,1.3739982936122508,0.09604176310021556,15.54702236637793,2.3040767733971375E8,0.8231499958577131,4
200,1.2443353703043787,0.1,7.257003332385425,1.1873953270788467E8,1.1084408599177171,2
200,0.25562127156269104,0.01896798956223027,30.299623411871647,1.5014444056539452E8,0.6747759478243169,1
200,1.7813605853431924,0.0761851818495296,54.675399191996426,4.088025366591188E8,0.5087744630398363,3
200,0.4213603524475948,0.07017085888862587,15.359475016065225,2.2371458130012774E8,0.4561866558792709,2
200,0.4098817471864086,0.05183987495573619,18.62025320320006,2.0309831692856345E8,0.4847215528307005,1
200,0.6813816714413354,0.045100707912099594,3.243279424336363,4.355154602613929E7,1.5578296417807214,2
200,0.24271400446616942,0.0,29.878927274983482,5.0872030815407716E7,1.1435685122042196,2
200,0.5613471625176933,0.09611989493021413,24.49488053951758,3.5604180100271213E8,0.3479335807665106,2
200,0.5311507332445262,0.008832803193188672,4.166540256046919,3.785326126809166E7,1.7683896228465712,2
200,0.3642698310183515,0.05367759236862102,15.355036053187737,1.863263079280509E8,0.5243464863353561,1
200,1.2976152444446434,0.06904675941837572,4.971494383158656,4.89389170943609E7,1.5460800156558754,1
200,0.0,0.026492406330557952,15.694545819726168,1.5693417353162807E8,0.9292627676073504,2
200,0.29220081895659117,0.013437484800721997,30.59969490618035,1.139257665859661E8,0.7126562315055965,1
200,1.106575957006819,0.03288932951458341,37.62130235060513,1.9949837316991434E8,0.8816862077183207,2
200,0.04288414579476097,0.013335650865629396,4.45031167558353,8.01189698091323E7,1.0601208131964956,1
200,0.0,0.022811983576631775,4.926990285689692,1.021187323620964E8,1.1413626332889915,3
200,0.005422693158941596,0.0022246548650263448,96.29185777606125,1.1321327043935536E8,1.0433187696222943,1
200,0.46928214048400196,0.035830749077573464,3.555910700423433,4.961551634167117E7,1.2367705990566016,2
