evolution$generation,alpha,beta,tsteps,popfit,indicsfit,evolution$samples
900,8.742804661470949,0.0,31.867600729643915,1.2795688741840671E8,0.9674921601851366,8
900,7.342570090075563,0.030556798052771512,32.04972013833084,1.2795688741840671E8,0.9674921601851366,8
