evolution$generation,alpha,beta,tsteps,popfit,indicsfit,evolution$samples
400,9.067676160259852,0.01963657390353841,31.808663269560412,1.2795688741840671E8,0.9674921601851366,6
