evolution$generation,alpha,beta,tsteps,popfit,indicsfit,evolution$samples
700,7.342570090075563,0.030556798052771512,32.04972013833084,1.2795688741840671E8,0.9674921601851366,8
