evolution$generation,alpha,beta,tsteps,popfit,indicsfit,evolution$samples
100,8.214591551701226,0.05971577704531568,49.28172292644191,2.6370149979374606E11,2.48115517693956,4
100,0.6301502374580836,0.005920785641252768,84.04442463419761,1.8048368873712065E9,0.27815653946675645,2
100,0.4117806766446126,0.0050107653234596206,82.32692722492078,1.16173972692574E9,0.52113034270284,1
100,0.41759460568354223,0.004152003290188904,91.06450788380596,1.1678396140177042E9,0.5071943293926175,1
100,0.5926440968237944,0.008290425124856648,84.21363679854623,1.5411401222736537E9,0.3259450301416212,1
100,0.5137367740780465,0.013580036321211592,84.16980242835055,1.391172360628167E9,0.4830191351559139,1
