evolution$generation,alpha,beta,tsteps,popfit,indicsfit,evolution$samples
400,0.5022685193067167,0.05457527687596014,79.54199306312171,3.0403954249277127E8,1.4299491861717522,5
400,6.242211253695019,0.042861041417518925,36.115398120626416,3.0403954249277127E8,1.4299491861717522,5
