evolution$generation,alpha,beta,tsteps,popfit,indicsfit,evolution$samples
600,7.834557796149686,0.009452085665422284,77.50337818332349,8.997515547366078E8,1.5259821616681954,7
