evolution$generation,alpha,beta,tsteps,popfit,indicsfit,evolution$samples
400,6.5186529315475505,0.02243573606651681,36.76176106072908,8.997515547366078E8,1.5259821616681954,5
400,7.834557796149686,0.009452085665422284,77.50337818332349,8.997515547366078E8,1.5259821616681954,5
400,2.664981686674215,0.024066183677529353,63.784347743943,8.997515547366078E8,1.5259821616681954,5
400,9.798280205821843,0.0854454400712831,78.54387944968222,8.997515547366078E8,1.5259821616681954,5
400,3.7248930879469766,0.06852864175452145,24.498527026847608,8.997515547366078E8,1.5259821616681954,5
400,10.0,0.1,1.0,8.997515547366078E8,1.5259821616681954,5
400,9.105324041779463,0.03824357834717972,65.24934888085018,8.997515547366078E8,1.5259821616681954,5
