evolution$generation,alpha,beta,tsteps,popfit,indicsfit,evolution$samples
200,0.45812244569394733,0.08430964319546297,5.997535460034446,3.0813990930981407E9,0.7224411853706048,1
200,0.8110305564743087,0.04757654468778853,26.990021047295723,4.507265464672E9,0.36016519474851083,1
200,0.5770263643274843,0.014501577557295262,11.73382583761982,3.6990332037897687E9,1.352574119574258,3
200,1.7380141371596591,0.04100162941101874,29.463592990906104,4.605543725564695E9,0.3837401109617136,2
200,0.4454687745501221,0.08664536391064082,6.084922113479812,3.092527219111558E9,0.7152300764934045,1
200,0.6071911632767752,0.03903083240536553,29.626411189195544,4.250941061599807E9,0.4201200754991412,1
200,1.5929520592421738,0.04624752198975937,25.48291741336179,4.359800408677512E9,0.37607819741543624,1
200,4.860399672083513,0.09833580006817427,12.859826663129978,1.6137901619657751E10,1.2362791201192058,3
200,0.34131948983958815,0.016768324188288535,11.098950642465935,3.47669667198026E9,1.2174833971174994,2
200,1.5162536359461118,0.028446296757749547,25.03025418534281,3.724580087283451E9,0.6729231038008554,1
200,1.5056734804226688,0.028782155675648614,24.587538208449644,3.69277281723346E9,0.6768605189366341,1
200,1.5396624071494383,0.028443354431757002,24.930976259349798,3.763374656823036E9,0.6776870919663809,2
200,1.5841433318151816,0.02865572996466827,25.831640089283216,3.8439605669250736E9,0.6560022283250869,2
