evolution$generation,alpha,beta,tsteps,popfit,indicsfit,evolution$samples
400,9.441956970600243,0.03591651998175508,100.0,4.75987285607196E8,2.613618148984016,6
