evolution$generation,alpha,beta,tsteps,popfit,indicsfit,evolution$samples
200,1.0450715856297155,0.028068573401896082,58.68073404516364,2.9068770960189595E9,1.775941132979032,5
