evolution$generation,alpha,beta,tsteps,popfit,indicsfit,evolution$samples
300,1.0450715856297155,0.028068573401896082,58.68073404516364,2.9068770960189595E9,1.775941132979032,5
300,1.576080558489319,0.031824608918915545,82.99009517957315,2.9068770960189595E9,1.775941132979032,5
300,9.98318505804236,0.011144036542922474,95.2450115033566,2.9068770960189595E9,1.775941132979032,5
