evolution$generation,alpha,beta,tsteps,popfit,indicsfit,evolution$samples
700,7.099125152703647,0.06579625578611792,44.21434594816421,2.9068770960189595E9,1.775941132979032,7
700,8.465473252766927,0.1,59.52363734503741,2.9068770960189595E9,1.775941132979032,7
