evolution$generation,alpha,beta,tsteps,popfit,indicsfit,evolution$samples
100,1.576080558489319,0.031824608918915545,82.99009517957315,2.9068770960189595E9,1.775941132979032,3
100,1.0450715856297155,0.028068573401896082,58.68073404516364,2.9068770960189595E9,1.775941132979032,3
100,6.692750360544537,0.06171302890027078,47.200436978999356,2.9068770960189595E9,1.775941132979032,3
100,2.688832398629659,0.09369517048805934,5.756658360418353,2.9068770960189595E9,1.775941132979032,3
100,4.81019423650455,0.012160434861859071,3.3347320208668014,2.9068770960189595E9,1.775941132979032,3
