evolution$generation,alpha,beta,tsteps,popfit,indicsfit,evolution$samples
1000,0.1530301343707441,0.012668538094437999,3.338760259901524,3.9938806835031345E7,2.178408013761409,10
