evolution$generation,alpha,beta,tsteps,popfit,indicsfit,evolution$samples
100,1.8264123212912908,0.05260093632385435,55.27065199347787,6.585882753214072E9,0.9576971343313698,3
100,1.0358606088376443,0.0048952500749448015,93.23553214516198,2.575598078154052E9,1.541551092871909,2
100,1.7218898099297486,0.09060423752996516,55.86842884117787,6.267091051883984E9,0.48090499419249444,2
100,1.1051587351224577,0.09042840979265797,18.513545039455618,3.3264058613843775E9,0.8176563377360446,1
100,1.523644645280931,0.05265833682572693,55.36600104778814,4.725378572466051E9,0.7161276513937986,2
100,1.7559721997418667,0.09122001026350195,55.20316178861506,6.225013393071874E9,0.4930833448334089,1
100,1.322942589297536,0.1,54.842528126270004,6.640685804708863E9,0.387709070594382,1
100,0.7789567824890865,0.08679775620735206,7.73801225701343,1.7465128319824514E9,0.9731053534055272,1
100,1.5089967805595643,0.0519574665290417,55.4194028410675,4.68653372713321E9,0.7186566402997406,1
