evolution$generation,alpha,beta,tsteps,popfit,indicsfit,evolution$samples
100,5.918624631013434,0.03601820169030967,31.761417405296807,3.2991546826626654E11,3.9399720338245228,5
100,2.514321775657127,0.05896504324399013,99.60962008191025,3.972735267628728E10,0.8044959632135649,2
100,0.026596603900226265,0.052572507515013536,8.912435469041347,1.0712346157218172E10,3.7811604947440034,1
100,0.42728502856379125,0.09709231501670589,19.010888460841333,2.0471140377421715E10,2.4486048907416658,4
100,2.48564217576058,0.058992701066199575,100.0,3.9534971571422585E10,0.7998584931687656,1
100,0.833871372224332,0.09381024806966642,16.085115746605936,1.621915755809422E10,1.337508159541835,2
100,2.2763026106220083,0.09402844729523738,67.4341492372506,3.76957321379459E10,0.8078063128145468,1
100,0.0,0.029252955835871855,1.0,1.406859037825486E10,4.918410756892002,2
100,0.8209575672827105,0.09693709009525894,18.932829403164817,1.8579529670437683E10,1.3169945110742016,1
