evolution$generation,alpha,beta,tsteps,popfit,indicsfit,evolution$samples
100,1.0220555950788146,0.019511973748481615,57.94124135668634,1.9849188211034093E9,1.19339187124024,5
100,1.4382331509870694,0.043531388863203714,94.03340440879602,2.5794519172146955E9,0.5877744589328556,2
100,0.7394537416375585,0.017385660232497557,59.12342953402861,1.3867840248577685E9,0.6674114778442355,1
100,0.506940574945899,0.01758660525962415,67.61759286872689,1.3399961271771297E9,0.9924353705074589,1
100,1.0131915256736466,0.05790609894933402,40.01689102825337,2.0073665268687625E9,0.540086757809592,1
