evolution$generation,alpha,beta,tsteps,popfit,indicsfit,evolution$samples
300,1.0220555950788146,0.019511973748481615,57.94124135668634,1.9854195170269086E9,1.1940082923041955,6
300,0.0,0.011438076734296164,4.648685306130412,1.2167106964995244E9,2.5550416737208566,1
300,1.3427237196639434,0.09779687464277674,98.225986253212,2.6377911450489035E9,0.15309583670899551,1
300,0.732448370779851,0.017584926458828132,60.48221359937125,1.3937739449068096E9,0.6440282136401742,1
300,1.0676201915041081,0.09246730790335259,51.51868901778974,2.302403526621322E9,0.23550024634047834,1
300,0.0,0.016055206952990963,6.033613867763218,1.2295187191818283E9,2.501194893936545,1
300,0.5923099159049732,0.056380083206055476,16.122193067422227,1.337382583597697E9,0.7288285117304782,1
300,0.7394537416375585,0.017385660232497557,59.12342953402861,1.3862263817725248E9,0.6685062740960093,2
300,0.5492993039388804,0.020423748021372926,53.413145122300264,1.2784023046692765E9,0.8722744612161686,3
300,1.1586232355006487,0.09385798294905705,98.91652585897694,2.5592948333569727E9,0.18162854385725138,1
300,1.3030876033774503,0.09388992102622276,94.5149466578329,2.605351256104343E9,0.15607679812570507,2
300,1.0506766224398958,0.02932503850182734,95.93496742249378,2.0635242742339115E9,0.4778420345406144,1
300,1.439887729816909,0.04373021126507539,95.17974074322309,2.593853093951886E9,0.5726057929866644,3
300,1.0338516020552835,0.06119033712525718,47.60417138279662,2.072617799810048E9,0.42674054890666174,1
300,1.08108915933224,0.0986404865118588,100.0,2.5406059844470353E9,0.22963017830609592,1
300,1.0325919794050877,0.059867006571824394,50.97243667498416,2.0960597074577556E9,0.4018322089984429,2
300,1.0131915256736466,0.05790609894933402,40.01689102825337,2.0073665268687625E9,0.540086757809592,1
