evolution$generation,alpha,beta,tsteps,popfit,indicsfit,evolution$samples
900,1.1344033871334689,0.06951842175662032,25.49512237599994,2.1462633633526985E10,0.9405321142780116,1
900,0.5903113722989737,0.09438996428305811,100.0,2.5262139837810287E10,1.2091973950681392,8
900,0.6257664589494674,0.09182590010777769,12.356398161820527,1.9932161706420105E10,1.0304536149527863,2
900,0.180102553499754,0.031910946916579995,32.85022050906791,2.356620280597176E10,1.328708486895218,5
900,1.7884788443196231,0.09123435522776077,25.138094151523024,2.4303305335770245E10,0.9910649387466743,6
900,0.6631040617237438,0.09196051357467473,13.102012923831598,1.994902123170168E10,1.0079560875498623,4
900,1.1419788918794547,0.07057781378836037,22.74140747575463,2.0303376380856045E10,0.9542081670211867,1
900,1.0855725821175584,0.06928045118468672,26.834586962040458,2.2368934454477806E10,0.9483492919994039,3
900,0.9573014428850048,0.04953041862234536,36.37284520874116,2.271582488940747E10,0.9580633108341564,4
900,1.1359875745568369,0.07057290321624056,23.46885452516939,2.039520812428811E10,0.9474636413600083,2
900,1.01507521033919,0.07005624884305572,23.42668326363407,2.053219202458454E10,0.9424828369368707,2
900,1.1295488522472306,0.0714205081602756,22.693843085011824,2.031717052950067E10,0.9505951894746538,2
900,1.0084177792628612,0.06958363577766143,23.409331574574658,2.0488094284698666E10,0.9428194803562324,1
900,1.1513316810688277,0.06274395965618755,26.66800974566881,2.0469029653869427E10,0.9466675237301103,2
900,0.0,0.0929471900741378,99.9338284403881,2.2234947896472145E10,1.6648249137130784,7
900,1.141653458351008,0.07046567229113225,22.713438510132143,2.031078069114405E10,0.9539204010831995,1
900,0.0,0.08669393741884907,94.20190779798833,2.2190083171271896E10,1.6291703401371476,6
900,0.0,0.08699762029624152,100.0,2.2213164468280006E10,1.6291232480825757,5
