evolution$generation,alpha,beta,tsteps,popfit,indicsfit,evolution$samples
700,0.6631040617237438,0.09196051357467473,13.102012923831598,1.9957730071485943E10,1.008422771338836,3
700,1.1359875745568369,0.07057290321624056,23.46885452516939,2.0383962208168766E10,0.9473289653278436,1
700,9.852472834285335,0.09950695010532379,82.29031470491228,2.974499173729322E10,1.3305755149061111,6
700,0.180102553499754,0.031910946916579995,32.85022050906791,2.356620280597176E10,1.328708486895218,5
700,1.1377690118252026,0.06910168747503008,23.521826435876736,2.0363144802763157E10,0.9516912129128438,1
700,0.9573014428850048,0.04953041862234536,36.37284520874116,2.271582488940747E10,0.9580633108341564,4
700,1.0855725821175584,0.06928045118468672,26.834586962040458,2.2371498244853302E10,0.948618314103685,2
700,0.0,0.086691303434178,94.4433069690331,2.219764315382528E10,1.6293173834085433,5
700,0.0,0.08733769172730962,100.0,2.221292270771289E10,1.6252699069117207,4
