evolution$generation,alpha,beta,tsteps,popfit,indicsfit,evolution$samples
200,9.991230266507973,0.09771015380791653,68.25037507273429,3.312764927946592E10,1.3589246970578668,5
200,1.5851399141055644,0.09211401632945729,26.072882876947546,2.6822694255210037E10,1.0317132952065946,2
200,0.0,0.08733769172730962,100.0,2.2214989981590157E10,1.6252164606882666,2
200,0.180102553499754,0.031910946916579995,32.85022050906791,2.356620280597176E10,1.3304916984334716,1
200,0.7176029459895383,0.029979639247194753,30.017882921514076,2.411851456594176E10,1.1838846354567238,1
200,1.404068992164872,0.03445398844166204,41.36588239028596,2.5398724902675415E10,1.1318376220914614,1
200,2.1756129535792357,0.09218605677715802,25.645590196619853,2.5996593525021908E10,1.0447663703685162,1
200,9.97117596874425,0.1,82.43614298806772,2.9820669256099083E10,1.3291841634739312,4
200,9.852472834285335,0.09950695010532379,82.29031470491228,2.974591930215332E10,1.3306030292490738,3
