evolution$generation,alpha,beta,tsteps,popfit,indicsfit,evolution$samples
200,3.881304676686257,0.06989627198093415,91.01894801151285,1.299552067424685E9,1.219640121542591,4
200,2.387216476737848,0.06989627198093414,89.01520379025526,1.299552067424685E9,1.219640121542591,4
200,6.921994021718611,0.01562634340097828,58.68430556861502,1.299552067424685E9,1.219640121542591,4
