evolution$generation,alpha,beta,tsteps,popfit,indicsfit,evolution$samples
500,6.921994021718611,0.01562634340097828,58.68430556861502,1.299552067424685E9,1.219640121542591,10
