evolution$generation,alpha,beta,tsteps,popfit,indicsfit,evolution$samples
300,3.881304676686257,0.06989627198093415,91.01894801151285,1.299552067424685E9,1.219640121542591,6
