evolution$generation,alpha,beta,tsteps,popfit,indicsfit,evolution$samples
100,8.07146280592235,0.016244695591731806,76.19208494622377,2.7679361338105595E8,1.49378970311231,3
100,5.2694827869892364,0.04437650110851117,61.570946012071744,2.8811730032170033E8,1.4163692227396352,3
100,2.7947511684946513,0.07293860709569899,92.46222826799116,3.0181739633904004E8,1.3716564752097153,2
100,9.914825901775925,0.05788247550176367,91.16715835060059,2.944367441607802E8,1.3931999025267747,2
100,6.465264122801557,0.07576877150662241,25.795265798533052,3.0195525001536256E8,1.3679649030664325,3
100,1.2442728039247175,0.06688090672616205,45.82311889035063,2.9853579485803664E8,1.3798718096894085,2
100,0.8912099574117205,0.09443125956979549,94.68570753624643,3.132668201822796E8,1.3456767162668255,2
100,8.322966826495204,0.0,98.93456075594692,2.33671569577484E8,1.3937502396004962,2
100,1.4418957210979326,0.08587200634900138,94.66569708622036,3.085890451489475E8,1.3555249639517855,2
100,4.964481593488051,0.0017611162622407973,1.0,2.0363628403152448E8,1.5980052530822915,1
100,1.1535395015010343,0.08552335971744587,94.38091436798652,3.084344113142774E8,1.355911231976378,2
100,4.557523933782707,0.07101531316172006,1.0,2.5777549187280968E8,1.3037329772453932,1
100,1.021603848573915,0.07138274736767224,93.43659609177764,3.011537841384766E8,1.3737251219210445,2
100,4.9427668634432695,0.0019137575651914697,93.336620346226,3.9114261797114044E8,1.1780687912404002,1
