evolution$generation,alpha,beta,tsteps,popfit,indicsfit,evolution$samples
100,4.473658439706691,0.0675170554135266,77.917853917402,2.8181536463620205E9,1.982827664413338,4
