evolution$generation,alpha,beta,tsteps,popfit,indicsfit,evolution$samples
200,5.165847503778651,0.03582034532321552,56.3247275491829,3.1617500976249176E11,3.0739865101140578,5
200,0.7318515243518771,0.1,71.12858297923498,4.740755053265605E10,0.59668957923178,1
200,0.6299923736632558,0.03905225351465513,24.399019608863167,2.689468013563682E10,1.3427162383430051,1
200,0.5958541405004483,0.09900441789613475,28.9910083366011,3.6813841400048004E10,0.9361254515534791,1
200,2.040020910408058,0.0894573030375001,38.818076917788886,5.413998075831801E10,1.1666189939584035,3
200,0.0599037447012678,0.09998464493540322,45.603966280178454,4.6946380777379555E10,1.3555442136818425,3
200,0.6662311108269809,0.08933684588523794,42.7170782808293,3.936016798005617E10,0.81816578344679,1
200,0.7893680583661422,0.09974118518378128,44.61649927938901,4.0362868244751114E10,0.7429195131322488,2
200,0.9292902142798853,0.04422745633346712,23.27838900895116,3.1345138149852104E10,1.6162723208727048,4
200,0.6152964156222629,0.08932720535880471,43.457536525890916,4.000550622693141E10,0.8370946346926502,2
200,0.6659466255841042,0.08933684588523794,42.717275893396284,3.936265666913358E10,0.8162477046568055,1
