evolution$generation,alpha,beta,tsteps,popfit,indicsfit,evolution$samples
100,0.9073338176944579,0.03332898282441637,44.549671740930805,1.9992933179230344E9,0.6191481375802633,4
100,0.3285289919202361,0.05359851194146952,49.77171566387632,1.9141761220103436E9,1.9568980988652145,2
100,0.8893578540842638,0.03423654018390173,46.33856473038514,2.0572579335432758E9,0.5905984934390359,1
100,0.0,0.0,46.28014732170553,1.1005144341919441E9,3.3379796332595526,2
100,0.8991441993934011,0.032562899478815854,44.56994042208547,1.9790285802119837E9,0.6246397184474066,2
100,0.0,0.0,43.441441663002486,1.089734865387858E9,3.338282084012202,1
100,0.05862059509942231,0.004074270971288839,51.69690178499561,1.1527957563385284E9,3.0183052927164833,1
100,0.07568775851293702,0.0777669427006151,20.743735890473108,1.7968573081689475E9,2.532351145873925,1
100,0.7592558263406477,0.05807198988514975,27.311373112455325,1.8249062307623057E9,0.685921640308475,1
