evolution$generation,alpha,beta,tsteps,popfit,indicsfit,evolution$samples
300,4.938778301336241,0.02892776939975667,21.081529861402597,7.400316691483322E7,2.2952524531013134,5
