evolution$generation,alpha,beta,tsteps,popfit,indicsfit,evolution$samples
200,4.3100484047848475,0.05706994005835411,82.32752592954455,7.400316691483322E7,2.2952524531013134,4
200,8.86998106433551,0.005071047329171585,28.314359328018806,7.400316691483322E7,2.2952524531013134,4
200,8.89548983091595,0.07020667584823197,93.42086639370183,7.400316691483322E7,2.2952524531013134,4
