evolution$generation,alpha,beta,tsteps,popfit,indicsfit,evolution$samples
700,8.86998106433551,0.005071047329171585,28.314359328018806,7.400316691483322E7,2.2952524531013134,6
700,4.938778301336241,0.02892776939975667,21.081529861402597,7.400316691483322E7,2.2952524531013134,6
700,2.633200104135336,0.05045343407144707,84.56421438020014,7.400316691483322E7,2.2952524531013134,6
700,4.3100484047848475,0.05706994005835411,82.32752592954455,7.400316691483322E7,2.2952524531013134,6
700,2.991603568946879,0.051900122061787825,34.3390058618163,7.400316691483322E7,2.2952524531013134,6
700,3.1200753942124915,0.025771000393147503,83.18602029251943,7.400316691483322E7,2.2952524531013134,6
700,3.8746825775103337,0.06327119764928257,36.50979978427761,7.400316691483322E7,2.2952524531013134,6
