evolution$generation,alpha,beta,tsteps,popfit,indicsfit,evolution$samples
100,8.324070329248222,0.018772547896999003,81.52578671745124,2.4448967392824268E8,1.337871991528518,4
