evolution$generation,alpha,beta,tsteps,popfit,indicsfit,evolution$samples
400,5.13220477877018,0.0517584746918851,18.06739818304265,6.599621523471059E9,1.9362629684692794,5
400,2.6289274793786177,0.08965376788849005,18.541658248365017,6.599621523471059E9,1.9362629684692794,5
