evolution$generation,alpha,beta,tsteps,popfit,indicsfit,evolution$samples
100,0.5570817537294426,0.006993139289275097,14.061495832665479,1.4615545124066393E9,1.342133002652284,3
100,0.7369687255324586,0.02296403510831633,52.92927147163563,2.15752271076196E9,0.9374160149072337,2
100,1.4332196876468584,0.04129125009193544,93.18457504283376,4.806486509155642E9,0.7276093062320974,3
100,0.7050511163551731,0.03634173384101393,81.26863759813523,3.8089625400774527E9,0.7248662047035954,2
100,0.7363715719358852,0.023277030339853413,52.707154636181734,2.13627244762864E9,0.9364828663330987,1
100,0.4324380131743495,0.007163243078643935,14.080652649515415,1.1261573738139057E9,1.122078950715638,1
100,1.462761294460718,0.04322891230430801,93.30864236422339,4.935110151309204E9,0.7163478022781699,1
100,0.7307091746809828,0.023863041662808206,53.14207383942136,2.1850459909923744E9,0.9253365086172832,1
100,1.72969596350671,0.07764600579165726,70.9341444585354,5.904273995280682E9,0.6461766599222226,1
100,1.355194169832275,0.04887986046284403,96.54154214814129,5.270666687033265E9,0.6591511928576639,1
100,0.7097742251311829,0.036465982901418635,80.69715107387377,3.798049630685681E9,0.725017869658192,1
100,0.7417334371561433,0.023093251541785008,52.47113223525685,2.1453707764578948E9,0.934810494540835,1
100,1.7682630482391644,0.0689626021237403,92.7010977731661,6.398768911790425E9,0.6090845334658941,1
100,0.7385895423894908,0.02290622094898877,52.95975584027919,2.156528787369368E9,0.9347011898458302,1
100,0.0,0.0813337155701486,100.0,5.023073889788711E8,1.313797425607437,1
100,1.6305796718259011,0.07164781697699295,73.74405883625263,5.747332091243865E9,0.6489642854163679,1
