evolution$generation,alpha,beta,tsteps,popfit,indicsfit,evolution$samples
100,0.8082502994361773,0.07726948047701594,90.65700071234077,2.2086107996699147E9,3.507768397741259,5
