evolution$generation,alpha,beta,tsteps,popfit,indicsfit,evolution$samples
600,1.3087726503804054,0.09527268100397156,59.975236046046135,2.912648626601292E8,1.5955165895310257,8
