evolution$generation,alpha,beta,tsteps,popfit,indicsfit,evolution$samples
900,2.5865028771678142,0.0366511626142926,4.041693254616099,2.912648626601292E8,1.5955165895310257,13
