evolution$generation,alpha,beta,tsteps,popfit,indicsfit,evolution$samples
100,1.2628156643874333,0.07777112091613547,19.369419173718672,6.334784297699509E8,0.25526484000410654,3
100,0.0,0.025826509560477308,1.0,3.733730143713565E8,1.8756189752045156,3
100,0.7137645984587873,0.014747569622706706,66.16311200770427,4.9577812551020867E8,0.3540544576745586,1
100,1.3449945532285073,0.07773200638764316,18.173485931390843,5.594660496736958E8,0.28571646024546143,1
100,0.7714553343668571,0.009177023105607475,79.1638711560269,3.35264054804298E8,0.40851364183578825,1
100,1.2158769773888325,0.07634636670228578,19.417415871881218,6.332713603825703E8,0.2553220970327944,1
100,1.4939454429220653,0.08133893720843338,18.09754982924563,5.54844145813832E8,0.29169783760795487,1
100,1.8975790122159586,0.04052151882516615,86.06830142247075,1.0972405948435235E9,0.16743704759806208,1
100,0.8738673815937953,0.006990437999897736,81.27092511818299,2.1890133754930216E8,0.49662766931167573,1
