evolution$generation,alpha,beta,tsteps,popfit,indicsfit,evolution$samples
400,7.06317791619453,0.047880851040182026,90.54327688994994,2.5988649599764223E9,3.2156028255983427,7
