evolution$generation,alpha,beta,tsteps,popfit,indicsfit,evolution$samples
800,1.9356442502469495,0.06460644017392951,33.63774646327832,2.5988649599764223E9,3.2156028255983427,9
