evolution$generation,alpha,beta,tsteps,popfit,indicsfit,evolution$samples
200,0.0,0.1,1.0,5.039289252124175E8,1.7081773989228108,4
200,8.707820945843546,0.046144646159505975,30.441515777403307,5.039289252124175E8,1.7081773989228108,4
