evolution$generation,alpha,beta,tsteps,popfit,indicsfit,evolution$samples
100,7.963248073501639,0.09037319588302294,83.79549600871502,6.704486707750188E8,1.4951968037442789,3
100,4.397183474148294,0.06621444936865266,58.74609408822614,7.086402954443834E8,1.533967597124878,4
100,0.11992684249157781,0.0345126334370186,6.144415862311315,5.0303641786666036E8,1.3789622186258699,2
100,0.5423315835291298,0.02726029134481327,20.05153800665421,7.211206253691931E8,1.1936042836937713,2
100,0.8116043250843274,0.09836528038423856,13.486440637858198,2.5152876093206053E9,1.0789815470454758,1
100,0.4932267525036996,0.022842644799878756,20.0687388683839,5.953584313349895E8,1.228550643304262,1
100,0.8577953961070701,0.09837423085236424,14.61714615928818,2.7108117296947174E9,1.070335329112152,2
100,0.5423315835291298,0.02905028369831484,42.07374681140863,2.198166363023685E9,1.1282819664375747,3
