evolution$generation,alpha,beta,tsteps,popfit,indicsfit,evolution$samples
700,8.022452762618373,0.0023030772542215194,23.24855624489431,5528103.937351181,0.29832260612210276,7
700,7.298411841602677,0.01826853555232515,24.189324805872765,5528103.937351181,0.29832260612210276,7
700,8.854668475306964,0.07835762281090966,40.407164063323734,5528103.937351181,0.29832260612210276,7
