evolution$generation,alpha,beta,tsteps,popfit,indicsfit,evolution$samples
1000,5.926285375831892,0.050249220469350514,18.87901016547313,5528103.937351181,0.29832260612210276,8
1000,8.022452762618373,0.0023030772542215194,23.24855624489431,5528103.937351181,0.29832260612210276,8
1000,6.7227381142535645,0.08131199841351971,80.51779491073809,5528103.937351181,0.29832260612210276,8
