evolution$generation,alpha,beta,tsteps,popfit,indicsfit,evolution$samples
400,1.2069382289463904,0.08722698600218969,47.1725357512852,7.064509803335626E9,4.383466490929009,5
400,5.821905366828921,0.09446086840508688,70.98151800871412,7.064509803335626E9,4.383466490929009,5
400,4.027614416990339,0.09586917752891297,71.89905426698476,7.064509803335626E9,4.383466490929009,5
400,4.901621357588894,0.0707583986239972,1.479127770194775,7.064509803335626E9,4.383466490929009,5
400,3.04445392958728,0.08292895213445672,30.299420262778696,7.064509803335626E9,4.383466490929009,5
