evolution$generation,alpha,beta,tsteps,popfit,indicsfit,evolution$samples
400,1.1801475861388706,0.01701967489760601,77.06890106216579,1.4553355592568753E7,1.249619252489125,6
