evolution$generation,alpha,beta,tsteps,popfit,indicsfit,evolution$samples
100,9.25444302153779,0.09334192969097144,59.682269215992456,2.3422645301343E10,1.4702535128125616,5
100,1.095246730884556,0.07606048304632416,44.6497290565068,5.140752427761883E9,0.5810291251827255,2
100,0.908977403300415,0.04184406208978164,86.93957457760037,4.467067024237383E9,0.7233693980997661,2
100,0.7363038943857836,0.05095992060811873,37.983819218211025,3.2851990470102434E9,0.7662303252310766,1
100,1.034840010799842,0.06637465598797163,30.940561226990674,4.816718719769966E9,0.5295538263153489,1
100,0.6428655364143236,0.05088564299438077,37.984095427644746,3.05095756817156E9,0.9837200398664782,1
100,0.6326792121302122,0.05117947241277058,35.85354769941092,2.962531733250143E9,0.9961485910949945,1
100,0.6563754488466653,0.051396972019068746,36.984239367355414,3.0966280831116595E9,0.9481380568327374,1
100,0.7644419951645431,0.05092855251083017,37.707901571576265,3.409495646621383E9,0.7199994031848653,1
