evolution$generation,alpha,beta,tsteps,popfit,indicsfit,evolution$samples
100,4.997041443363116,0.08789735123621606,86.54082619690328,7.262070252854874E8,1.0465154218929613,3
100,7.585438148990952,0.059886424852351655,85.13580699187264,6.818207274235519E8,1.1299796818931929,3
100,5.96040039073375,0.08790898037962787,86.5408261969033,7.258330157240013E8,1.0474714818962503,4
100,0.5088402602845132,0.005070444636715377,81.01004001237742,1.3821991776339464E9,0.4267194022242865,2
100,1.3906576636104573,0.004399296958533672,33.66698334649398,4.7512051522890365E8,0.984125286052363,2
100,1.0780993568070718,0.0036967439960740923,22.999086610536658,4.5176174076179343E8,1.032231503690978,1
100,1.282210071967707,0.0,32.24153114980629,5.883136701671152E8,0.9728101083528389,2
100,0.7629081724555049,0.044802195242736244,35.79010600762606,6.11133472823519E9,0.08091553634086208,1
100,1.0829512569403985,0.0037205244083067623,23.109173957885062,4.5302658632677263E8,1.031162291196676,1
100,1.8295163351884203,0.06658054928776035,41.85149729447613,8.093027948708888E9,0.0499561388939297,1
100,0.7550355692256354,0.06086226653876166,23.6371020224586,5.667388199376347E9,0.09025286126157062,1
100,0.21808551280865895,0.004768740277928148,31.47289714169231,7.390516835094827E8,0.7278791179912276,1
100,0.6805024772353938,0.03128994798855219,36.0969808712921,4.43315878194283E9,0.13345498289661195,1
100,0.5470032195035549,0.005106737192945578,82.31322505069332,1.3822408193684516E9,0.423708063084331,1
100,2.108306786708912,0.06097304635946352,22.393462945074283,4.0690498601815195E9,0.1803635357255857,1
100,1.1615722499669634,0.01464778614729443,100.0,5.195460177344483E9,0.10139095978743966,1
100,0.638475607080302,0.06084945464875527,18.90509974736068,4.637668279998949E9,0.12954779627039542,1
