evolution$generation,alpha,beta,tsteps,popfit,indicsfit,evolution$samples
200,2.7824978482639113,0.04463522070901234,22.438878295967356,5.866265571203758E9,0.09829118352165553,1
200,0.4869116054513892,0.07478413621035056,4.431408375326262,1.0177146969593143E9,1.2342428053077663,1
200,3.02607058944061,0.03494353704538033,28.634715728938897,6.441498389104147E9,0.13938562186914216,2
200,1.4801444833488198,0.09739237127934786,85.09752977580203,1.5404318169060433E9,2.4272883355867823,4
200,2.7351448764433126,0.04400506048698304,22.468647064599423,4.740984416168525E9,0.10751288651048518,1
200,2.578217998059479,0.03549164231830443,27.16473771529603,3.108118886936204E9,0.1826675457814352,1
200,5.119539245207623,0.02514177743791626,38.70952774910876,3.1632092093993754E9,0.6851748350121367,3
200,3.43112344908564,0.03169674927880505,23.667813593889022,2.0733431924821205E9,0.6719755893353857,1
200,3.0773644193182967,0.03571598146710857,22.994573120696415,2.2338523128654127E9,0.4706126406582467,1
200,0.952054593318825,0.06853765935664358,7.848778100631684,1.2514453049334953E9,0.7965967259494064,1
200,3.0281845376720145,0.035829268334471434,23.689400337301432,2.350737347151678E9,0.4136959862885107,1
200,0.9561110615532963,0.06983649287246141,7.642570179722669,1.2245408170526686E9,0.8273189210910292,2
200,3.051111544531504,0.0355997632935342,24.27594674823515,2.423148795423323E9,0.38889678403815026,1
200,3.0318410394611996,0.03558659229135174,24.547805028420346,2.4779317090187984E9,0.37103608617760653,1
200,0.6325110418933666,0.07665360203510273,3.7694074249622602,1.0499608726223011E9,1.430733321426977,3
200,0.12882925916055651,0.07356208984211675,3.8910806940176514,1.0320031023923973E9,1.0765637186275936,1
