evolution$generation,alpha,beta,tsteps,popfit,indicsfit,evolution$samples
100,7.418220802650824,0.04419972131054535,45.51847422838446,1.7445333846604779E9,2.7546898867641163,4
100,0.008275080360993226,0.08549433739512978,59.68091893040698,1.5751035929859397E9,2.486040626556555,3
100,8.23049760581518,0.08961349455553132,26.083943404421102,1.6073341622970226E9,2.4768721059497683,3
100,5.119539245207623,0.02514177743791626,38.70952774910876,3.1632092093993754E9,0.6851748350121367,3
100,0.6325110418933666,0.07665360203510273,3.7694074249622602,1.0499608726223011E9,1.428007716658006,1
100,3.051111544531504,0.0355997632935342,24.27594674823515,2.423148795423323E9,0.38889678403815026,1
100,0.5417340011066344,0.07665744691452361,3.262717145626153,1.090360403305399E9,1.5355675571186802,2
100,3.0773644193182967,0.03571598146710857,22.994573120696415,2.2338523128654127E9,0.4706126406582467,1
100,3.0318410394611996,0.03558659229135174,24.547805028420346,2.4779317090187984E9,0.37103608617760653,1
100,3.0281845376720145,0.035829268334471434,23.689400337301432,2.350737347151678E9,0.4136959862885107,1
100,0.9561110615532963,0.06983649287246141,7.642570179722669,1.2237907763220909E9,0.8280316144563192,1
100,2.7351448764433126,0.04400506048698304,22.468647064599423,4.740984416168525E9,0.10751288651048518,1
100,3.43112344908564,0.03169674927880505,23.667813593889022,2.0733431924821205E9,0.6719755893353857,1
