evolution$generation,alpha,beta,tsteps,popfit,indicsfit,evolution$samples
400,4.028160372358842,0.03963450685625989,66.22634972890657,2.3639960967931367E13,3.883775315722538,4
400,3.658777032887497,0.0446961615268359,42.11856857130407,2.3639960967931367E13,3.883775315722538,4
400,8.535843324233518,0.03265023048858116,26.25980079270261,2.3639960967931367E13,3.883775315722538,4
400,5.271084134912005,0.047466337780390784,38.55850926566436,2.3639960967931367E13,3.883775315722538,4
400,5.202068469268517,0.04688011633749069,36.721293094063064,2.3639960967931367E13,3.883775315722538,4
400,3.4411136388277153,0.045232546323277584,59.76622661678734,2.3639960967931367E13,3.883775315722538,4
400,2.9630243872602735,0.0669111727661352,43.004052172575555,2.3639960967931367E13,3.883775315722538,4
