evolution$generation,alpha,beta,tsteps,popfit,indicsfit,evolution$samples
200,0.6660983191094865,0.0,100.0,2.678046169326551E7,0.9349328276662509,1
200,5.556705801942197,7.220216417294534E-4,7.24471339644304,1.7801282304044674E10,3.6501412666784416,4
200,1.3594535731941713,0.0833575437310463,28.654721729234854,1.6684471196721418E9,0.2792567213379737,1
200,0.6562491100144731,0.009575706231939894,100.0,7.469109343759878E8,0.39431266019665145,1
200,0.8254198081432084,0.018569570972723354,99.9446722761104,1.404695816150342E9,0.3096036152988041,2
200,0.11857116200197368,0.0035730394420715366,100.0,3.8873383044111395E8,1.001445153520731,2
200,0.8091364707533104,0.02844889713384994,37.41357584343032,8.043247448379862E8,0.3498670044820075,1
200,2.6970567534302385,0.047079497911724756,67.20251085659024,1.826643902305698E9,0.3105241912367216,3
200,0.7061988363241422,0.001160174580260818,100.0,5.234175085674164E7,0.8866896827935397,1
200,0.4388372279178383,0.004392040819499262,25.213977679244362,9.263117987736481E7,0.819158265131187,1
200,0.8026566418287477,0.028440980448538513,37.54159396712989,8.230269772641357E8,0.345369766880649,1
200,1.0776741540682622,0.003908530707773172,100.0,1.6031509731361145E8,0.6593908575889921,1
200,1.0756882368997829,0.0022772857982706024,98.42928161155788,6.5444494439203344E7,0.8353392027093479,1
200,0.0,0.0,100.0,1.6141193272727588E8,1.3057320209392125,2
