evolution$generation,alpha,beta,tsteps,popfit,indicsfit,evolution$samples
100,1.5460883074711274,0.06087299659264705,8.10035457129355,8.566510901728957E8,1.80585263790737,3
100,0.058777421806697205,0.009008772293468815,78.82174839952548,8.602431781715813E8,1.2145960556086461,1
100,0.1410575166059136,0.06103384561773262,80.8522941763764,1.6458959867954643E9,0.7589896319315474,5
100,0.03533208753492694,0.008772880779786451,77.47667963590392,8.567178301462694E8,1.2454431905312833,1
100,1.4747214582145884,0.0795657499964188,9.699371713650306,6.953380618823456E8,1.4716224988856474,1
100,2.2701372775927835,0.07155238732562134,61.92929746832581,1.1360305342822134E9,0.4699217147903121,1
100,0.0,0.025302377920091795,29.922637495108173,1.0158728229540584E9,1.1179362788658591,1
100,0.1463181257848276,0.060542534854204515,75.67865852402078,1.6058389339588785E9,0.7460283405291753,2
100,0.0,0.003932164658989132,73.84110539628568,7.944012759589716E8,1.4382398382600483,1
100,2.3560960604438836,0.07379239518675362,63.18102264138491,1.1594855508004975E9,0.4578452523669823,1
100,0.0,0.009027509171184752,79.9964673180112,9.944578943881909E8,1.1348885586176867,1
100,0.04477929027517688,0.01797711581256746,75.86239626004318,1.0755762803309078E9,1.0085722516081888,1
100,0.7149512507443003,0.08169226799208873,58.63384315002631,1.3898332906667726E9,0.2277137137585281,1
100,0.01983512524702375,0.006611152886049975,78.83839927886571,8.157473741180576E8,1.3453880711667288,1
