evolution$generation,alpha,beta,tsteps,popfit,indicsfit,evolution$samples
100,1.941644014536661,0.017070567051363807,17.05180845927008,2.5853242776803575E7,1.820908989924455,2
100,2.8281959768792175,0.08124017886314522,33.59331662569867,6.794532765355761E8,0.5206584758635909,3
100,2.8373792961315636,0.07643735872133005,12.090060432327885,1.934573052543869E8,1.1320765506943633,3
100,1.660049041417122,0.012375795481844067,59.95214740057936,1.2831798660574712E8,1.2305178828596715,2
100,1.7201180071818547,0.01648791185481471,7.6636233843793695,1.0254887412228338E7,2.18309867573721,2
100,0.38032596173402267,0.07921623115605299,13.362883492638844,3.2101082199290335E8,0.6343967625051316,1
100,0.42333365303657056,0.039248637132330115,11.229037190133425,1.1635279155152972E8,0.7949701599052459,1
100,3.1313325675745443,0.07777878218689413,13.267862027767011,2.5054649787230211E8,1.093334235009816,2
100,1.7360449544232468,0.02936734595610806,4.437833504558351,1.2767753578327606E7,2.1427364149476706,1
100,1.9915792213235786,0.018639996435641137,16.712898267836596,2.8153311000675272E7,1.8018814907453409,2
100,2.8309295209355056,0.0824424178517395,29.545290172242492,6.20900345761031E8,0.5629750434350749,2
100,0.5186693865890961,0.07925513888119932,20.693721364944125,4.533652423114681E8,0.46822963356593894,1
100,0.0,0.1,1.0,1.0596642818128702E8,1.2761248399026865,1
100,0.49056369941271943,0.023718751990040542,8.431698970378834,4.256547786764927E7,1.2810475977686528,1
100,1.9993792710376543,0.06436953160448254,47.08168328724585,6.515006486286073E8,0.44670644690159056,1
100,0.4140451399814655,0.0452337846700176,10.802735401162787,1.364227857475214E8,0.7621936556659157,1
100,1.7277232433976317,0.01679342707555471,7.266800041942127,1.1764773815548824E7,2.179879500145943,1
100,1.4727620543525164,0.0027153743953687347,16.763494936017416,6894501.859193803,2.492881779140691,1
