evolution$generation,alpha,beta,tsteps,popfit,indicsfit,evolution$samples
100,7.524015348897899,0.08787633954216326,63.112346622305154,4.708650555525961E9,0.09342403823715273,6
100,0.6399585786133977,0.02383723949052643,28.88891974044635,5.1021657039097947E8,0.17582372079891928,4
100,2.099870701238043,0.05752893603346107,28.849118797458477,1.3630887464008784E9,0.17116609794801696,2
100,1.28690480740983,0.0359851690009027,51.44367907956555,1.411379022255136E9,0.13513355608078823,1
100,1.8017214659035465,0.051862482939547,54.536840325714465,1.9712471507369695E9,0.09266045035830453,2
100,0.6755720746603562,0.035673172679532864,69.47811494966396,1.837639479526987E9,0.03460130170682366,1
100,0.6285841387291392,0.024043604356483377,30.06257432638407,5.2763086991923887E8,0.15547339750091757,1
