evolution$generation,alpha,beta,tsteps,popfit,indicsfit,evolution$samples
200,0.5981767647990569,0.07485586004272848,30.200256828710884,9.86287954999257E9,0.4115218510952753,1
200,0.5491865645463944,0.07396971845976563,9.118403687225243,3.037137968018362E9,0.7968136136307836,1
200,8.495218272674538,0.036033223251309386,61.497127060923255,9.310514523558872E9,1.288880895806376,5
200,3.143494391819784,0.06406930915027012,61.382714466383945,1.036255766156681E10,0.5254352112181786,2
200,0.509591720903676,0.021189627352015006,57.844020585980296,5.178145967526842E9,0.7105938339048942,1
200,1.4072151141209344,0.09140955297474447,50.098665601992224,1.5319317233532606E10,0.4355307892292719,3
200,2.096645414843591,0.06494892711949245,65.40627218784961,1.276771983559856E10,0.4503824634687918,2
200,2.3682010409811705,0.06485157004876611,64.62324228999546,1.2184515882901178E10,0.4589844837679663,2
200,0.5638729829384026,0.07379016619427792,11.798070962412682,3.444361148755028E9,0.7218492625322439,3
200,8.78346935425089,0.06489816611370329,72.33507658417469,1.1551427891197802E10,0.5887336596845885,3
200,2.3688767029452595,0.06496046965947717,64.2933606163557,1.2115646574780354E10,0.46146868445431566,2
200,0.4725321028245709,0.07331113160961172,14.995002943513025,4.892407314872166E9,0.7180939971706619,2
200,2.0773028058020833,0.06586025615916695,65.36875434560095,1.2953179598243279E10,0.44724999770470775,2
200,1.7383126152741555,0.08989781473125819,53.19835243392278,1.521480058003743E10,0.4328194183681852,2
200,2.4962503951417307,0.062312422904881364,51.356613698961894,8.876804372916258E9,0.6066534399259969,1
200,2.304202644292709,0.06202183539763421,51.59654356002745,9.092334648931818E9,0.5958955143675466,1
200,2.335155122942105,0.062074231227923674,51.35372948726826,9.043158975598219E9,0.5972126306328045,1
