evolution$generation,alpha,beta,tsteps,popfit,indicsfit,evolution$samples
200,0.401011306506763,0.0135483291608965,25.247638631436477,9.78396563025703E9,1.5004105994860808,1
200,0.9854885412265155,0.06824648470662974,68.79366820126477,1.913307034693701E10,0.35429760758283474,1
200,3.892238724735544,0.0907536342962495,96.09868902567106,1.093606974158855E11,1.0084055799190013,4
200,0.8754313945995418,0.0714377619002504,29.99388873099055,1.8223058218413567E10,0.46910276358172,1
200,0.8804919538104362,0.07145639743197717,29.99530943425338,1.8461047444247795E10,0.4663712887708488,1
200,0.8619178529518743,0.09908123009968536,43.148601331585006,1.6455408444664564E10,0.48400432503493773,1
200,0.93705535629942,0.07085130627471996,31.32306424087229,2.076948101715642E10,0.4445632214011007,2
200,0.8589545880361256,0.0986741876176019,44.15692432443447,1.6657288093092201E10,0.4935685255559351,2
200,0.460409531209155,0.033817161068162564,18.954303834391343,1.0407016815864956E10,1.2551037175065458,1
200,0.7494832654132022,0.072428262558935,42.74600241143164,1.4725613964774176E10,0.6341450699693829,1
200,0.90675811683548,0.07004482774906619,31.334191453067472,1.9174084450457146E10,0.4533723202831843,2
200,0.9264855580939146,0.07085315095281022,31.338980647391708,2.032984149724878E10,0.4447537684307652,2
200,0.533297990658137,0.01763206972608752,21.22192357088275,1.1437600188524235E10,1.0549782023015586,1
200,0.6017098374933615,0.02393277626428822,19.709563336859446,1.3314190823119228E10,0.8774495882229997,1
200,0.5301727538398987,0.023310072508619474,28.42963370444326,1.094217373854033E10,1.0929667354112789,1
200,0.4634521962888849,0.024457159732402547,19.095373430580104,1.0543291237358973E10,1.2431343390865852,3
200,0.4765187205146249,0.024464282159812546,18.93782158716393,1.0883243438674952E10,1.2058624890719984,3
200,0.5993945053914955,0.02394609637269579,11.691352458405209,1.366251714243261E10,0.8666134085965104,1
200,0.0,0.014312124563449494,18.426388820058143,1.0457039961016052E10,2.866661269859793,3
200,0.5366260451704865,0.018847550731776335,17.53301536915134,1.1585213819091911E10,1.0186251153741428,1
