evolution$generation,alpha,beta,tsteps,popfit,indicsfit,evolution$samples
400,0.5479629522948042,0.05180742446318305,19.681832688558824,2.1779619642018285E8,1.4486483289711565,5
400,3.5093298798278023,0.03990916895965049,52.442084985936724,2.1779619642018285E8,1.4486483289711565,5
400,0.6833221837845361,0.05272690627197601,19.382284864446447,2.1779619642018285E8,1.4486483289711565,5
400,4.765310608961092,0.03764574119545956,6.84878315303432,2.1779619642018285E8,1.4486483289711565,5
