evolution$generation,alpha,beta,tsteps,popfit,indicsfit,evolution$samples
200,3.7333120060583536,0.04115531253954228,5.622934745549671,3.0638902632521033E8,0.2625031888103443,4
200,1.9166960499472023,0.017779315308719495,44.441161953585656,5.659325646698511E8,0.12375062414489017,1
200,0.5040621978348547,0.004386529389671981,32.451494456183994,2.3283256897038034E8,0.26680657701362387,1
200,2.69940233557592,0.013470241121931537,38.69131244843065,3.752555517138412E8,0.15422525357786146,2
200,2.2562232473792214,0.0357824459070814,10.63501798516141,2.9520246173562795E8,0.18748704719746556,1
200,2.5613724813504724,0.017290245536439482,36.06797595399074,4.4469238603456587E8,0.1385974228817654,1
200,2.9901220077546506,0.01347063750294325,32.23225771136195,3.3684006964709526E8,0.17570360369841656,1
200,2.3990461344398306,0.019497838932370545,39.06304008238107,5.544848183067335E8,0.12743114278737866,1
200,2.5648035217026237,0.017227421926330255,36.03018649911286,4.373837762814087E8,0.13935951670331953,1
200,3.054696270741225,0.014801567673726847,32.10921977656669,3.5943775413894516E8,0.16538655133472738,1
200,3.445020249054233,0.049973435953792916,10.87205163670155,4.318839294204987E8,0.15095265773393765,1
200,2.779935633266814,0.01393537951430608,36.55790527485249,3.7068162568533623E8,0.1566609504833721,1
200,3.1775408347318166,0.03441183958271396,9.959313853217921,3.12177263381699E8,0.20309379368901417,3
200,1.9117356911942684,0.0,67.0801922672973,3.0664168196135956E8,0.26137561084950184,2
200,3.5307647551102224,0.0503294521013565,10.572006782508856,4.217561414297883E8,0.15373674427756473,1
200,3.7333120060583536,0.04115531253954228,5.622934745549672,3.060657022106185E8,0.262429052923936,3
200,0.0,0.1,66.28810898603227,2.5978244410958087E8,0.34553348849918997,2
200,4.879747919020756,0.09212604899040909,92.84649036818365,2.6093294706438544E8,0.40538926916587137,3
