evolution$generation,alpha,beta,tsteps,popfit,indicsfit,evolution$samples
200,0.0,0.07069689595155267,30.083374488819274,5.484915110182824E9,1.7648525074337797,1
200,2.3515107103962163,0.07951871485678233,53.71951390963718,5.480706772034585E9,2.5581676115591154,5
200,0.0,0.03993362227182192,53.21876688207139,5.227651984155102E9,1.8425903085532365,1
200,0.8860958946214847,0.0687496245931206,38.9525390332352,5.382914869267961E9,2.5940019106767376,3
200,1.6110683616836907,0.08764911356462829,63.55349470041829,5.60198951255828E9,2.5224220648032785,3
200,0.4188133873785048,0.07176494022184586,39.05558641967277,5.443477963568169E9,2.572637873636869,2
200,1.0827362724425196,0.06946080562097168,41.91198518055089,5.389230660563696E9,2.592108488735449,2
200,0.5475621292460553,0.07189718629308439,38.981007434390285,5.433766608129625E9,2.5765095177879798,3
200,0.0,0.07069689595155267,30.083374488819278,5.484806425683466E9,1.765853431712792,1
200,1.928473560544461,0.07958879658566981,53.638639424620486,5.48917138844326E9,2.5547910953335515,2
200,0.10776309589277194,0.07894386327674045,53.69645845815812,5.557992743179966E9,2.5284240669019122,2
200,2.357392586214288,0.08049365099557931,53.55372434798377,5.489705677336092E9,2.554435857252786,2
200,2.3515107103962163,0.07951871485678232,53.71951390963718,5.479725495116137E9,2.5582254566935285,3
200,2.3559564955862893,0.08074887414056472,53.56114375685006,5.492485108194477E9,2.553384101417919,2
