evolution$generation,alpha,beta,tsteps,popfit,indicsfit,evolution$samples
100,2.3515107103962163,0.07951871485678233,53.71951390963718,5.480706772034585E9,2.5581676115591154,3
100,0.5475621292460553,0.07189718629308439,38.981007434390285,5.434496702192374E9,2.5762685019108584,2
100,2.3515107103962163,0.07951871485678232,53.71951390963718,5.479725495116137E9,2.5582254566935285,3
100,1.928473560544461,0.07958879658566981,53.638639424620486,5.48857918446216E9,2.554860156415492,1
100,0.48910586929370053,0.07185630461045808,38.946374470577545,5.439063814049247E9,2.5757368880441907,1
100,2.357392586214288,0.08049365099557931,53.55372434798377,5.489162072635656E9,2.554423161582395,1
100,0.0,0.07951871485678233,53.71951390963718,5.58560992479487E9,1.8011038198916287,1
100,6.108364060836953,0.09738282442704271,39.56708966072478,6.828779041181713E9,2.5524063130111916,2
100,2.3480495998965965,0.08034910310632663,52.650446216192904,5.487028460020983E9,2.5550490777194015,1
100,2.357682302931591,0.08052352100594101,53.57020314305231,5.490796013873088E9,2.5543071831152138,1
100,2.1243083075581963,0.08043313779959625,52.90222107753107,5.492279277449705E9,2.5527937373862093,1
100,1.1424488110198003,0.07943554792513911,52.150554581145975,5.507986082787813E9,2.551757118482307,1
100,2.35478095324474,0.07895306111614674,54.5610720952111,5.4762739425095625E9,2.560371822877483,1
100,0.4188133873785048,0.07176494022184586,39.05558641967277,5.443477963568169E9,2.572637873636869,2
100,0.8860958946214847,0.0687496245931206,38.9525390332352,5.382849943291629E9,2.5937170457010676,1
100,1.4127331093424311,0.07821629441531744,47.176975514708985,5.476489813488335E9,2.5575393607352566,1
100,2.081380783824534,0.08046457711603715,52.69807664435875,5.492541907592382E9,2.5524598487807824,1
100,0.10776309589277194,0.07894386327674045,53.69645845815812,5.557862604153259E9,2.529002335720415,1
100,2.963001867684765,0.08311132521370096,59.98052563949978,5.532213878406806E9,2.549687132536361,1
