evolution$generation,alpha,beta,tsteps,popfit,indicsfit,evolution$samples
400,5.966043200712314,0.07720571501677308,30.826625168389132,5.519180369705254E8,0.1372674218750139,6
400,0.0,0.06657041164539505,46.27361388500621,5.519180369705254E8,0.1372674218750139,6
