evolution$generation,alpha,beta,tsteps,popfit,indicsfit,evolution$samples
800,6.453146101442719,0.005232425428537169,84.56539150998037,2.583363275529809E9,3.1390190061754875,8
800,9.562025762966153,0.03262260576505376,44.228029062767206,2.583363275529809E9,3.1390190061754875,8
800,6.533058876054199,0.0066814643899199624,77.78807783608069,2.583363275529809E9,3.1390190061754875,8
800,3.9706542954512827,0.003118675341661264,52.559416204243334,2.583363275529809E9,3.1390190061754875,8
