evolution$generation,alpha,beta,tsteps,popfit,indicsfit,evolution$samples
1000,0.15422250421116723,0.02687133821911691,95.10520220909395,1.3039739958505906E8,1.2703657029921822,10
