evolution$generation,alpha,beta,tsteps,popfit,indicsfit,evolution$samples
200,1.579182239886145,0.0810780648026157,100.0,3.4227413822228136E9,0.631074598919224,1
200,0.614561047391333,0.004383759326591015,9.525565901056325,5.0339507068615055E8,1.6134654111081324,1
200,1.2814486127866558,0.06629742031928833,42.566296808821036,1.9045207223579512E9,0.8526824594940933,1
200,1.0318289810286088,0.09436476388121268,44.494736136093806,2.6090124075659366E9,0.7210670547187303,1
200,0.1228053709632091,0.0010687379370630365,1.7667793973681065,8.160221453150629E8,1.268286438648808,1
200,0.3496502759065456,0.004429647469663345,16.97493686731646,6.92516502394201E8,1.3591773852896094,2
200,1.5753457898154068,0.0692990562849425,47.21549877148903,2.0981378982679849E9,0.8468738407995445,1
200,0.5743866024837786,0.0050582972260817425,5.412896801133681,5.13963822963604E8,1.581229769039914,1
200,1.7302650215931914,0.06954905171260255,47.945993652997196,2.126075859817767E9,0.8611480720751492,3
200,1.0682186794130062,0.09961747971579567,44.06374756662719,2.6693023639914713E9,0.7131961557402482,2
200,1.0318289810286088,0.09436476388121268,44.49473613609381,2.610976392784075E9,0.7209730972092849,2
200,1.5520037377735132,0.07815448809103846,100.0,3.361309991652398E9,0.6373017962648905,1
200,1.6114624315630774,0.07379174279966169,47.1914620121243,2.1820021203317714E9,0.8335108836055602,1
200,1.4233835439275333,0.07122977211100288,100.0,3.249480108498061E9,0.6474393776143712,1
200,1.6084004872637767,0.0803877807643008,99.50912546712095,3.383927242132842E9,0.6371388681130914,1
200,1.5987819720340255,0.08150170160812058,100.0,3.422451126979718E9,0.6314639174443525,1
