evolution$generation,alpha,beta,tsteps,popfit,indicsfit,evolution$samples
100,1.7302650215931914,0.06954905171260255,47.945993652997196,2.126075859817767E9,0.8611480720751492,3
100,0.3496502759065456,0.004429647469663345,16.97493686731646,6.92516502394201E8,1.3591773852896094,2
100,1.579182239886145,0.0810780648026157,100.0,3.4227413822228136E9,0.631074598919224,1
100,1.0682186794130062,0.09961747971579567,44.06374756662719,2.6687152981471143E9,0.713034243739068,1
100,0.614561047391333,0.004383759326591015,9.525565901056325,5.0339507068615055E8,1.6134654111081324,1
100,1.7300424694508707,0.07291150074923351,47.182607620619464,2.183427245085642E9,0.8492437608564029,1
100,1.6084004872637767,0.0803877807643008,99.50912546712095,3.383927242132842E9,0.6371388681130914,1
