evolution$generation,alpha,beta,tsteps,popfit,indicsfit,evolution$samples
100,1.7696330523630777,0.03645577783678722,9.045903576203376,2.513916466434767E8,1.2814457417519776,3
100,4.056470181414937,0.07117462145441425,98.73054296643741,2.513916466434767E8,1.2814457417519776,3
