evolution$generation,alpha,beta,tsteps,popfit,indicsfit,evolution$samples
100,9.095903851886167,0.050074721022601645,95.9244018734441,7.249768989982106E10,0.6020560821418769,7
100,0.670646790997258,0.05452615792675364,26.554188816503224,2.3737277874732585E9,1.3988524666018154,1
100,0.6510129476256032,0.05722136447583176,1.8551880166984662,3.665258584955744E9,1.2351469407654614,2
100,0.29726110381709697,0.05458434342023767,26.18001629075578,1.7894723389793081E9,1.734990276512948,2
100,3.12409130724995,0.042137313684071954,88.77582621227035,4.15119981087003E10,0.5212595464079868,2
100,8.304125986604038,0.07013922267748547,88.7172722418689,5.452481714484868E10,0.7325840949670079,3
100,0.6238061534787815,0.05450821762310231,28.034362595714583,2.3249981810293984E9,1.4359935088046614,1
100,0.5822472713477788,0.057351493340916174,5.000536473986859,3.060711261736005E9,1.0610331817373808,1
100,0.8097534500695053,0.0,1.0,1.7183940568776585E10,0.9469085917980476,1
100,0.0,0.008731118593782436,1.0,2.02740453173239E9,1.7013510828854388,1
100,5.250940327908279,0.1,83.37114200654916,3.784121518443627E10,0.8536506263939968,1
