evolution$generation,alpha,beta,tsteps,popfit,indicsfit,evolution$samples
800,8.787068749936326,0.07687543193998177,39.143853877607015,3.8442326221798744E9,3.21886883627282,7
