evolution$generation,alpha,beta,tsteps,popfit,indicsfit,evolution$samples
700,5.489959414372314,0.06749378565414714,59.990261842122756,3.8442326221798744E9,3.21886883627282,6
700,2.2318977767478962,0.0791311277012722,70.45292849263537,3.8442326221798744E9,3.21886883627282,6
700,8.787068749936326,0.07687543193998177,39.143853877607015,3.8442326221798744E9,3.21886883627282,6
700,2.2344949346187115,0.09940361702612822,79.79220126587221,3.8442326221798744E9,3.21886883627282,6
700,8.646015205943867,0.07727562598079613,38.981911608663566,3.8442326221798744E9,3.21886883627282,6
