evolution$generation,alpha,beta,tsteps,popfit,indicsfit,evolution$samples
100,5.204658784007242,0.023496831052430722,13.630062750171005,5.349417939187009E7,1.2648208347084489,3
100,2.9755670505853504,0.004436981930582357,51.99494897307161,5.349417939187009E7,1.2648208347084489,3
