evolution$generation,alpha,beta,tsteps,popfit,indicsfit,evolution$samples
600,5.204658784007242,0.023496831052430722,13.630062750171005,5.349417939187009E7,1.2648208347084489,8
600,4.790652722098604,0.05530776342828112,1.0,5.349417939187009E7,1.2648208347084489,8
