evolution$generation,alpha,beta,tsteps,popfit,indicsfit,evolution$samples
500,4.790652722098604,0.05530776342828112,1.0,5.349417939187009E7,1.2648208347084489,7
