evolution$generation,alpha,beta,tsteps,popfit,indicsfit,evolution$samples
300,4.790652722098603,0.05530776342828112,7.382073923477149,5.349417939187009E7,1.2648208347084489,5
300,5.204658784007242,0.023496831052430722,13.630062750171005,5.349417939187009E7,1.2648208347084489,5
300,4.790652722098604,0.05530776342828112,1.0,5.349417939187009E7,1.2648208347084489,5
