evolution$generation,alpha,beta,tsteps,popfit,indicsfit,evolution$samples
100,1.5673854653017294,0.0675665137705154,94.24770118419032,1.330014923407485E11,0.9708942805117612,3
100,1.0658634262680255,0.07007614967092606,74.97571195280236,5.110913613386176E10,0.8490556864012369,2
100,3.7045836890454975,0.09676062517773892,87.13282747030456,1.0670521175067002E12,1.476507401980596,4
100,1.2923018379117446,0.0719114028095753,10.569830016303229,9.078792417283322E10,0.9880955514770159,3
100,0.6324895777127637,0.07403415243355128,71.29965918385415,2.650805458425757E10,0.8078001395869872,1
100,0.0,0.07268818652537795,100.0,2.0669757394849586E10,1.809848636157225,1
100,0.9378689509985271,0.0911824734240385,74.45973164135442,4.223683766181562E10,0.7386750534591391,1
100,0.5261047561410046,0.06616671529788791,83.12543581592715,2.2868666795632774E10,1.035715300878313,1
100,0.6674525687296761,0.07225140275221831,100.0,2.7788158255762123E10,0.7973672516457982,1
