evolution$generation,alpha,beta,tsteps,popfit,indicsfit,evolution$samples
100,0.9584113502924629,0.02702980446887613,7.499054035827792,2.889395605467788E8,0.8351902497948229,4
100,1.9362165080435134,0.007796312932420269,80.61445902971754,1.9034172128323522E9,0.8191663232485282,2
100,0.9520489203973637,0.016257595094021537,73.1002477964641,3.7874171074824305E9,0.5462860375142145,2
100,1.4544083474702807,0.05310802931109661,26.722188021238985,4.1978057140598283E9,0.5369296083548014,2
100,1.1915875807882719,0.02869625261674055,7.244642767552857,2.7783721990614897E8,0.8764527687981761,1
100,1.0766384584269735,0.007214556290376834,71.58469326087331,1.1118796022009587E9,0.7011974849884466,1
100,0.9065234673299203,0.026476556777347556,7.364849934555617,3.0677821568184984E8,0.8278847405527192,1
100,1.066644002453338,0.0075304526350066766,80.15651686616081,1.4284284144853826E9,0.6694312398715818,1
100,1.5977847465528794,0.0588785526890864,49.837643787760165,7.600037888868285E9,0.4686869480970425,1
100,0.9041755157200257,0.026609715396815687,20.48530798100197,1.497287984671829E9,0.6669489279207611,1
100,0.823602458753877,0.029654086937964282,77.22950974343424,6.965444671948049E9,0.5208157889580863,1
100,1.0688535885743777,0.0,56.89562934762473,7.513371450403108E7,1.026836875328001,1
100,1.1963137847167011,0.028745846850824153,7.267162363309678,2.7590670617551273E8,0.8773623871229695,1
100,0.8308221784511549,0.029699753501284773,78.17401837574421,7.026032471863953E9,0.5173732093270406,1
