evolution$generation,alpha,beta,tsteps,popfit,indicsfit,evolution$samples
100,1.220272791830348,0.021162746795094802,67.49867331507735,1.228056736299586E9,0.606675006342699,1
100,1.811869282238765,0.06253664856506372,25.23421578867691,1.4336339116348724E9,0.5992067508527819,2
100,2.2263084477936967,0.02730577990354144,15.935537984515516,9.009555736035292E8,0.8174051955606719,2
100,1.2328109164990373,0.02156531970209327,67.54470054299274,1.2523928292891426E9,0.60305417628762,2
100,1.1076956446710235,0.02084565908185162,65.50890443057841,1.1780663539658818E9,0.60962047816844,2
100,1.3985966702282693,0.027820823127777606,67.4886274378228,1.4972218481348507E9,0.574783336455297,1
100,0.8536555706380933,0.03717564026340303,62.23891873451698,1.7362141082160254E9,0.5474471450218514,1
100,2.8707782204496457,0.08976190212055796,70.38515729861442,3.221280259765947E9,0.5418947795615014,3
100,1.3238803435839581,0.024220805721486632,71.94095355629662,1.4199839022729077E9,0.581443572583924,1
100,1.1011242982927132,0.04101811727944144,74.94941346269056,2.0738844433936663E9,0.5240354702560224,2
100,1.4248764488033137,0.026627980880120417,22.71391508129554,7.777946845788518E8,0.7496473543149308,1
100,1.4264741382143349,0.027907787501038707,67.59698367948215,1.5186912196815836E9,0.5734797848978328,1
100,1.3211571393509498,0.024153732752904482,71.47203819185813,1.4098640652073643E9,0.5833475952103292,1
100,1.1428935162432268,0.04353558638655424,75.72506535600753,2.1585951230729537E9,0.5200779598617918,1
100,1.5332582291041388,0.041827711038798565,73.97341449753067,2.0690501612896602E9,0.5273482187117752,1
