evolution$generation,alpha,beta,tsteps,popfit,indicsfit,evolution$samples
900,2.7007859579385562,0.08798848328525065,56.77295428944677,7.304037453515921E10,4.081609860330007,9
