evolution$generation,alpha,beta,tsteps,popfit,indicsfit,evolution$samples
100,4.044481609048008,0.03916274455287634,8.568735032966217,7.304037453515921E10,4.081609860330007,4
