evolution$generation,alpha,beta,tsteps,popfit,indicsfit,evolution$samples
100,1.875491669670486,0.030815506630800328,40.38632028335509,4.592326202020967E10,3.4266057758484,4
100,0.6497228945888878,0.026906046611987467,71.34269106740837,2.922694821801388E9,0.9183861100939731,1
100,0.7151934042666659,0.022736339348564838,69.66302180544994,2.775627701124757E9,1.050623009397432,2
100,0.7050394925790493,0.022720240637825816,69.68077693240254,2.7801765313838296E9,1.0382181093060283,1
