evolution$generation,alpha,beta,tsteps,popfit,indicsfit,evolution$samples
300,3.702034948178783,0.08173483038169485,39.92315786130122,3.5713171742377385E7,1.0715906197902685,4
300,5.941392859519037,0.002073270868465782,89.75768293538613,3.5713171742377385E7,1.0715906197902685,4
300,5.24318497412791,0.023569970088959953,48.50388771262673,3.5713171742377385E7,1.0715906197902685,4
