evolution$generation,alpha,beta,tsteps,popfit,indicsfit,evolution$samples
100,2.3782018194447385,0.005190043283249613,90.08549780793679,1.197256100423429E9,1.5898322748482618,3
100,2.0807838117980437,0.085014540806023,16.042131387807835,1.7371743254645052E9,1.1534134374092346,2
100,2.783454102546261,0.062008102380883945,44.8975364180369,2.84086911837851E9,1.006808265989697,1
100,1.13154398205086,0.06844971368531297,49.1817455685822,2.9091126803918166E9,1.0640136639158988,3
100,1.1261476005225244,0.04027057304289212,20.068499711187474,1.1800372951334004E9,1.284579802767929,2
100,2.7571193802575342,0.058731106900653834,58.14905159531768,3.094240185180334E9,0.9661896433304459,4
100,2.729873201335511,0.058804536979026524,55.64435027649646,3.0266630637498283E9,0.9742352827843739,2
100,1.3489067753237398,0.08855717334278773,40.92474549807358,3.013225362298598E9,1.0145486160082071,3
100,2.1086459690360493,0.1,21.838956318132286,2.389276718755582E9,1.0418404799205039,2
100,1.3439128143035597,0.06732446945760917,13.391037329267657,1.278836128805686E9,1.2514770160439335,1
100,2.704394072478429,0.059008467500206954,55.332330508033365,3.029462773929633E9,0.9719341262419056,1
100,2.3416296746020713,0.08501570852206113,29.6635073218658,2.6089187916710896E9,1.0139859048045465,1
100,2.8014718460227392,0.05882803740973204,57.10394551074301,3.0859658458191223E9,0.9706378498751191,2
100,1.3073074052995577,0.061450434049327624,12.1280412246623,1.1428153607216098E9,1.2947764796679095,1
100,1.5688991392366192,0.07496943149056186,7.643177734566068,1.0366558932934964E9,1.3701889388142938,1
100,1.6319160356180547,0.06719451184521828,23.73779823044203,1.909115110206672E9,1.1145715184472713,1
100,1.0703217703239538,0.0688451909836502,14.199822284612935,1.336646285738545E9,1.248025990885991,1
100,1.768143856656881,0.05988890305381446,55.946550924503505,2.8996979010254693E9,0.9803025749523263,1
100,1.9842419547649381,0.1,36.53152519032518,3.069934817918723E9,0.950446678238101,1
100,2.4033024825115916,0.08348349916634806,29.782888506688618,2.601588764851205E9,1.018668491313533,1
100,10.0,0.09441765475463301,53.55635315340049,9.706858854193256E8,1.6684648445177406,1
