evolution$generation,alpha,beta,tsteps,popfit,indicsfit,evolution$samples
100,2.201655978646519,0.06942302795034466,91.33359789354743,2.5979249070701786E10,0.285635747160273,1
100,0.5796877563058183,1.3363529443898042E-4,92.40598873763119,2.49058464086545E9,1.934290575149692,1
100,0.6907945395953421,0.0,100.0,2.5091532305327096E9,1.826310097257476,1
100,1.7994700440347051,0.1,100.0,3.693863999815604E9,2.015378405652647,3
100,8.925701342344825,0.1,48.49036725342351,2.2619189640147144E10,0.42586999400116643,1
100,0.0,0.018329091627314147,55.792017347253605,1.446533837380633E10,1.0058591700220496,1
100,0.35875101731152204,0.005865664385934965,87.38529508188996,6.222563032815415E9,1.1291146254422477,1
100,3.0695455810852543,0.03985119794034681,40.12088809798881,1.7696513262132744E10,0.8817516122951695,1
100,0.3615298196178973,0.004377615255408354,89.26373480183327,4.996075567601334E9,1.2642819495181494,3
100,0.0,0.01520678011000081,76.3265234668744,1.5949778062495693E10,0.9669819497764102,1
100,1.7280611512358723,0.05149120346142824,100.0,2.508768085029838E10,0.2963511327515729,2
100,0.0,0.013793574414709015,82.49826125353582,1.5755091415224438E10,0.9726024547505747,1
100,1.7340568405655832,0.07480002587850343,94.48554214353398,2.857364630899632E10,0.37848276770971523,3
100,0.7109896777445156,0.007472524803049369,41.98237901095838,3.127339254166007E9,1.2641302351176542,1
100,0.6402328524664569,0.0,87.1594682932546,2.5083125803100066E9,1.8299263933979095,1
100,8.700759953000532,0.06139551530695789,47.18123616524173,2.694086394632475E10,0.8445541090423448,3
100,0.5975837302129026,0.0,87.19079492181909,2.5178599921967154E9,1.833372858697206,2
100,0.5975837302129026,0.0,87.19078856775936,2.5201383143833904E9,1.8330118209535309,2
