evolution$generation,alpha,beta,tsteps,popfit,indicsfit,evolution$samples
800,3.522639247047435,0.02422994799340531,56.72603170051981,2.951476759726216E8,1.0656393355274618,7
