evolution$generation,alpha,beta,tsteps,popfit,indicsfit,evolution$samples
100,4.945125723116542,0.09163060743956526,36.754830444980456,2.951476759726216E8,1.0656393355274618,3
100,5.483450812428723,0.0714402162056149,44.80470866244061,2.951476759726216E8,1.0656393355274618,3
100,8.06468347093231,0.0,39.614195805845824,2.951476759726216E8,1.0656393355274618,3
