evolution$generation,alpha,beta,tsteps,popfit,indicsfit,evolution$samples
100,0.8409448148335086,0.0765431594762805,20.827694577410547,2.937151577259898E9,0.5610536181351606,2
100,1.761261098910376,0.034680021824173714,11.009925105066028,5.987885435757228E8,0.9286620635738753,3
100,1.4405420337187969,0.06357960229066821,91.18056379474217,5.483374752750774E9,0.49072544240234617,2
100,1.6219354695714894,0.056025573621456305,80.13879983627062,5.027859523686821E9,0.4916065958775877,2
100,1.6972051872504788,0.06203118477909443,95.17952675962994,5.529908848910541E9,0.4898299052051393,1
100,6.957155922731829,0.1,96.84757099234336,5.921989395248674E8,1.1507769656000513,1
100,1.6278654098264886,0.05699068339894944,85.62634830339664,5.174482733146183E9,0.4899401701253812,1
100,1.331626370916783,0.0757793489500984,48.82969992074009,4.687764190259523E9,0.49290502625181026,1
100,1.6196661434163553,0.03569436634868522,100.0,4.579778338449349E9,0.49996846478859214,1
100,1.541594640928127,0.034140716481486914,27.38833355243577,1.5354672762398639E9,0.6762912403370077,1
