evolution$generation,alpha,beta,tsteps,popfit,indicsfit,evolution$samples
600,8.129588821048863,0.089009005041491,23.672072560411333,4.123556878104632E8,0.5253904354285731,6
600,10.0,0.0,72.35776043358871,4.123556878104632E8,0.5253904354285731,6
600,2.4963584260525424,0.03791751879701734,83.30178011117997,4.123556878104632E8,0.5253904354285731,6
600,8.470821454488446,0.07533624358746127,60.80497036445103,4.123556878104632E8,0.5253904354285731,6
600,0.4323805397287783,0.09151598750749068,31.355220039617937,4.123556878104632E8,0.5253904354285731,6
