evolution$generation,alpha,beta,tsteps,popfit,indicsfit,evolution$samples
500,8.913995673180757,0.03111984893503397,38.512326208452805,6.587321586640686E8,1.1144722319930787,6
500,0.0,0.1,67.67200087650667,6.587321586640686E8,1.1144722319930787,6
