evolution$generation,alpha,beta,tsteps,popfit,indicsfit,evolution$samples
100,1.3661930205563588,0.01801041885984325,53.4021904372961,2.242252471946782E9,1.540759096249075,1
100,0.3029035245537526,0.014995365121183601,27.304409116154396,2.210214455861601E9,1.759114353319749,4
100,0.10410708099758859,0.008099043465276857,3.0872353598712277,2.0977542518458023E9,2.228713113731964,2
100,1.2697570884501186,0.02598187118505271,89.30818545484874,3.506867546317054E9,0.7946160307241832,2
100,1.1586890676557737,0.06591739165655057,41.95908326672982,4.028659470302495E9,0.6670412524836468,2
100,1.3661930205563588,0.018010418859843245,53.4021904372961,2.2295615531347756E9,1.5431282496260181,1
100,1.45153770543345,0.01769355553698662,55.35693931548823,2.3811583621741023E9,1.6509213382499994,2
100,0.12359770711453927,0.005046716403120458,27.2788114561363,2.0581238208406887E9,2.2340883896733166,1
100,1.3661930205563588,0.01801041885984325,100.0,2.9184113817634554E9,1.01800926015538,1
100,0.30609598557204987,0.014434100839476572,25.021874876795128,2.154987269342013E9,1.8029920241228177,1
100,0.45482907999352395,0.02358192122658267,26.265920586225015,2.3693711900815535E9,1.4404855982921674,1
100,0.9024895827730459,0.0741408284084333,41.751238178236925,4.493208116144207E9,0.6419693557532923,1
