evolution$generation,alpha,beta,tsteps,popfit,indicsfit,evolution$samples
500,2.1772672113105327,0.06484498917090815,35.88256142946953,8.691619213616849E8,2.019757247901732,7
