evolution$generation,alpha,beta,tsteps,popfit,indicsfit,evolution$samples
700,3.8231055731628727,0.020673137274966797,83.18412588562319,8.691619213616849E8,2.019757247901732,8
700,1.9167778623115086,0.019780940619635912,67.92401769499139,8.691619213616849E8,2.019757247901732,8
