evolution$generation,alpha,beta,tsteps,popfit,indicsfit,evolution$samples
600,3.8231055731628727,0.020673137274966797,83.18412588562319,8.691619213616849E8,2.019757247901732,7
600,9.319786160980698,0.08488583585520455,83.47507218826159,8.691619213616849E8,2.019757247901732,7
600,9.006744833511602,0.09029762004428171,100.0,8.691619213616849E8,2.019757247901732,7
600,2.1772672113105327,0.06484498917090815,35.88256142946953,8.691619213616849E8,2.019757247901732,7
