evolution$generation,alpha,beta,tsteps,popfit,indicsfit,evolution$samples
100,1.3459884472687689,0.02580120660059029,40.64295403520248,3.9157382645052636E8,2.0666871010299905,4
100,1.5100471225957324,0.07336822185140542,75.35935085344262,7.669300223911194E8,0.5402811131294739,1
100,1.7193225353805341,0.04276251871722396,71.00856663904456,7.432236708138292E8,1.2621585617206725,4
100,0.9590749055548226,0.02936098022357462,40.2261584980861,2.3944922985307533E8,1.510363423933347,1
100,0.9766387854929943,0.02459620305036931,40.09066766565527,2.183714161231431E8,1.6956879445769266,2
100,1.4194023710052543,0.07334309325736546,63.66417208545316,6.61634677750359E8,0.6064122286440821,1
100,0.827198058541575,0.025222809639795847,52.60067799434431,2.943162811028168E8,1.1793766412124809,1
100,1.294372833732897,0.07610784772012436,78.08856324673619,7.892777639784684E8,0.3912827392267593,1
