evolution$generation,alpha,beta,tsteps,popfit,indicsfit,evolution$samples
100,7.5765019851747635,0.014236778113852756,15.198848146580811,4.849121608414863E11,5.624728736410925,5
100,0.5967352190814368,0.07623304198564035,93.62747162196433,2.532585040199975E9,1.5141219501314598,3
100,1.131750536387357,0.058009900270945616,94.26340823604987,2.892076036031063E9,0.6005117531354377,2
100,1.9780646372770527,0.08079648252402474,88.42391015678959,8.939277551376795E9,1.0981255918277384,3
100,0.0,0.019619244132279293,52.117165261028006,1.9391796928144193E9,3.1313211735925006,1
100,0.0,0.026317744703718244,44.63923115577803,1.9691872279000378E9,3.0798637276596166,1
100,0.9847671289221156,0.05051078850079983,91.34051705130474,2.14502050554926E9,0.6834039618391637,1
