evolution$generation,alpha,beta,tsteps,popfit,indicsfit,evolution$samples
200,7.5765019851747635,0.014236778113852756,15.198848146580811,4.849121608414863E11,5.624728736410925,5
200,0.29937501879940104,0.017738024017024054,50.155743441589536,1.6999265088709176E9,2.5816020444037413,1
200,1.3258771513610763,0.1,87.42370136127232,3.6345216029519806E9,0.4944071736487079,1
200,8.639709805681184,0.036889983973944405,36.00596585796494,2.1259639710705264E11,4.345213227827577,4
200,1.9780646372770527,0.08079648252402474,88.42391015678959,8.939277551376795E9,1.0981255918277384,3
200,0.2819584500187278,0.018431730290373007,72.50129823341261,1.7049269357866151E9,2.495252369848821,1
200,0.0,0.06369628698291181,6.332665612326175,2.0527326605396724E9,3.483469435088736,2
200,0.9847671289221156,0.05051078850079983,91.34051705130474,2.14502050554926E9,0.6834039618391637,1
200,0.5967352190814368,0.07623304198564035,93.62747162196433,2.532585040199975E9,1.5141219501314598,3
200,1.0233974719681844,0.05056518494727084,90.34579368589058,2.3418792641366706E9,0.6679074026557693,1
200,1.131750536387357,0.058009900270945616,94.26340823604987,2.892076036031063E9,0.6005117531354377,2
200,0.9199682096518886,0.05052333297266022,75.3195050799651,1.9617656785533638E9,0.7713592193927175,1
