evolution$generation,alpha,beta,tsteps,popfit,indicsfit,evolution$samples
200,2.953433818336002,0.08558234452516117,64.38415611971766,9.052288298838406E10,1.708832875670022,5
200,0.3159512557390149,0.0052615806582035594,66.67322712039538,2.4892925629635806E9,1.1071703301980524,1
200,0.7630547796956465,0.08988069094336623,87.25978228185188,1.1944485952348965E10,0.31427804805146103,1
200,0.6984208169105646,0.04293383994665318,47.7444206827428,7.113121926978963E9,0.5364715302317725,1
200,0.3614357929645877,0.005988596506367532,68.74750623858247,2.5242208454707193E9,1.0191926003380087,3
200,0.7496035366950287,0.08603402048770854,58.350440140668844,1.03486944029591E10,0.3579794926518465,1
200,0.7511483955914011,0.0832545816734241,51.20696009019711,9.725066263563845E9,0.3894517994189147,2
200,0.0,0.044385335810905896,1.0,6.707834350890746E9,2.1352355918611776,4
200,1.269152460379872,0.04416963736097379,20.61487802441398,9.410212455889538E9,1.4204521652242168,4
