evolution$generation,alpha,beta,tsteps,popfit,indicsfit,evolution$samples
100,1.7770731455053457,0.0020432231135506965,92.52806135437554,1.119472315815568E9,1.4768465167816947,4
100,0.7763459610649281,0.04070873833551891,56.32743738439041,1.6361846172444143E9,0.6254279058510329,2
100,1.7458229621095316,0.005598410246713134,86.61216198900628,9.384335570264032E8,1.1537569878959935,2
100,3.924110068640333,0.1,37.27710426816646,3.457300439618816E9,0.8115298328661504,3
100,1.2408190197941324,0.0,87.4666385493868,7.955142718081614E8,0.9588522526285985,1
100,0.7133908451042814,5.390500273312691E-4,23.09293582309298,4.1956757757911766E8,1.8246033474567787,2
100,1.8629655280120532,0.019329008586996436,75.07756318532647,1.224766027503256E9,0.79066372678761,1
100,0.3734863049121811,0.0,89.73366797757954,4.075212397736627E8,1.1636290571034642,1
100,1.575618890144705,0.011339403976809723,87.4902384042678,8.976833247165956E8,0.8861514215226379,1
100,1.336532386539671,0.03740190441445104,62.502698977162005,1.416933645653609E9,0.646366564014986,1
