evolution$generation,alpha,beta,tsteps,popfit,indicsfit,evolution$samples
200,1.5337201124262179,0.011945133144849067,100.0,1.278756786568202E9,0.6894667028450512,5
200,1.3962091154918772,0.028783846252358886,100.0,2.33987716096258E9,0.5592441588003131,1
200,1.170282046764565,0.0,100.0,6.419345198980337E8,0.8513267611833286,1
200,1.485279939578993,0.01945257020782359,100.0,1.7811903102465148E9,0.5905874861854514,1
200,1.5401534231442606,0.0058943010860502965,100.0,8.66645837455025E8,0.8972632506669549,3
200,1.2887939849091303,0.0100262143719605,99.18253335702204,1.151299310206401E9,0.7270395707837294,1
200,1.4072029465479432,0.028786697933048347,99.5572369933145,2.332366456103247E9,0.559634347390331,1
200,1.5440414913236677,0.014320345912262092,87.5431997176632,1.3171101209550724E9,0.67673223364188,1
200,1.5337201124262179,0.014706872112699743,98.26974205641078,1.4518272478799708E9,0.6440232908153342,4
200,1.251762435412742,0.013171465399498256,99.74299707797681,1.3900097214772725E9,0.6552060593216236,1
200,1.5003632205149842,0.011023383616467108,98.32685792220003,1.2020633893348584E9,0.7117079730520758,1
200,2.570250780197003,0.02732077806372679,36.571107432276605,1.2487559254486454E9,0.7694550928468475,2
200,1.5480907153014323,0.015654688570952677,98.23896624019304,1.512492879528264E9,0.6318935970679979,1
200,1.2554873069527759,0.010222161869177565,99.73174618446532,1.1727491598702073E9,0.7171085500905509,1
200,2.50836519433577,0.025554102598428854,96.529384414771,2.0330070201832218E9,0.5890047579759942,1
200,1.486460802547037,0.019587739306161214,99.96559686676736,1.7883173622961874E9,0.5898257633090217,1
200,1.5336241371096793,0.018942408737941355,99.99999999999999,1.7449425041071308E9,0.5955864489873288,1
200,1.2675732406553286,0.011444938421950617,99.73827962771655,1.2596319731518865E9,0.6888899555131557,1
200,1.3927105712461456,0.02878396535465095,99.93923851760803,2.3376873979755716E9,0.5594069777215933,1
200,1.6257865977059205,0.0,88.42866961752891,7.249480775810515E8,0.8723961760245986,2
