evolution$generation,alpha,beta,tsteps,popfit,indicsfit,evolution$samples
100,1.009705344450058,0.0029631686860473573,19.93937732264754,4.210073288518772E8,4.188440408762418,2
100,4.05933694508809,0.08240012071610946,72.63645943415194,1.8867830220898083E10,2.6067100300405213,3
100,0.19143090705925347,0.02626681891970082,31.05498445784638,1.4505979848324456E9,1.3927868601107942,2
100,0.970566291732994,0.0027203674293240078,19.868547888230566,4.164444306267967E8,4.192447955993355,2
100,0.8237251413060622,0.0,1.0,4.30312096149522E8,1.4297470384079853,1
100,0.513269812556752,0.05962083857908759,95.03468839759296,3.8909228843558054E9,0.781159699259391,1
100,1.0012585916061807,0.006291590732000628,23.54501347037903,3.726333574686128E8,3.947785670659923,1
