evolution$generation,alpha,beta,tsteps,popfit,indicsfit,evolution$samples
500,0.7259539129765119,7.412928205983806E-4,75.48781480457185,1.421632869385731E8,0.15991141431587944,1
500,0.0,0.0,59.10326702365052,7.514346441828603E7,0.34115074378284127,2
500,1.795173360069398,0.04237731944503324,69.37569783072121,5.82649920980845E8,0.3925802930518024,6
500,0.6170444975250349,5.300682613398079E-4,76.12226303861465,1.2805158367170079E8,0.16016722129518757,1
500,0.5706166109586499,0.0024474759384973885,75.31330666960872,1.1051205032919037E8,0.20897572859172825,1
500,0.9606878037800047,7.37516077914112E-4,83.63307490430832,1.832887317257572E8,0.16487557526853364,3
500,2.7826075160280768,0.031845943930200966,13.783327951731552,6.114840429613968E8,0.21707996177117708,5
500,0.0,0.03084989913648537,3.548271779323553,1.0784091877123855E8,0.4313530563064273,5
500,0.1751528905675767,0.0,63.302575645470014,8.445121346212825E7,0.30524667087952856,1
500,0.014131174829840549,0.0,63.364330019623836,7.898680904670091E7,0.364476365373561,3
500,0.21864310508585508,0.0,56.62487603625888,8.694177354048593E7,0.2850738633127105,1
500,1.0069467292874252,0.0,53.246578873395485,2.0782494337404135E8,0.16228127549992857,2
