evolution$generation,alpha,beta,tsteps,popfit,indicsfit,evolution$samples
400,0.30534859152437044,0.004374692567241282,61.2233468256566,3.85509654197573E10,1.3168161862036165,2
400,0.8630797808073745,0.009352778851028072,59.664854235176435,7.962610254922044E10,1.514065704620774,5
400,0.43385186341234183,0.027692317597080813,11.46836742131536,3.9985033565731834E10,0.3406130178424881,4
400,0.3316048010532048,0.005194245543710145,61.07185139529254,3.871722327738644E10,1.1909040740192949,1
400,0.20809997078007125,0.028424122041346013,10.766930548129494,3.928552302360944E10,0.9662070083714099,4
400,0.24671479236950017,0.028062736092589077,7.785515643736762,3.95348612514875E10,0.5694341353147074,1
400,0.41908251271577635,0.027951677348207627,11.783667712001854,3.957253735147768E10,0.3826578785187077,1
400,0.09436614018859008,0.03389880066028297,5.571133789061797,3.975635547835956E10,0.9003781004444988,2
400,0.11913742152456971,0.03288887706416167,5.490685073797509,3.9974920269477844E10,0.8083450657862794,3
