evolution$generation,alpha,beta,tsteps,popfit,indicsfit,evolution$samples
500,0.13552105961352812,0.006129730561547908,61.23920240223176,2.325261630511012E9,0.5022741207778985,3
500,7.098883220401817,0.06921541296797189,52.26223233022598,6.987796065265383E8,2.7958650890778376,8
500,0.006609911660406635,0.001790517430226573,62.22564361922958,6.730603094692404E8,0.9602342987720234,1
500,0.0063333862357271885,0.00267686091559365,51.817224277695786,6.794616816722524E8,0.9154408461500938,1
500,0.1436333602490984,0.005317297361089367,60.44032116378203,1.632219071953701E9,0.587751919793257,1
500,0.005964787420681141,0.005882881545899783,59.33573945173998,1.9771275752538364E9,0.5377848004518677,1
500,0.005407254410554049,0.00601527551574367,60.72543026270937,2.194746015921896E9,0.5166558699134987,2
500,0.13476932049506504,0.00472541929301176,61.22491417117164,1.3027009500047905E9,0.6472404486272858,1
500,0.0,0.002849790620670562,58.98757287315485,9.799298367752192E8,0.7154916305926382,1
500,0.1795764524971738,0.0043228421476277255,61.14970505252965,1.0949426794788172E9,0.7119168332282152,1
500,0.13552105961352814,0.006129748285706229,61.23920959680387,2.3245210627401195E9,0.5024261862496687,2
500,0.13476932049506504,0.00472541929301176,61.224914171171626,1.3015640821479967E9,0.6474670713381143,1
500,0.006631776222297071,0.002979667665689854,58.94540413682081,7.218042725728921E8,0.8506070503007633,1
500,0.10837345958655717,0.0015960518850039547,62.75057335166413,6.760635594811444E8,1.0096205924019623,3
500,4.216858671563763,0.07404553058685097,63.97313080039362,6.953577948316772E8,2.769874482718144,6
500,0.0,0.0015487552846661628,60.08359468778895,6.784183673062077E8,0.9172609084007506,1
500,0.0,0.00132116815299633,60.09974870511924,6.733380309714346E8,0.9477901420766538,2
500,0.0,0.031273342576364105,2.931125000628919,6.814980763942041E8,0.9046448198786703,2
500,0.13552105961352812,0.006129730561547909,61.239202402231754,2.324790165433883E9,0.5023285645714579,3
500,0.13097562942967053,0.002225505127974891,61.04990621303536,6.79179536356651E8,0.9611515579031034,5
