evolution$generation,alpha,beta,tsteps,popfit,indicsfit,evolution$samples
300,0.48250487332713693,0.048653962887966806,88.15526737265013,1.0499841018809581E9,0.1427012324361459,2
300,0.08592596532307428,0.0012859535852262586,22.110876186675355,3.01675572903408E8,0.7093127882009387,2
300,0.2240036962662366,0.052095489838956344,67.28187433705106,9.118098642098732E8,0.3159493750303969,6
300,0.07644360089603355,0.009605531002761129,22.072467183294695,3.173783524609071E8,0.6531969457641191,1
300,0.17668053216844454,0.049820500394481236,7.805159555394741,3.645098300595052E8,0.4324007368417837,2
300,0.3444887728330155,0.04691854861151752,18.350076955364386,5.2805790290508604E8,0.2673244021247526,1
300,0.362926706405158,0.04995729839770812,22.04151287598788,6.031298326541405E8,0.23737298699811796,1
300,0.36549613929805713,0.018255520552748424,22.252923672235685,4.3920943584698963E8,0.3788007100112474,2
300,0.4036926976286786,0.047456253213052774,27.44601083020931,6.44897436916338E8,0.21895896461629832,2
300,0.1892710575400863,0.03940538534041456,58.00942262706037,7.764270027705988E8,0.368288399615696,3
300,0.375946609658103,0.04973184032429322,29.333619089911252,6.655089353938323E8,0.21492082448259064,1
300,0.28663008753491154,0.04638017282134435,71.08449680012107,9.050886570390313E8,0.26486028680906654,3
300,0.372928049351415,0.05444243984481946,30.000043892972336,7.087294323703315E8,0.21301840293480026,1
300,0.46588198639143713,0.03611415286159687,89.36623589712539,9.654764906568E8,0.15686293622549724,2
300,0.41340484423239,0.04584741179532032,58.925340339561785,8.798107027008715E8,0.1740175450271357,1
300,0.3968307348344444,0.04792808729843217,34.42829499932743,7.342699402202708E8,0.19804558599053082,1
300,0.4657962586520904,0.03245629049516699,89.210417392355,9.346277277767385E8,0.16259822026180393,1
300,0.400335418976023,0.048031911046236386,34.95031514330662,7.258978259594986E8,0.19805629876168532,1
300,0.4002546650254023,0.04797133964144183,34.89043705980769,7.251188722193573E8,0.20387590740563838,1
300,0.40335170098517514,0.03789058723885749,50.872378174442225,7.791391640893543E8,0.19216731793496172,1
300,0.2866300875349115,0.04969307421339957,71.08449680012106,9.238575358483359E8,0.2620253449136836,5
