evolution$generation,alpha,beta,tsteps,popfit,indicsfit,evolution$samples
1000,4.9948491447161,0.03269083414913988,99.75348603764692,5.051222841636257E10,4.063147919732133,10
1000,3.786005576787969,0.08240727107542595,65.28150740969612,5.051222841636257E10,4.063147919732133,10
