evolution$generation,alpha,beta,tsteps,popfit,indicsfit,evolution$samples
600,3.786005576787969,0.08240727107542595,65.28150740969612,5.051222841636257E10,4.063147919732133,8
