evolution$generation,alpha,beta,tsteps,popfit,indicsfit,evolution$samples
100,5.089160543072984,0.0405517270988596,62.12434567674396,5.051222841636257E10,4.063147919732133,4
100,3.3455126319759776,0.06966731888312286,96.504800153641,5.051222841636257E10,4.063147919732133,4
