evolution$generation,alpha,beta,tsteps,popfit,indicsfit,evolution$samples
100,1.814554853189283,0.0664350050224333,41.477726053997024,2.735276973311192E9,0.667210801129827,4
100,0.4847699063226152,0.07166953847717943,80.13229898621707,5.562397383006379E9,0.5334893670369292,4
100,0.3637344469074111,0.08046425641233015,5.034880464744461,1.4620722268738155E9,1.4875167217348222,1
100,1.8018838515187485,0.06615579238659068,44.258335684325,2.7517695012639995E9,0.6266021611473699,3
100,1.8233226680680195,0.06610849750900376,48.40370090974291,2.853959555982781E9,0.5793283416650665,1
100,1.691100739814735,0.06693657702346366,35.70300821895753,2.4767206147039948E9,0.6940790993172957,1
100,0.3913472743255343,0.08224062801875726,3.4126384619311123,1.4037594635140245E9,1.572439233602086,1
