evolution$generation,alpha,beta,tsteps,popfit,indicsfit,evolution$samples
100,1.530785001523045,0.019504964013260098,42.72732029388918,1.360928792856965E9,1.5004281301666504,2
100,2.02035068326605,0.06452697221883286,69.02831566654712,2.01726547909038E9,0.7511126025721898,2
100,1.0498680182142741,0.015750948338293547,60.62174920625182,7.716084078640468E8,1.0398433952057893,1
100,7.107514875382275,0.1,88.91163379209735,3.5097145398175592E9,0.8623708148590539,3
100,0.8919399575521729,0.0109067555736075,35.06185151312713,4.6515696409834975E8,1.1772583514691328,1
100,1.0046461462194556,0.02191313415122765,45.48329067826927,8.053942763445253E8,0.9702074759085073,1
100,2.1502279008886176,0.06410850959783207,69.052602675709,1.9672258122264068E9,0.7914213924532032,1
100,1.0042443298829724,0.026141491992239092,26.5762070495094,6.20439486358129E8,1.1184657422648305,1
100,0.9814933743628977,0.012821287375827642,45.67598198989225,5.795152497945509E8,1.1565954328056707,1
