evolution$generation,alpha,beta,tsteps,popfit,indicsfit,evolution$samples
100,3.0640863577930144,0.03168454648998307,18.878542526926797,2.821387421800085E9,1.280263996487685,3
100,4.106915353036729,0.06777159877725838,96.99905716183268,4.754048348425198E9,0.26483178171623734,4
100,0.8287301560816229,0.09907773254042532,20.9940190673795,3.628456877620867E9,0.3621709481158629,2
100,2.0773360097008986,0.059575247440452575,80.55610326790978,4.84436608727622E9,0.22890360498658122,3
100,0.5873033635993896,0.06074865974142421,31.15032936396895,3.5953459810312724E9,0.4681696918391416,2
100,3.131276992290587,0.034154865923560006,22.832217675676848,2.6682104898668103E9,1.1261601781148176,2
100,3.0300094533819024,0.059419298153930405,77.69688093159044,4.177979194532622E9,0.2572570606011095,1
100,0.056044896858431364,0.1,1.0,1.426350300244319E9,1.4561619991881325,1
100,3.4951421068320827,0.0681052575377848,18.37927212451805,2.9149004580592957E9,0.8971878200975549,2
100,2.284309977767272,0.07404563151960296,20.788083294130303,1.9923482611206949E9,0.48456536931544103,1
100,2.11990788149978,0.058781170402626315,100.0,5.5120931282516365E9,0.22871013674893204,1
100,2.311734589539572,0.05955761858735336,77.91623985201485,4.588251627212918E9,0.23571667538589963,1
100,4.12688761740207,0.05301378161945467,85.28334804743915,3.6678238914663234E9,0.31513628459827436,1
100,2.5675915920273606,0.03569826711128946,20.055941482592317,1.79843934487037E9,1.0100415465995363,1
100,4.052902524662299,0.054164618867542036,81.2239039553345,3.6271719295772095E9,0.315591672578501,1
100,4.332530149394842,0.052920023429892875,77.5811570930864,3.452205083257882E9,0.3201377169152799,1
100,2.124493811592179,0.05945433867504675,79.37389503667855,4.75863481441429E9,0.23071386421774215,1
100,2.1376964195350854,0.05790706267603923,66.7767330829092,4.1783126670451837E9,0.2517716940349609,1
