evolution$generation,alpha,beta,tsteps,popfit,indicsfit,evolution$samples
400,0.020473426100529046,0.036250182511123906,48.93836571484128,2.733774801880709E9,2.2763770207399143,7
400,0.7152558818791108,0.09415886870096278,100.0,4.878511208290647E9,0.5777761155370976,1
400,0.43433482327905143,0.006466462151832758,45.18338015978371,1.0401054886937128E9,1.1649704590233392,1
400,0.5822290382213542,0.060262445492197995,26.469690281082876,1.7628355597445886E9,0.9686883395112946,1
400,0.563252996606355,0.05738834243002522,88.97775985498396,3.3477849635679717E9,0.9033412240729471,1
400,0.8049514266287665,0.06746428436607153,100.0,3.8341585844008064E9,0.7746227874179434,1
400,0.7229985384240162,0.09241504323963018,42.06023886509812,2.8466925284004626E9,1.0904116133717365,2
400,0.5790197522659213,0.062332893365675913,87.4623622372575,3.4698879739434E9,0.8803506981182304,5
400,0.4394967762837657,0.022367032961887814,22.87345299488384,1.1156345184059293E9,1.0830068133320814,1
400,0.7687428568880605,0.1,73.25312737610271,4.101593073071822E9,0.6225147526419775,3
400,0.9037258105275079,0.1,74.17274405236638,4.0737079497095275E9,0.8774098071115055,2
400,0.44572411319769545,0.035550803907238214,46.17453475993543,1.860791043803657E9,1.195304469474768,2
400,0.35747625038495556,0.03200804757211904,19.47897454828998,1.2722400153794365E9,1.3425389748963703,3
400,0.5817573006469469,0.05811467985630601,92.96666215089243,3.471568401665247E9,0.8246467843254829,1
