evolution$generation,alpha,beta,tsteps,popfit,indicsfit,evolution$samples
600,0.43433482327905143,0.006466462151832758,45.18338015978371,1.0401054886937128E9,1.1649704590233392,1
600,0.7706076084087627,0.1,88.05654567523769,4.609011713116571E9,0.5648985435288533,1
600,0.7101752702198011,0.08484117217427621,100.0,4.523139614217184E9,0.5917916784378427,1
600,0.020473426100529046,0.036250182511123906,48.93836571484128,2.733774801880709E9,2.2763770207399143,7
600,0.5310280614056362,0.03783031976294681,35.1649190769716,1.5966075738965409E9,0.8527841836861382,1
600,0.697858708520953,0.1,53.10084799367813,3.4180807088355703E9,0.6771328114703226,2
600,0.4412355176720073,0.012267459055070914,27.30631257683228,1.0925366788674107E9,1.088377602122165,2
600,0.9030805723360962,0.09351141639216176,40.18558574921714,2.9273944606325088E9,1.5475725015594255,5
600,0.7687428568880605,0.1,73.25312737610271,4.101593073071822E9,0.6225147526419775,3
600,0.3825178590796746,0.007482672785612378,45.314284167337,1.0420131011971253E9,1.4266124117632464,2
600,0.4394967762837657,0.022367032961887814,22.87345299488384,1.1156345184059293E9,1.0830068133320814,1
600,0.5788076681982921,0.052455535954839295,89.52580093309425,3.185716398217346E9,0.843832024209032,1
600,0.580053086619063,0.05654181741824878,89.0387146959919,3.3106949735065556E9,0.8338302582658741,4
600,0.7002157963355699,0.1,53.587294623359774,3.4463601973516045E9,0.6652960726676799,1
600,0.5186026174389641,0.03608216163764857,32.0814403523714,1.5405522866861916E9,0.8660430138874755,1
600,0.3787245335275624,0.02633688309000827,20.903328904879963,1.1716430366633196E9,1.2748684282185976,4
600,0.5790197522659213,0.062332893365675913,87.4623622372575,3.4698879739434E9,0.8803506981182304,5
600,0.5220746953418562,0.03539517482588036,40.555658317826044,1.6983097810223818E9,0.8735973937357138,2
600,0.7934123828625324,0.09999999999999999,73.34759259938544,4.080586276704728E9,0.6476433683474768,1
600,0.6393349705115279,0.04804916507291653,100.0,3.197388543863989E9,0.6943414315689135,1
600,0.6890385832369915,0.0659833493125005,55.0719801912478,2.7384673351027737E9,0.8698085057337378,2
600,0.7174628103991908,0.08825755842128558,82.57225549420568,4.0906458280057507E9,0.5949556981606022,1
600,0.4380906529213999,0.026297251277658164,35.950231510793216,1.3822711723398025E9,1.1341613316810488,3
