evolution$generation,alpha,beta,tsteps,popfit,indicsfit,evolution$samples
100,3.782448847322273,0.09591645658982267,46.390568479602024,4.173235572227959E10,1.672851294917041,5
100,2.418960195352493,0.07429591584346396,79.01011273318058,2.198943732880365E10,1.0119451769976342,2
100,1.2024140850463958,0.037386453538957434,27.598693295517208,5.888712964153261E9,1.549147151496392,2
100,0.0,0.0,8.78714324822722,1.4649064415994565E9,4.800376331839479,3
100,7.246358342253732,0.09750815141401448,77.35573662309314,2.2586705216811867E10,1.208499667744579,4
100,0.8879606287743923,0.019406729189816816,16.520472138671828,4.482692217820499E9,2.0539432979552035,1
100,2.237305261845242,0.0723126912444093,82.63366928421478,1.9084088912396904E10,0.8998758404374881,1
100,0.0,0.0,19.436104443415136,1.4406296498970838E9,4.7952591236911335,1
100,7.054325846300275,0.0981699895686643,100.0,1.608152614939382E10,1.034379552643105,1
100,0.0,0.09342266362834366,40.59930106968113,2.9707942725955467E9,3.2926909634363777,1
