evolution$generation,alpha,beta,tsteps,popfit,indicsfit,evolution$samples
300,0.8349033395310324,0.07240820018765003,14.951854989765984,3.810983514585052E9,0.11677568152807705,7
300,0.0010762226304039818,0.037484150667353416,7.52462849523122,1.823683897393759E9,0.9621044477155721,1
300,0.6430206291240241,0.026548825127858666,19.58174755814,3.211269440499145E9,0.10302874886377202,1
300,0.6212493627599198,0.06861682923022909,13.641151271888246,2.9991595216954947E9,0.15564316883813606,2
300,0.49810882650236155,0.07023866363698887,22.35526263985414,2.5245338741884747E9,0.3873592459063377,1
300,0.7608213299163589,0.07243353503626147,14.946194210927203,3.4594535367828064E9,0.10718082784175584,2
300,0.18007637143718488,0.041172092430472956,19.728263836509424,1.8685149619688554E9,0.8093553500420384,1
300,0.6944706095586545,0.06860617019929914,13.673581886470549,3.37297368226504E9,0.11130466779746187,4
300,0.0,0.037410580873292486,6.784237210563689,1.9770862028952074E9,1.093064966697425,2
300,0.6415243279180802,0.03851654425112447,19.40453468422919,3.075632134000864E9,0.12422007234295751,3
300,0.5149172313273077,0.07029343531548067,11.836138574777994,2.5297064913895135E9,0.26179017180824804,1
300,0.03669755973168399,0.03657469029122189,27.27496619797231,2.24434476543731E9,1.0624437978128736,2
300,0.6104918426197252,0.03852519223730602,20.254090198819867,2.9109292994067655E9,0.1540308451834449,1
300,0.22937551063791423,0.060759934606072444,4.17499875507532,2.4050500793448625E9,0.5356416705999771,1
300,0.20282285909740821,0.061649626796919446,4.258223042737718,2.248689538761667E9,0.5759223979207884,3
