evolution$generation,alpha,beta,tsteps,popfit,indicsfit,evolution$samples
100,4.912167032409798,0.07090205341031304,76.62035809035162,2.3334389546802686E11,2.6171776401455418,4
100,0.6657623362901965,0.09522629127551621,51.37000417932773,1.4863660830328033E10,0.8572306156946595,3
100,0.771919371193961,0.09414548545348905,51.38323549552938,1.4449539876463528E10,0.7882926595689206,2
100,0.23465514038296356,0.08368163904384997,25.841606194119585,1.1974681593566572E10,1.5136627692286784,3
100,1.058738262642516,0.014626900648958422,85.33825903108702,5.365910298586075E9,1.1126968262076473,2
100,0.0,0.025619403628480714,10.528140250953891,4.347328777861697E9,2.383347343678695,1
100,1.2043992390930272,0.09080016998612778,21.859791172998815,8.159433303538541E9,0.9641316051107683,1
100,1.2177044514957167,0.08128825374605403,27.808669828285566,9.025361582166502E9,0.922744122564055,1
100,0.0,0.0,26.12941198904315,2.658165767889755E9,2.5965927980383396,1
