evolution$generation,alpha,beta,tsteps,popfit,indicsfit,evolution$samples
700,8.068670602884396,0.04534346344112308,79.39712372898592,2.620043430299762E10,1.0416055319527004,8
700,1.5411400688715229,0.024269138281962872,46.61968040365803,1.9661174729679386E10,0.9340783328941578,2
700,2.1952508958777606,0.06942190307025944,43.36179193139443,2.5362857994446938E10,1.0149342677751725,6
700,3.116987304040358,0.07521046116207042,57.67153700972684,2.350312437298862E10,0.984283772947098,5
700,1.729368960604567,0.024546903114096415,45.93724600988563,2.0520922310788876E10,0.9547129700960817,3
700,1.588995742375368,0.09324550150977284,45.75881616483777,2.2574272994678432E10,0.9487689541001059,4
700,2.5934703249609816,0.07917126893673883,75.54802518317798,2.2724818794743164E10,1.020716241593009,5
700,1.3722634930173063,0.07206715679810664,55.21293436535804,2.2385738500223953E10,0.9421953657009412,3
700,0.14042375596514423,0.0954013792217755,45.364758019613824,2.20833560206883E10,1.0317000278240405,4
