evolution$generation,alpha,beta,tsteps,popfit,indicsfit,evolution$samples
1000,8.068670602884396,0.04534346344112308,79.39712372898592,2.620043430299762E10,1.0416055319527004,8
1000,0.8574627252155032,0.027186027921338042,38.06486096196452,1.8535859724196648E10,0.9191591277232392,2
1000,1.585175651299058,0.024079710867047126,46.173971095578025,1.9867603762823864E10,0.9389570940212556,3
1000,1.606219341702875,0.024040994907281468,45.986930307523856,2.0031756737984947E10,0.9421436410646891,4
1000,1.2144351287125612,0.09524693595955813,45.63288903489622,2.215635413767423E10,0.9432185254629452,5
1000,1.7082785420401811,0.08548569101616446,58.76571932342613,2.2050147796284462E10,0.9654481176315621,6
1000,1.1493169381963328,0.042465969368035233,100.0,2.19706555063721E10,0.9391639362175032,4
1000,1.1435712123032535,0.046419875446469756,90.7787839342634,2.203033715189192E10,0.9384665014838857,3
1000,1.1072822591022922,0.04961190273322301,92.6986387600275,2.171903235019971E10,0.94974898650999,5
