evolution$generation,alpha,beta,tsteps,popfit,indicsfit,evolution$samples
300,1.606219341702875,0.024040994907281468,45.986930307523856,2.0031896969193027E10,0.9427258047737868,1
300,8.068670602884396,0.04534346344112308,79.39712372898592,2.6199906650047585E10,1.041596016437378,4
300,1.729368960604567,0.024546903114096415,45.93724600988563,2.047703821702233E10,0.9544374746229365,2
300,5.149582692039099,0.08223793553091474,91.25904031203166,2.483076971063227E10,1.136643685507165,4
300,9.020038004236262,0.07354299669546385,100.0,2.4230878978490826E10,1.094790416741376,3
300,2.1952502315963542,0.06942190307025946,43.36179193139442,2.5358212040462135E10,1.0150437985096414,3
