evolution$generation,alpha,beta,tsteps,popfit,indicsfit,evolution$samples
200,0.0,0.0,2.2594145330246107,2.405978756889049E8,0.9944225266075504,2
200,3.8173606250153718,0.09092212233956697,70.96373637623006,2.6461088894779224E9,0.3497276638987199,2
200,7.075106960954147,0.06135397260862385,46.54635402476135,9.00310111595216E9,0.9276621760535098,4
200,1.1691531894766338,0.015349975249495402,100.0,1.0143055442988636E9,0.3910928345217112,1
200,3.589767795814792,0.06578808814036245,73.55380422122876,2.3748774545807223E9,0.38319086002774955,3
200,3.8437974835319313,0.08606795888226565,70.78862469681563,2.5919055201546135E9,0.35803810325501906,3
200,3.928696061039286,0.08548914584912069,66.12133434326849,2.562773462317272E9,0.37224491618310884,1
200,2.9717745441005032,0.05281777997588856,20.496244283287314,2.022829541208214E9,0.49719117331384766,3
200,2.901495527486857,0.05289724788431685,21.830359369447393,2.0384571468517394E9,0.4917981868824802,2
