evolution$generation,alpha,beta,tsteps,popfit,indicsfit,evolution$samples
100,8.607011517036515,0.09898327311877125,99.70962758699196,2.408472184350355E9,1.8364291958506935,5
100,0.5023625703919077,0.09380653064551664,10.619143753291812,2.6597001015583024E9,0.8390659788586857,3
100,1.228116257964953,0.04530767789229828,64.67356753699744,5.863715748824823E9,0.6743356249751908,4
100,8.607011517036515,0.09898327311877125,100.0,2.408611012138142E9,1.836406478185709,2
100,8.576836319387551,0.09312641721107545,100.0,2.400891537494915E9,1.852554724912761,2
100,0.5045830588394352,0.09275131182496865,10.78930993699087,2.6356398552534337E9,0.8336370431711658,1
100,0.5997143655920152,0.09825713487741966,51.53724647942705,7.489461901740301E9,0.6339067171411701,2
100,1.208396736198896,0.04589676414564802,65.00826267886585,5.889022334583572E9,0.6647968842476671,1
100,1.2317155771569788,0.04623211959937591,72.95942165128727,6.363999421047579E9,0.6362025982683821,2
100,0.4803570518022438,0.1,3.3193433271027475,1.493967898492932E9,0.8910474664442655,1
100,0.5705183607515706,0.09350732921972416,11.46518000452895,2.7140411155602827E9,0.7557671598552312,1
100,1.131025855277461,0.027706302480875324,100.0,5.471022843173951E9,0.669546835422518,1
100,0.6023233675134358,0.0913258006288053,52.63617962886968,7.247303764208168E9,0.6308202376931806,1
100,0.5984828882549582,0.0,68.58350353746981,1.2863012830854034E9,1.1291235560552548,1
100,1.7133721571645877,0.1,56.90871747122253,9.686690078453583E9,0.6102572154164906,1
