evolution$generation,alpha,beta,tsteps,popfit,indicsfit,evolution$samples
400,8.761802590101379,0.03581938908604274,66.87130255002369,3.3407218362080338E10,5.743915782052431,7
