evolution$generation,alpha,beta,tsteps,popfit,indicsfit,evolution$samples
200,8.487712724218737,0.0488144994566901,84.87243548082873,7.794668274057405E7,1.3391276519170376,4
200,9.302264402089977,0.09361057152089088,12.69674119068694,7.794668274057405E7,1.3391276519170376,4
