evolution$generation,alpha,beta,tsteps,popfit,indicsfit,evolution$samples
600,0.6977739670384375,0.053997606728805964,9.935933063281198,7.794668274057405E7,1.3391276519170376,6
600,6.826680684865201,0.01126294883967776,67.23080847269976,7.794668274057405E7,1.3391276519170376,6
600,0.0,0.05810899733583507,10.319095351040145,7.794668274057405E7,1.3391276519170376,6
600,8.487712724218737,0.0488144994566901,84.87243548082873,7.794668274057405E7,1.3391276519170376,6
