evolution$generation,alpha,beta,tsteps,popfit,indicsfit,evolution$samples
500,0.0,0.05810899733583507,10.319095351040145,7.794668274057405E7,1.3391276519170376,6
