evolution$generation,alpha,beta,tsteps,popfit,indicsfit,evolution$samples
800,7.619715012084269,0.005111867709752183,31.696850718523343,7.835857277795981E9,3.4138853727986413,7
800,7.420837923241863,0.1,33.01493643925238,7.835857277795981E9,3.4138853727986413,7
800,9.811060468667923,0.032253157649410495,32.826505049009114,7.835857277795981E9,3.4138853727986413,7
