evolution$generation,alpha,beta,tsteps,popfit,indicsfit,evolution$samples
500,9.811060468667923,0.032253157649410495,32.826505049009114,7.835857277795981E9,3.4138853727986413,5
500,8.1421356097385,0.0097232544308219,43.54183279544041,7.835857277795981E9,3.4138853727986413,5
500,7.619715012084269,0.005111867709752183,31.696850718523343,7.835857277795981E9,3.4138853727986413,5
500,5.300261296306559,0.048641157211471865,64.2152274587111,7.835857277795981E9,3.4138853727986413,5
500,7.028939125908051,0.057981775525824335,78.15701470046085,7.835857277795981E9,3.4138853727986413,5
