evolution$generation,alpha,beta,tsteps,popfit,indicsfit,evolution$samples
300,5.300261296306559,0.048641157211471865,64.2152274587111,7.835857277795981E9,3.4138853727986413,4
300,6.9555454361852,0.07608588196772759,77.68763688476409,7.835857277795981E9,3.4138853727986413,4
300,8.1421356097385,0.0097232544308219,43.54183279544041,7.835857277795981E9,3.4138853727986413,4
300,5.300260152184086,0.048641157211471865,64.21522922306711,7.835857277795981E9,3.4138853727986413,4
