evolution$generation,alpha,beta,tsteps,popfit,indicsfit,evolution$samples
200,8.1421356097385,0.0097232544308219,43.54183279544041,7.835857277795981E9,3.4138853727986413,4
