evolution$generation,alpha,beta,tsteps,popfit,indicsfit,evolution$samples
100,1.1032878133912907,0.032250905420725486,66.14947922593984,3.8713107198459655E8,1.2541283917536998,1
100,0.45010517744201506,0.07423717967798174,62.51230351605079,7.601250272972522E8,0.665606887610816,1
100,0.4109055366732083,0.04776448553984075,62.61110807817372,6.026189268402267E8,0.7373114353088853,3
100,0.4190531666666591,0.06008698480642204,62.66056412786325,6.863901168904349E8,0.7127553720910312,1
100,1.0961543768488688,0.03758096061668578,66.79743227413817,4.386701853940899E8,1.1558840054850852,1
100,0.7403744159247845,0.04571150616777522,72.27394224062716,5.562460370295175E8,0.8580031278821046,3
100,0.882102148042136,0.04671073347972629,60.994835248321095,4.887059848765824E8,1.0278100418563871,2
100,0.3741627264045466,0.044765051200218293,54.051494393557256,5.428871208325961E8,0.7890978434227074,1
100,0.4162584905457857,0.04888313072656913,62.8532801737955,6.113502134699544E8,0.7287120367304676,1
100,1.1030624736917605,0.0327077553841355,66.10038980439117,3.912978995792569E8,1.2445649420031435,1
100,0.8400129767853093,0.04730139050563553,61.05382308075596,4.9672693847649443E8,0.9917911527578974,1
