evolution$generation,alpha,beta,tsteps,popfit,indicsfit,evolution$samples
100,4.158622506158888,0.036830332965247806,34.9598200887824,5.880658740362769E8,1.4842968038698818,5
100,1.8699416873117554,0.013429948851858237,10.600823242062177,1.6613949377717674E8,2.3093636038307785,2
100,1.8726031812801667,0.018225040624266803,1.0,4.6894511159022564E8,2.740305486952143,3
100,0.6097907327556804,0.07266990991892446,67.54969276088056,1.0053513773381892E9,0.4852717159479897,1
100,0.8738964509509417,0.07047142381582468,68.32928136484115,9.422539290557781E8,0.6687622751296307,2
100,1.5069914600540402,0.06871760447903805,68.40964462630976,8.642606643356161E8,0.7382269985901877,2
100,2.407684576612334,0.05518542800327164,65.53002371687982,7.338674155197427E8,0.8899080152823643,1
100,0.0,0.019160384440599674,12.604773698406014,2.5520452391995764E8,1.0107987302776686,1
100,1.5361680797808668,0.06791830328344467,64.61019238550904,8.300718393793086E8,0.7695859524527243,1
100,2.081938065453784,0.06224823014646037,62.92310991650644,7.621824705654132E8,0.8438193939431544,1
100,2.106477476349698,0.06265142538201758,66.89653839042438,7.897472531289831E8,0.813847980691351,1
100,0.8128554327079034,0.07307443270019981,70.52893576893875,9.921977150797132E8,0.6098345750484475,1
100,2.1143765435309887,0.06427467960365035,67.94613698665745,8.085134510771053E8,0.7933854099302751,1
