evolution$generation,alpha,beta,tsteps,popfit,indicsfit,evolution$samples
300,9.571643988278653,0.005543445494683575,29.636513777328926,6.524869101993806E8,1.116058423213165,5
