evolution$generation,alpha,beta,tsteps,popfit,indicsfit,evolution$samples
400,9.571643988278653,0.005543445494683575,29.636513777328926,6.524869101993806E8,1.116058423213165,5
400,6.231830300874323,0.045919505919197766,2.0373533362639638,6.524869101993806E8,1.116058423213165,5
