evolution$generation,alpha,beta,tsteps,popfit,indicsfit,evolution$samples
600,6.231830300874323,0.045919505919197766,2.0373533362639638,6.524869101993806E8,1.116058423213165,7
600,2.54915064748448,0.03052825186744367,43.44836641773901,6.524869101993806E8,1.116058423213165,7
