evolution$generation,alpha,beta,tsteps,popfit,indicsfit,evolution$samples
200,9.200564164876216,0.02826264835024175,86.50965314148046,3.905245196972795E11,2.399616325491431,6
200,0.0,0.022721099669671112,81.22406592163209,2.6922008205886617E9,1.012780838468298,1
200,0.5695883130476281,0.03560217184102968,93.78051019183944,3.7001055607760053E9,0.47158341634569584,1
200,2.5314528542017634,0.027911359377615186,95.17087613794007,2.6024447868593216E10,0.6607687265209746,2
200,8.400299765491061,0.1,100.0,6.794717311307524E10,0.5935962798489205,3
200,2.4561212964554753,0.035922827116246045,93.92178815163325,1.9760824050414383E10,0.6839012543522114,2
200,4.229635974123891,0.09528314336572384,60.237879953344645,1.1696112985574101E11,0.9641062732337293,5
200,8.387986012580606,0.08591485235533687,96.56445408553279,8.605688043308133E10,0.7101313358948923,4
200,0.44284394396877813,0.02253772999056076,81.7433599872349,2.9912840393374166E9,0.5380047194156062,1
200,0.027478036274107935,0.051377800007084064,91.96820511168822,3.138667520917415E9,1.006172994456062,3
200,0.18705954751288445,0.042603479543647405,81.69502675654653,2.888576117719493E9,0.8561027842100364,2
200,1.7517755041621585,0.02228001280340804,80.61496552808713,1.3878885180130064E10,0.7181068205708285,4
