evolution$generation,alpha,beta,tsteps,popfit,indicsfit,evolution$samples
700,5.304614227782201,0.015941278188532127,71.99735582612827,1.8838807007440143E9,3.2164693016411134,7
700,0.4440662202371226,0.07630255869173773,35.99401838274075,1.8838807007440143E9,3.2164693016411134,7
700,1.5263891409582597,8.290983059335401E-4,76.36903002363573,1.8838807007440143E9,3.2164693016411134,7
700,5.951004511357252,0.08176569741426726,32.812900154529885,1.8838807007440143E9,3.2164693016411134,7
