evolution$generation,alpha,beta,tsteps,popfit,indicsfit,evolution$samples
100,0.4440662202371226,0.07630255869173773,35.99401838274075,1.8838807007440143E9,3.2164693016411134,3
100,5.304614227782201,0.015941278188532127,71.99735582612827,1.8838807007440143E9,3.2164693016411134,3
