evolution$generation,alpha,beta,tsteps,popfit,indicsfit,evolution$samples
100,6.579009840786463,6.330217812871686E-4,45.221949701534314,7.438433682856703E9,1.1968833607230158,3
100,7.238469617574098,0.08052669205273898,8.91444516140703,7.438433682856703E9,1.1968833607230158,3
100,7.888277621635485,0.018682224575948057,84.98663238941464,7.438433682856703E9,1.1968833607230158,3
