evolution$generation,alpha,beta,tsteps,popfit,indicsfit,evolution$samples
100,0.4521408448077491,0.09617803552781,52.339193526657546,2.2751181137567377E9,0.9309317226762585,4
100,0.5308571763385639,0.021903548039762445,71.74193345986109,1.2004030646747627E9,0.8973686363697253,2
100,0.9733703364740873,0.0952877930730739,52.318791600370965,1.735256876579219E9,0.8079048701337539,1
100,0.588152965479319,0.09697738096897006,53.199868202511496,2.0671946938889217E9,0.7851636794250629,2
100,0.4577136967873571,0.0013467899387078306,7.848770393516055,3.728779357635003E8,1.5874687217735635,1
100,0.45543719018227835,0.0013275915195721886,29.286966857273192,4.1849259753321207E8,1.145845770427149,1
100,0.703093522176995,0.09463320493138577,58.582718106418135,1.9791370394110067E9,0.7314126208132516,1
100,0.973369730682801,0.09528779307307392,52.31879160037098,1.7356926806413577E9,0.806917277975745,1
100,0.4901663436096973,0.010761390753083617,24.60999498664443,4.957124896726364E8,1.0410213301015012,1
