evolution$generation,alpha,beta,tsteps,popfit,indicsfit,evolution$samples
400,0.0,0.07015179154484359,1.0,2.7465580402824945E9,0.8298160945826472,2
400,0.7451769657007723,0.06838479613937876,10.390105089715007,2.8559388292945666E9,0.11420556926410036,1
400,4.138595560002739,0.05686063644274966,67.64291437315998,3.2973115137390823E10,0.4177132601626683,5
400,1.343305368788966,0.06500643518638922,12.18101804723916,4.1898757767664595E9,0.14188086514968817,2
400,1.3679021750233133,0.06862725352048615,7.134987944335823,5.101594546302198E9,0.20630276342401627,3
400,0.757390299675424,0.06956926901500055,9.468756978610045,2.788273792607285E9,0.11552580990611351,1
400,1.8216048158737987,0.06905612632935712,18.3588410643985,6.283111871001788E9,0.16692271966696523,3
400,1.328816830469525,0.0648482704564571,11.906789393670142,4.2720759409316597E9,0.14143881395631094,2
