evolution$generation,alpha,beta,tsteps,popfit,indicsfit,evolution$samples
100,8.060840965054544,0.05193147759418004,20.67150647905325,1.1188440946044933E11,1.8908171373461633,3
100,1.3076604453146934,0.052149893268689046,79.27714149303802,8.349554374115086E9,0.31609280686017954,2
100,1.2251294517784974,0.052148719773727675,82.35159519044163,8.346932075648056E9,0.3289790111911813,2
100,2.425559697823066,0.038900020607013,55.15288257974882,9.718635041399597E9,0.2207590888941533,2
100,0.0,0.07015179154484359,1.0,2.745405972122429E9,0.8296839216045184,1
100,1.833509454772574,0.0708515599623479,18.07108877599291,6.468494086800223E9,0.1688635894482093,1
100,1.3668364273432176,0.0675982343325008,6.495689318775467,5.170921155783992E9,0.23545071222058053,1
