evolution$generation,alpha,beta,tsteps,popfit,indicsfit,evolution$samples
200,2.265945245144034,0.031303351898511675,13.005329839910322,2.4347480169796228E8,2.1896192209371543,5
200,1.8989995539798752,0.04945253661329106,4.976231466004936,7.82269942251226E9,0.19261002730225024,1
200,1.9620810947589806,0.008616280288807832,8.386641414316106,8.54125717491924E7,1.7486268203176163,1
200,2.023721909359522,0.01089447024219826,20.108282991912297,3.613784070382608E9,0.23965413569479233,1
200,0.9552076954081594,0.08054983061948966,2.0481734021883042,3.4048762238603277E9,0.323845891636438,2
200,7.916726474352302,0.020743511512900284,9.225299144072356,1.506563010901466E9,0.5402870160616211,1
200,0.6555702339568481,0.07812186131362668,1.2372929838667828,1.2561425191193674E9,0.6547247871442429,1
200,6.643311182730441,0.00586494053632277,26.6481764836863,4.910494184707093E8,0.9651788957552992,1
200,5.90390159321204,0.014704471552364451,12.15278038414772,1.0171426614407263E9,0.6880411104182967,1
200,5.586976145449487,0.014691964551979741,12.343884830121793,1.0846686493206487E9,0.6656790400565767,3
200,2.5293242821396595,0.00789968974376287,19.076654130905673,4.356538560708328E8,0.9790713389131493,1
200,6.017926074417911,0.04115780040694271,3.5175790951204413,4.009247461982863E8,1.0372451514051593,2
200,1.9155728418361584,0.008457373531975036,13.360603222619751,1.3778698964566216E8,1.3094049063910962,3
200,2.0242896823630203,0.006494922627822742,13.015419829738367,8.927474528359249E7,1.6299411119907512,2
200,2.375319760641351,0.003947972213510825,36.87179953209016,3.722099775015969E8,1.0252864160984758,1
200,2.0243545308024458,0.04881639141384608,13.01553582159785,3.548868415302839E8,2.00253879261414,4
200,5.994493289189768,0.041281714534304445,2.8513747583066116,2.3063479406303743E8,1.2879297399646168,1
200,1.6592835459315278,0.04635148024183505,2.1853418726419074,1.2125941129283272E8,1.2979225821074485,2
200,1.9310110020594329,0.01036051471409774,13.266305164146662,3.287391910282188E8,1.035767439550843,1
200,1.7705056187121018,0.049509983373600505,2.389021229830185,2.3296169803905898E8,1.1099821566420358,1
200,1.8893220831188327,0.008339379274621887,12.718673290341638,1.11037824701387E8,1.3740155017403488,2
