evolution$generation,alpha,beta,tsteps,popfit,indicsfit,evolution$samples
100,3.0382365975469283,0.003147783822328054,89.98865783058811,8.68797505384015E10,3.18055826681226,5
100,3.1214031826943067,0.04351274002626964,7.081110544997416,9.325344795756984E10,3.139853146833121,5
100,1.458883330434193,0.04016849860058467,59.08014769158221,9.651472318454582E9,0.32548935837639625,2
100,1.487215991725881,0.01046315757409213,72.3938129398015,5.021615170063318E9,0.9757917738983574,1
100,1.752991335033418,0.08337809558070586,78.34532367376109,1.5494564298662561E10,0.1722278147868565,3
100,1.458883330434193,0.040143530755327464,59.08014769158221,9.65811469678228E9,0.32527704625742526,2
100,2.599281565045014,0.1,35.100785309089915,1.1782771427602428E10,0.29202201188157806,2
100,1.940967147920464,0.054859127233447415,44.615726779437615,9.427879467410097E9,0.3510814481129497,1
100,1.761317827316071,0.0903184813011439,79.98996225016259,1.6068046332564417E10,0.16557880355318144,1
100,2.1450959266381613,0.08214536890596263,77.85407904555672,1.5083113902200052E10,0.18126378506658206,1
100,1.940729714376601,0.055654566723948376,44.625165063052066,9.522370016157238E9,0.3466303696167499,1
100,1.5197001350867736,0.04901032742788328,86.66913679647888,1.3197693026496769E10,0.21250040176622892,1
100,0.6450990740184652,0.042943014663566,62.789477308803335,1.1500502256161963E10,0.288157843054937,1
100,1.5032809322136576,0.08481260210833229,71.44859068419159,1.5287082254996675E10,0.17462934680474768,1
100,2.301853721177812,0.07714909994373831,77.56501013491555,1.4644824437938473E10,0.19094280973695704,1
100,2.369777875168148,0.1,35.1800931333707,1.1818639817508194E10,0.27093066963456536,1
