evolution$generation,alpha,beta,tsteps,popfit,indicsfit,evolution$samples
300,0.14856496403928598,0.09961270110538291,36.52628481688365,1.2997706376493602E9,2.390721159615155,5
