evolution$generation,alpha,beta,tsteps,popfit,indicsfit,evolution$samples
900,0.37629098545338946,0.01398210454140756,21.109559476495505,1.2997706376493602E9,2.390721159615155,10
