evolution$generation,alpha,beta,tsteps,popfit,indicsfit,evolution$samples
200,1.1034643692454527,0.0038443481889820497,36.90830181400857,3.986316058463597E8,0.8104538802334276,3
200,1.3000741950893677,0.04040246383640961,54.82801924321886,1.1347686207744458E9,0.2717685928326556,1
200,0.7303291978517666,0.09585108691202744,9.159396464089857,7.342351628464684E8,0.3667690372143144,1
200,0.7103615483888709,0.09962469074937136,12.045750260606106,8.908856750510522E8,0.3370632968029889,1
200,0.7280383529385254,0.0948120795295957,9.446273235173143,7.315481147229322E8,0.36850075638756663,1
200,0.9084673821252341,0.034787920258577985,46.550918134857135,9.902730324167438E8,0.2948332721712085,2
200,1.373165924335068,0.03724128698111078,54.77955765946426,1.0772584519872189E9,0.2774156620335688,1
200,0.4835913169107374,0.025049953405452203,17.169076591083808,5.27708652688513E8,0.5962718500387836,2
200,0.5437813872713677,0.01095396725573844,51.40506012342845,5.736839378941097E8,0.5165538519689069,2
200,1.2621197076359982,0.007610159754851658,53.18186071581812,4.355264463996806E8,0.6042385175377586,1
200,0.42931867761164094,0.003635679020810745,16.048114662712614,4.1049277495748276E8,0.8037122420720093,1
200,1.3823026050750276,0.09801390624258999,36.19011786889473,1.424393025983009E9,0.2870529710518317,3
200,1.3039580771094037,0.039708524130758406,54.49785125401566,1.1231523425385268E9,0.2727977634113122,1
200,1.3116197658781927,0.0391924626762556,54.91557620923461,1.1243229567934644E9,0.27214124483596913,2
200,0.4223971319200642,0.005731162377546176,16.52396731049727,4.154864301637108E8,0.7918855662708045,1
200,1.1808373273011188,0.027335920072248738,17.895959525286703,4.740189288543003E8,0.5318053529751618,1
200,0.5505516366617647,0.010390566953696001,17.92332520239645,4.204594238655188E8,0.6410747424052938,2
