evolution$generation,alpha,beta,tsteps,popfit,indicsfit,evolution$samples
300,5.44447045818675,0.02483230477934413,78.61636329395961,8.111785009036944E8,0.5476321613143977,7
