evolution$generation,alpha,beta,tsteps,popfit,indicsfit,evolution$samples
500,3.3681605208149246,0.04442626878511274,40.40567932925473,8.111785009036944E8,0.5476321613143977,8
