evolution$generation,alpha,beta,tsteps,popfit,indicsfit,evolution$samples
300,2.2814835792301675,0.08569357962303782,99.38701748469734,3.300876160240878E9,1.7008973405858805,6
