evolution$generation,alpha,beta,tsteps,popfit,indicsfit,evolution$samples
100,8.190556181911697,0.04497825404321812,75.34079537110779,3.300876160240878E9,1.7008973405858805,4
