evolution$generation,alpha,beta,tsteps,popfit,indicsfit,evolution$samples
1000,3.596057691287014,0.043372737069070216,88.33996706246023,3.300876160240878E9,1.7008973405858805,10
1000,8.965800436601734,0.04040040169985413,95.52780443952615,3.300876160240878E9,1.7008973405858805,10
