evolution$generation,alpha,beta,tsteps,popfit,indicsfit,evolution$samples
100,0.48661267662580165,0.03193343989545956,63.890007057415175,1.0982989619195442E10,0.7638950254227828,4
100,1.0667380539441185,0.01519571357334666,59.09042563076479,7.22117503070689E9,0.928846338090059,1
100,0.943731305808817,0.05317422687208855,53.46192347672699,1.002130602921928E10,0.44810800569245346,1
100,1.0667981322218203,0.02121727736679257,58.893318225279884,7.619012441680341E9,0.7396183091201505,1
100,0.8657686754000071,0.05307148820299488,50.136582740323526,1.001367968460752E10,0.4512997172113667,3
100,0.7391442565891247,0.01371458822687837,51.07644074923046,7.391324204601786E9,0.8234170894161748,2
100,1.0892961095557376,0.026898448848256304,70.46279350977657,8.632993145582325E9,0.5817787730599954,1
100,0.9900928089009448,0.05317141407544899,53.46406115429683,9.939527214339966E9,0.4555662234677754,1
100,0.713481929076287,0.0163827261885477,60.60987935768853,7.901561705313689E9,0.6641571954563159,1
100,0.748018136157723,0.1,7.490584411417201,7.436776177265889E9,0.7760755412111012,1
100,0.9996997759790226,0.05347366446682566,51.95492624831486,9.847830674710949E9,0.46226598457504775,1
100,1.1035282883904758,0.024744817134360313,74.41163047897135,8.533818008894196E9,0.5951828177072349,1
100,0.9397997313717398,0.0531774878948533,37.73629063106374,9.017541974841518E9,0.5171895705513113,1
100,1.0669378153880897,0.020305907770356065,51.14378241203095,7.320487243619045E9,0.8416237942117522,1
100,0.7699898441384043,0.047898181562608805,44.18704874969278,9.644000205183786E9,0.4826726627197607,1
