evolution$generation,alpha,beta,tsteps,popfit,indicsfit,evolution$samples
100,6.358384825148866,0.09613467238911713,96.73513659122406,3.0288663104031837E10,3.2165375487381773,3
100,0.16671852100219153,0.004290563944842596,68.47667016671802,2.9424675831268066E10,2.5421240087865646,2
100,4.897510729159781,0.09613467238911715,96.73513659122408,3.035198897626298E10,3.206670283946841,3
100,1.968555595495951,0.03430267164726184,62.461699988516706,1.6031390255986728E11,1.8535554642632688,2
100,1.9052265184714514,0.045838342733635594,66.9124662115387,1.8026773562678778E11,1.6474057096919243,1
100,0.1301936398424564,0.002949691280263561,66.35768560480744,2.8872831301119183E10,2.6462359000226816,1
100,1.939355812230845,0.03308624745242754,60.42920619618246,1.4404089206518375E11,1.8606284765490018,1
100,0.0,0.006960239288170942,69.29456153095703,3.851871910508933E10,2.537513447141797,1
