evolution$generation,alpha,beta,tsteps,popfit,indicsfit,evolution$samples
400,0.08443350525143262,0.042095343507982164,15.180690708609717,1.0940666443847458E10,0.5451480614462655,2
400,0.537449307956888,0.0511919376580735,59.375684733826084,1.4220165526637104E10,0.1300537078261249,1
400,7.21226273982179,0.07783589333643083,78.98477856172464,1.7568113004884018E10,0.16166282298168505,6
400,0.875185915782728,0.07229839570883104,70.02424996504381,1.5429149718881245E10,0.2410399162661759,5
400,1.4124095322915409,0.018809942555251633,50.83501829336747,1.3257885082211845E10,1.9912930082129976,6
400,0.37119585712136555,0.04197161049230838,23.16935751406819,1.1221740760158829E10,0.20299876841221942,1
400,0.40707381369894574,0.0391538049885594,29.079303816313065,1.1531335692290253E10,0.15145118861096754,1
400,0.3651928239011526,0.040541788071937396,10.566294216048453,1.1306641514185429E10,0.7472530863952933,4
400,0.3985959399359417,0.039337105432504,29.117037998645873,1.154264961967863E10,0.15106877270919272,4
400,0.5876021973878175,0.05310339994912181,58.88191672288635,1.426810064632792E10,0.14489332354049297,2
400,0.37382675772909874,0.028174023012067718,20.7976926560725,1.0964932145091179E10,0.4418048548716167,2
400,0.32794701978583646,0.03801784950889336,13.173795012391158,1.1028866920865349E10,0.5238767395296003,3
400,0.37356728772126113,0.02982534843056636,22.08611238143694,1.0943041467368755E10,0.3872752895430128,1
