evolution$generation,alpha,beta,tsteps,popfit,indicsfit,evolution$samples
100,0.5012930287580541,0.03613400334852943,15.525906558318349,1.5699200523465734E9,1.0088904780804353,2
100,0.5171435403784731,0.03660278608428835,60.55810607159359,3.08813414324981E9,0.9292954510111968,2
100,0.475089743129638,0.0330929678253868,15.302028433613279,1.6170083657303145E9,1.065971462448685,3
100,1.1087752345281103,0.06287211194322213,40.77674606384893,1.8598289912902257E9,0.5742055836226955,1
100,1.4873391225674455,0.09119307302837906,100.0,3.804342200891534E9,0.4176958238055431,1
100,1.1033458716805846,0.04266260595342241,96.26764938573352,2.5912604544441485E9,0.4730668300702032,1
100,0.4777094747074153,0.01132272861876031,3.387935588543239,6.622878027695878E8,0.9294326576268874,1
100,1.3265267710896234,0.05417236136887169,40.60284178273706,1.693409430967581E9,0.7224046826546099,1
