evolution$generation,alpha,beta,tsteps,popfit,indicsfit,evolution$samples
100,1.49722129553016,0.06979124503161527,16.883172085779773,3.986957930240954E7,2.6723733496889874,4
