evolution$generation,alpha,beta,tsteps,popfit,indicsfit,evolution$samples
600,3.3766824810423945,0.01752577863002729,33.05431620550324,3.986957930240954E7,2.6723733496889874,8
