evolution$generation,alpha,beta,tsteps,popfit,indicsfit,evolution$samples
200,1.49722129553016,0.06979124503161527,16.883172085779773,3.986957930240954E7,2.6723733496889874,4
200,3.3766824810423945,0.01752577863002729,33.05431620550324,3.986957930240954E7,2.6723733496889874,4
200,5.4323579425029065,0.09656479172850763,7.663064533885663,3.986957930240954E7,2.6723733496889874,4
