evolution$generation,alpha,beta,tsteps,popfit,indicsfit,evolution$samples
800,5.4323579425029065,0.09656479172850763,7.663064533885663,3.986957930240954E7,2.6723733496889874,10
