evolution$generation,alpha,beta,tsteps,popfit,indicsfit,evolution$samples
100,0.6546965169984764,0.08424692953952514,57.12143465395464,1.107095529217809E10,0.3973851573764805,1
100,0.31012220104297966,0.009995571972424521,62.022758551262335,5.901151782339811E9,0.7705791003931749,1
100,1.0908110540311486,0.009666890884497409,60.51841049837331,2.9170192374607723E10,1.325926726408731,3
100,0.6385225983725411,0.00992899685805846,61.35292747738494,1.3103153817872456E10,0.1885699865607948,1
100,0.1908887810200272,0.009952239879332025,60.09855376013671,5.819218386934473E9,0.9951343468816471,1
100,0.6384420485963306,0.009928995372490677,61.3523807569218,1.3097718577275192E10,0.18938640359087988,1
100,0.6537771052520958,0.08441755513760509,41.1526935218807,1.1747576403897537E10,0.3388104283906418,2
100,0.5517554135927134,0.1,62.76781984139633,9.225606795869413E9,0.6017975460794339,1
100,0.377181169991285,0.009930993900972244,59.121824958441096,6.285873259895566E9,0.613243785906922,1
100,0.6530148612861524,0.08309273194253225,57.03784934077191,1.107730304778289E10,0.39584905521038954,1
100,0.14762655785729695,0.010244523361482816,62.5238372882738,5.803813371308436E9,1.0711061211410977,1
