evolution$generation,alpha,beta,tsteps,popfit,indicsfit,evolution$samples
200,1.347900986071684,0.0346776552963336,29.4351629399363,4.8623691170382276E7,1.0921882698871563,4
200,10.0,0.07309818133471367,27.630890230008823,4.8623691170382276E7,1.0921882698871563,4
200,0.25627234437002283,0.04060902022685969,1.0,4.8623691170382276E7,1.0921882698871563,4
200,2.71795908714233,0.09635069998765516,28.203537799605947,4.8623691170382276E7,1.0921882698871563,4
