evolution$generation,alpha,beta,tsteps,popfit,indicsfit,evolution$samples
100,4.076252812612136,0.1,80.20161406813011,8.59795075136993E8,1.3600878636057716,1
100,4.598794272524312,0.08269961969154427,1.0,1.3994243693174593E9,1.3434751587593812,4
100,1.9731428805616902,0.05897189329256891,4.324480667974218,8.691920668510618E8,0.9923046487491076,1
100,4.43378543061921,0.08260966919713676,1.0,1.3924442877282138E9,1.3423048189481859,3
100,4.206522159955632,0.06604228331184858,75.1668731540008,9.233193859599506E8,1.4318547695293407,3
100,4.8704926577606,0.1,72.65579370589002,8.602153384971313E8,1.360190529245151,2
100,4.206898658652176,0.0660199738199439,80.23111003780267,9.23096513821626E8,1.431858242590582,3
