evolution$generation,alpha,beta,tsteps,popfit,indicsfit,evolution$samples
200,1.9731428805616902,0.05897189329256891,4.324480667974218,8.691920668510618E8,0.9923046487491076,1
200,6.516550435542477,0.06687151184716925,1.0,1.563604774837769E9,1.4024084697080939,5
200,0.0,0.1,1.454956700890751,6.498734058335332E8,1.0272472871747946,1
200,7.026390578564272,0.06317533190895118,5.167422812627637,1.93946142200909E9,1.0042076431245164,2
200,4.598794272524312,0.08269961969154427,1.0,1.3994243693174593E9,1.3434751587593812,4
200,1.3585761888777206,0.06641460601332218,1.0,1.2154521123448918E9,1.329602445715909,3
200,0.0,0.09999999999999999,1.259656513061092,6.501479774947627E8,1.0343208974273934,2
200,4.076252812612136,0.1,80.20161406813011,8.598074342466521E8,1.36012410003817,4
