evolution$generation,alpha,beta,tsteps,popfit,indicsfit,evolution$samples
100,8.239231828676523,0.093423116879907,2.321853222042847,1.7432103259336817E9,1.6346528031539227,1
100,0.0,0.1,69.12566480448503,1.373361301643779E9,2.232862591695212,1
100,7.157590341575539,0.09160194888267481,18.579716592411017,1.4573819086498225E9,2.3759540336665,4
100,0.0,0.06892352869552225,8.081507238050245,1.587106778307122E9,2.2066033022875855,2
100,0.0,0.0988321706393296,3.9669894791366316,1.3805170440231912E9,2.0729566858719926,1
100,3.183719866011967,0.09542625615777016,84.62013377732131,1.4071816162437017E9,2.3553408419254507,3
100,3.3827076207397218,0.1,83.42088874529131,1.3784206554935555E9,2.335749963023253,2
