evolution$generation,alpha,beta,tsteps,popfit,indicsfit,evolution$samples
100,0.9313204852195689,0.0671653592697745,94.49696558085085,9.628816384937518E10,0.7814756876932462,2
100,9.244210768101997,0.07982510548954798,37.91683163878419,1.0001218977375023E12,2.680457504544072,3
100,0.725481593688288,0.009350593281812095,81.8468639509056,2.8431207942106514E10,1.4468980101880915,2
100,0.0,0.029792226849023662,86.69616199164251,8.561962129950374E10,1.3391108782662018,1
100,0.9318783199491263,0.06725943870879406,94.65567810639926,9.67481155978095E10,0.7789788155237135,1
100,0.0,0.0,83.36751348156534,2.7984245755601177E10,1.888165033001229,1
100,0.0,0.020335110710992657,85.9862830057611,6.825159769036605E10,1.4201683558325418,1
100,0.8854171415213112,0.056607135379682316,94.39142151522222,8.765647725860452E10,0.8215115830193154,1
