evolution$generation,alpha,beta,tsteps,popfit,indicsfit,evolution$samples
200,1.430274219806973,0.09483626911966497,93.25122603548309,5.137913701709337E10,0.45733042688832387,1
200,0.016665715317839464,3.310685188021523E-4,6.9246675621943465,1.1306013454783112E10,1.9160044182446938,1
200,2.4390473646458855,0.06290142980357394,22.013862515815994,5.870049964531155E11,3.2651146583756816,5
200,1.481433902738328,0.051570792333858854,94.36300971411399,4.040471362982367E10,0.6011409588607426,2
200,1.2349134105216457,0.056687670374259494,84.98256520574594,4.2523971138117355E10,0.5618218460314962,1
200,1.2303104825360236,0.07529469412625112,23.68981784851106,2.569116244211965E10,0.7906927469362967,1
200,1.4504220877350407,0.04657244828804743,25.50551687403723,1.677576682255336E10,1.0147112426473868,1
200,1.1716216963596535,0.08173647347537918,26.84968717148429,3.0206292201305847E10,0.719031801221568,1
200,1.4533405794729168,0.04642965527096839,21.040647509549657,1.3984209919661406E10,1.1109486152687367,1
200,0.0,0.003013655688357797,44.44803825309414,1.247893952621986E10,1.8372618617033571,1
200,1.7922528450462298,0.01919540766544174,42.7122632555067,1.8332113335448997E10,1.3519755253395715,2
200,1.4533405794729168,0.04642965527096839,21.040180529063225,1.3974293368991558E10,1.1124754736960436,1
200,1.8002498661170097,0.018805330234012943,41.82504964012033,1.8662054690078358E10,1.386520040679028,3
200,1.4340949567417849,0.05156120035578882,94.36185878786104,4.066146919932572E10,0.589183584179418,1
200,0.004574811090929419,0.0072168122280266735,9.225899834027546,1.1767609469046806E10,1.885327951594197,1
200,1.42588284607746,0.051619833689741906,93.22844800907477,4.053645881362729E10,0.5896343751502615,1
200,0.9578577833386803,0.01906917116223536,59.83304356848484,1.9717784035809345E10,0.9493564570905615,1
200,0.0,0.008626947552217393,8.531261005649974,1.1983895300423565E10,1.9118212791863223,2
200,0.0,0.009630939472921617,9.285899213406777,1.2055145672814695E10,1.8808565243920763,1
200,0.0,3.057879702708824E-4,43.16959675042876,1.151996865384507E10,1.957025176017356,2
