evolution$generation,alpha,beta,tsteps,popfit,indicsfit,evolution$samples
100,0.2168185739154227,0.052323039665430573,78.21805823805565,4.7637284295975685E8,4.287798604983799,2
100,2.2055367356562394,0.09762686095546357,65.8885553743164,1.192508538977013E10,1.2230265648560652,4
100,0.41930863590540435,0.011030926655358934,38.649118169683966,4.865506091842692E8,5.851266533768547,3
100,3.7546342674104305,0.0910408983098454,95.22066983722996,1.0927510596264305E10,1.2692300741557068,2
100,2.2055367356562394,0.09763653367350222,65.8885553743164,1.0976655793702137E10,1.2625614150539435,1
100,1.471169030162911,0.06872834314899123,100.0,6.253998773922108E8,1.5893112510587608,1
100,0.0,0.05196538087674682,78.18672756889072,4.791874925719598E8,4.2637136064260535,1
100,10.0,0.1,79.2035259367203,1.0807694308892063E10,1.379153668083185,1
