evolution$generation,alpha,beta,tsteps,popfit,indicsfit,evolution$samples
200,1.2485627087783664,0.059763009416208136,20.432947883792163,3.793763986604224E10,1.4841686211172698,1
200,1.161578325307367,0.08677401421704986,87.52491945363624,6.105165590429332E10,0.45177449143327536,1
200,5.8967992001153675,0.07464442947000587,75.79533776366897,2.7949177603950653E11,2.3088476454391675,5
200,1.2603482370295984,0.06515750731658163,26.87737924115694,4.1980976638966354E10,1.1345921426686787,1
200,0.8039890481344547,0.050262051411622634,56.15933988326328,5.231189796892877E10,0.6612056555065582,4
200,0.8239413270921427,0.07091570583995298,37.54183799764737,5.139966517255319E10,0.6870655354268679,1
200,1.3916223111587818,0.05721411692255786,20.18179027929402,4.324070706093384E10,1.6874391883406261,2
200,1.0092386597414689,0.08677960399855927,52.96658452482941,5.6835260630210365E10,0.5443459838367123,1
200,1.2636354796416294,0.08665903880394375,73.78154742780552,5.865783007980273E10,0.5296525363374853,2
200,1.043072167316105,0.06902957161639282,39.54054116050556,4.936897237037474E10,0.7712245500595363,3
200,1.2298550595395468,0.02349805200328748,87.17459333483686,4.342256611396055E10,1.0230545138074911,1
200,0.8167499840826481,0.07059622906808893,60.72854444176762,5.815406421994559E10,0.5210875764767253,1
