evolution$generation,alpha,beta,tsteps,popfit,indicsfit,evolution$samples
900,6.402225555020065,0.1,1.0,4.921382192691951E8,1.3524856276737944,11
