evolution$generation,alpha,beta,tsteps,popfit,indicsfit,evolution$samples
100,0.2838861650834401,0.02371756035237582,16.5547004984833,2.7238528617479897E8,1.6172194039815346,3
100,0.41893824161719523,0.015694508345082583,16.69131067765203,1.8039469625334916E8,3.0223787706791923,1
100,0.3325632810130858,0.023560621067713658,16.508814700234524,2.576794916910386E8,2.1252728364176443,1
100,0.0,0.08414475483307242,1.0,2.5173061724528083E8,2.196730996954073,1
100,0.0,0.01437982986888268,67.48804950774758,6.192755505247025E8,1.582311602939805,2
100,0.25325882211826245,0.02265563056826237,15.937412737924781,2.721397082960105E8,1.470459808636875,1
100,0.33424314414691786,0.023585896513393906,16.50806170856145,2.5649202378609696E8,2.1938270399959308,1
100,0.613312675083208,0.024608349733355687,2.0377327687725937,7.64353665168257E7,4.072500085379737,1
100,0.2650483338151538,0.020648220118677767,60.42956260843135,6.419277822992032E8,1.2656895736267555,1
