evolution$generation,alpha,beta,tsteps,popfit,indicsfit,evolution$samples
900,9.341266409364085,0.08434217381293918,8.015967537018225,2.1538495496285837E7,1.296550870306607,8
900,0.8840078638772608,0.04321659180655793,73.51816430462961,2.1538495496285837E7,1.296550870306607,8
