evolution$generation,alpha,beta,tsteps,popfit,indicsfit,evolution$samples
100,4.546848958490626,0.07394181548153754,69.33819421107148,2.1538495496285837E7,1.296550870306607,3
100,9.341266409364085,0.08434217381293918,8.015967537018225,2.1538495496285837E7,1.296550870306607,3
