evolution$generation,alpha,beta,tsteps,popfit,indicsfit,evolution$samples
100,0.26128247044858277,0.07792529023439172,11.194337673584037,3.631038861358286E9,1.7349045016208258,3
100,7.88643349713539,0.047231548583607036,96.17933250149905,3.3054271949649357E10,1.3736139535811633,3
100,0.0,0.0,60.67053673547414,1.5162985808804207E9,2.676083481027097,1
100,0.3782383820158658,0.009046686689376698,65.78061123129216,2.360906645173072E9,1.6677525622843166,2
100,0.6989701577900893,0.02170239207474632,58.2260898889227,3.95994380607975E9,0.9714936213424967,1
100,0.0897014089116808,0.0,50.80564067462437,1.8412940587569666E9,2.4816371019013608,1
100,0.15717736212288114,0.0,32.24900275990157,1.8441179358448124E9,2.396598615384344,1
