evolution$generation,alpha,beta,tsteps,popfit,indicsfit,evolution$samples
200,0.9503805308885915,0.08360390537798934,100.0,1.3107105167610376E9,2.1471451209471217,6
200,1.0994150205512359,0.09429694579717099,9.923113533029955,1.1619201027025852E9,0.6411962756303181,1
200,1.2653958189268053,0.08254420237737288,42.52892023182831,3.029569445289642E9,0.1776739788373656,1
200,1.08227423434919,0.09273051789948077,17.311443860975153,1.7804355302489595E9,0.32954873809126795,2
200,1.039362018482258,0.08278097746809615,24.536823701024932,2.164407960500409E9,0.24871177028488922,2
200,1.0957304159868229,0.08280694490556328,28.42703291094257,2.3743176857769976E9,0.21793885854831144,1
200,1.0983910526398772,0.09224348354443668,10.93318318982884,1.2382619563416092E9,0.5754612166415062,1
200,1.2265574789244136,0.07971866698345267,32.24479084553156,2.493505668037627E9,0.19727739264688346,1
200,0.003591726009846163,0.04593652686790377,38.03588308668072,2.212328640875003E9,0.6771571571045666,3
200,0.050713550383636744,0.1,100.0,1.284285138052825E9,2.0732414863700406,2
200,1.083663534575943,0.08275928247205967,29.96737178281471,2.4746554275721345E9,0.20970070581108882,1
200,0.0,0.08400474441270994,94.9325973272965,1.3082753848140702E9,1.8946840151574642,2
200,0.10532537245792248,0.09877911848335977,99.80216373165604,1.2860259614559965E9,2.078573452461674,4
200,0.4357582340427403,0.1,85.02328976925281,1.2851146219636483E9,2.0752261331325412,3
