evolution$generation,alpha,beta,tsteps,popfit,indicsfit,evolution$samples
300,8.372021354617418,0.03348585174881471,58.40837962911999,1.2936937837453838E11,3.396696376366633,7
300,1.3240532414686568,0.09657307319801073,96.85292887101156,8.855060356207479E8,0.03565775856135868,1
300,0.5611162246486544,0.07575336615118729,6.435484117499642,2.1315407873686394E8,0.5894688220784284,1
300,3.042531677713025,0.054269280084815574,88.90359352410708,3.4332455150240097E10,1.8813558943060238,6
300,0.021708629151824255,0.030176302224375996,75.3957537041535,5.2160942289516187E8,1.754674978922099,4
300,1.1444153655545939,0.09142509999012949,85.80156479241062,8.014238432495338E8,0.038187618441023044,1
300,0.3717589446855828,0.08993850034658837,7.871788139296614,2.5068647171000487E8,1.0932487745208364,2
300,0.8402996641978994,0.08869800284605019,73.01429432886522,6.836575349308419E8,0.11919214777263376,1
300,1.2465208421268374,0.1,86.2062658843625,8.460691854399335E8,0.036992132920357614,1
300,0.5154382208882378,0.09074183683696031,11.531437771950232,2.753689794257363E8,0.7106420208924018,2
300,0.6590646407936213,0.09290075496451398,15.394701971184986,3.315972504666191E8,0.3483937008585465,1
300,0.6791973117976389,0.02866185283608282,72.75238707134383,3.8303677906794417E8,0.3118806737161965,1
300,0.0,0.01965257443370634,100.0,5.096089826025971E8,1.778441451742367,3
300,0.010357208112831131,0.08572283941304704,24.775252593644378,5.1159436032286763E8,1.7627690057987975,4
300,0.9211928831892755,0.08978208505684931,72.69604118478367,7.058405849087908E8,0.06432503596244182,2
300,0.6810254908225357,0.03006965383450368,72.74928546813915,3.9064785967201394E8,0.31022467091843703,2
300,0.90072564599014,0.094339041156829,88.2587336637971,7.587088693114398E8,0.09738172623122585,3
300,1.0503061928776123,0.07752762583833087,91.56383518483867,7.569665257425659E8,0.041469925940834436,1
