evolution$generation,alpha,beta,tsteps,popfit,indicsfit,evolution$samples
100,7.162728583090003,0.08392326624379015,49.767268170551404,7.505762845544386E8,1.488079652859917,5
100,6.238594170885334,0.04219226528983322,85.19710214969744,6.444073763517905E8,1.650852070539119,4
100,8.36430372117928,0.05565889769326707,72.82758103530261,6.776366357145083E8,1.5890051564543322,2
100,1.0017876623776978,0.027016160709081374,24.707459041221593,2.6269276266758156E9,0.7609221609198953,2
100,2.3137229124732284,0.04630905926459927,5.049326111885921,1.2356906015083935E9,1.2378307342073047,2
100,1.880371069129041,0.029290450501863387,5.752282948116985,6.85985400616292E8,1.2943699440244054,2
100,1.2148871775332348,0.05068678326881455,48.51184023424766,1.0866117605234898E10,0.41763364627317306,2
100,6.365253224482687,0.04194125007440333,86.15000765630178,6.437998010735811E8,1.652248902120649,3
100,1.5567849284549196,0.050020192844533296,67.00029878521126,1.3098301456880531E10,0.4078101636341831,1
100,0.9970663570709876,0.027119378670319896,27.093221076592446,2.980491792667456E9,0.7296486787363331,1
100,6.60746041947869,0.041999333025838095,86.48945987402199,6.43992580053503E8,1.6520713540729894,2
100,1.2001400908761073,0.03498235133460081,28.01395550097337,4.3816497903060665E9,0.6337742859237541,1
100,1.6030172185214078,0.044705298198940716,67.83319391557225,1.2317661477920507E10,0.41734476989176156,1
100,0.9054861629406835,0.04009083807145484,6.023177897632459,5.950748990379976E8,1.110924727996148,1
100,1.00754229100779,0.013405128012725207,22.100269555622337,7.23097037247238E8,1.0751321694611082,1
100,1.5521417405963478,0.04999339052673409,66.99604186897119,1.3105725907046076E10,0.4072969907310314,1
