evolution$generation,alpha,beta,tsteps,popfit,indicsfit,evolution$samples
400,5.153182313658959,0.0021347003497004247,93.68045799783091,3.3078803083491225E9,0.8533401399273055,5
400,1.7819902794701665,0.05601463232098695,73.80923312263332,3.3078803083491225E9,0.8533401399273055,5
400,5.11686298657354,0.0,93.89033382592879,3.3078803083491225E9,0.8533401399273055,5
