evolution$generation,alpha,beta,tsteps,popfit,indicsfit,evolution$samples
400,7.381509873603064,0.035435104768139644,65.16938613943447,1.1110519668345815E8,0.8744795998838427,6
400,5.8696722366021525,0.054660296833034305,55.19953589029738,1.1110519668345815E8,0.8744795998838427,6
