evolution$generation,alpha,beta,tsteps,popfit,indicsfit,evolution$samples
900,5.8696722366021525,0.054660296833034305,55.19953589029738,1.1110519668345815E8,0.8744795998838427,9
