evolution$generation,alpha,beta,tsteps,popfit,indicsfit,evolution$samples
100,0.27940859487861625,0.05945560222601825,23.216848879964914,1.3917151104673393E9,0.7506294387095329,3
100,2.894309915797477,0.08604991276618822,75.78154916360602,1.4385385320225079E10,0.04590918375539184,4
100,0.019679357954938137,0.01230656305422735,95.69425279407251,1.3549188659057305E9,1.0759558106793436,2
100,0.8073632797146035,0.07616725273488018,25.505318314956114,1.86489028491998E9,0.1375676825813519,3
100,0.27861560470748786,0.05945560222601825,23.221400169553092,1.3893372017492828E9,0.7538660569562529,2
100,2.8943099157974768,0.08604991276618822,75.78154916360602,1.4347525354799126E10,0.04569549129603465,3
100,0.9682663893483706,0.046297514957325404,27.931794246733933,2.1679491416069694E9,0.0968343179066047,1
100,9.051812482733038,0.0894422333625981,93.79848701387343,1.3673054120439827E10,0.055924175066654196,1
100,10.0,0.1,100.0,1.1140382011229483E10,0.07025357616013514,2
100,0.6926515090859686,0.07812717649338365,15.935935034766908,1.5759787911789823E9,0.13300750796689573,1
100,9.26334789634247,0.1,100.0,1.1138995742182753E10,0.07026936372815547,1
100,10.0,0.1,90.1327447624632,1.2497468874275126E10,0.05844936295524316,1
100,9.239462540276463,0.1,99.99999673670173,1.113834110752293E10,0.07027511006378599,1
100,0.161553555594251,0.05012663468768133,25.307330124173028,1.361821387915202E9,0.9060387838698131,1
100,10.0,0.09000720992022655,100.0,1.2665634934589996E10,0.05815444337698716,1
100,9.20049059384619,0.09795282106297623,100.0,1.1439858522653643E10,0.06731469104634898,1
100,9.942133631303804,0.1,100.0,1.1140287123176395E10,0.07025323686186062,1
