evolution$generation,alpha,beta,tsteps,popfit,indicsfit,evolution$samples
800,2.0688725914831263,0.061862957081317664,59.82336993697079,3.4369388744068257E12,5.90726225297241,9
