evolution$generation,alpha,beta,tsteps,popfit,indicsfit,evolution$samples
100,0.9967184791899131,0.0705034754822548,44.450030231564135,1.4478755225387222E10,0.5981296758106944,2
100,5.032047293770909,0.027930336890522163,43.707541370109034,5.5205960980225464E10,2.174204250365107,4
100,0.8286112185585193,0.07208945791810613,91.89777988303928,2.408326635885864E10,0.35436337403848894,1
100,3.705154372270143,0.07552365109104942,72.69931367344171,1.6636230672358704E10,0.6523362751728181,3
100,2.259612034597067,0.09047466349572708,78.8381782521843,2.0200095862179836E10,0.4416249304028958,2
100,3.1659758682220964,0.06881727926309134,31.373446706707433,1.2060528356624435E10,1.0648684980818315,3
100,1.2492740152640454,0.06988212508359767,44.48935699321929,1.351558703495656E10,0.6548025976532613,1
100,2.653353970500681,0.06676360200641439,31.589365681138805,1.0474299485372925E10,1.0150645518766095,2
100,1.0525636653813675,0.09061699626470253,84.8077764732836,2.4781309310882004E10,0.33237057042207696,1
100,2.3990557739998746,0.06888454469470466,30.87138307238327,9.98378339067202E9,0.9820769943111645,1
100,2.2546342556479297,0.02500210402055052,98.45521325972707,1.0476413783565022E10,0.9124824037769309,1
100,1.099950962102165,0.0639121049259989,42.86985105614404,1.2774805558271152E10,0.672581422906545,1
100,2.1255061711264314,0.056491064743027855,40.418047487197875,1.0093557696824844E10,0.919458804015443,1
100,2.2464511583449283,0.09194928968211707,76.78491172171731,2.0128205205498283E10,0.44359261050008125,1
100,1.2997092992785153,0.07036896774916032,17.825054668042533,6.283359034050265E9,1.0741308594676806,1
100,1.9917333877100187,0.026119931152957215,100.0,1.0786172126280413E10,0.8515007598564925,1
100,2.6370259155565328,0.07737803166439594,71.50529221531723,1.6931167289644794E10,0.5658397109678455,1
100,1.621177772871905,0.06424684855417988,43.75984991083967,1.1745290852384598E10,0.7594202672717666,1
