evolution$generation,alpha,beta,tsteps,popfit,indicsfit,evolution$samples
100,2.4581455514990247,0.005908405710448372,60.75574239869547,5.987302951992892E8,1.626792672352589,3
100,2.84342922831339,0.0774316458234293,25.339056519094733,1.4835098359264176E9,0.9790093408982811,4
100,2.45740919994214,0.01167221426656109,58.06901077647642,6.13168369226322E8,1.36880560012603,1
100,2.742024629916086,0.07671144154895496,25.89055201387958,1.3810581028072467E9,0.9536122170201123,3
100,2.157079681264177,0.06376969063430796,50.80708433288052,1.2153266254259305E9,0.7052667891731469,1
100,1.0512560622391989,0.08190522928352152,18.943581441382374,6.616436900816598E8,0.8501622602395098,1
100,2.4328907916829055,0.02670685997954619,8.691802650411656,5.624340018660033E8,1.766852910666881,1
100,0.5954274210387245,0.0694133468191628,87.73093491020985,2.341381901996587E9,0.567456730419963,1
