evolution$generation,alpha,beta,tsteps,popfit,indicsfit,evolution$samples
100,2.536075766336845,0.0307201985632225,87.19155349937589,4.464427273475792E9,0.8034676063827204,2
100,0.7275641763530194,0.02314882350439469,65.4824300083337,2.9189115663013554E9,0.8057572489387097,3
100,3.489833840052745,0.05106586843198213,94.89122480103505,5.473263348411955E9,0.7131470180759243,2
100,3.485511395903354,0.05064163732082194,94.938336188472,5.4672703068980875E9,0.7143139089731327,2
100,1.3846941093380223,0.040219434789502684,71.58324877020391,3.806751650351384E9,0.7160211828045492,1
100,3.532003727000747,0.05382629693753167,91.40948782963868,5.513625246113024E9,0.7119797186260919,1
100,3.474285820859495,0.05063772182417902,94.98238232186856,5.460046315808588E9,0.7139049482207427,1
100,3.475211413540496,0.050771926096084746,94.36969969744467,5.446207220428256E9,0.7141493835095863,1
100,3.475948573474181,0.050553078141340246,94.14681747735919,5.439845131962358E9,0.7154701196250272,1
100,0.10504327732323127,0.025821181757457047,59.3347786951942,2.867347299270602E9,1.1078397718311301,1
