evolution$generation,alpha,beta,tsteps,popfit,indicsfit,evolution$samples
400,0.4829806253149883,0.008761768986374872,38.95107376420695,3.764926045889718E8,0.279857330978205,2
400,1.764902434236109,0.09743194504054008,100.0,1.6825819626611152E9,0.045365502392118486,1
400,2.482599309670207,0.046593569998119956,92.71563681673985,2.9976137626889796E9,0.17934375478756484,5
400,1.1613896489441866,0.04368055997504261,99.25725894364443,1.2278624862799842E9,0.047244646178904,1
400,1.0869353817095133,0.04798714577840961,100.0,1.2328674957228353E9,0.04747511766456357,2
400,0.9235944916592898,0.03337911650815266,53.48921229962729,8.211403166989721E8,0.06804820001987415,1
400,0.8617625050549942,0.028006339163219582,51.62057398841796,7.366322194726434E8,0.076683680690557,2
400,0.71177745234204,0.018894833708410344,41.776438282063495,5.1757961520091546E8,0.1155531247075019,1
400,1.3133722129198215,0.08786694249444736,57.28006493312354,1.346879824390763E9,0.048283340157834406,3
400,0.7384400928823942,0.021803583228929464,39.98672302624547,5.439506637888317E8,0.10801721825154319,3
400,0.7402795415985074,0.019835647309544336,51.078452434893855,5.677854107838861E8,0.10007035793827276,1
400,0.7664363025136947,0.02467685630767626,43.38454175238221,5.999212922186584E8,0.09438671741397889,2
400,0.4886405317501532,0.008535062734459085,53.21458436113412,3.969769414663683E8,0.2725812478454915,2
400,1.724306796977992,0.05700766829728902,100.0,1.6779181454466352E9,0.07518547280533036,4
400,0.8759788945285772,0.024915292356707832,52.59894646031955,7.047807989013249E8,0.08414011983482803,1
400,0.7811274369573841,0.021899031458938272,51.34609101394265,6.218971970016184E8,0.09104841644090811,1
400,0.5355238738725355,0.0,71.45049557807988,4.666397768872562E8,0.4312081654517675,3
400,0.48652723625767774,0.007450387907486304,53.24709679785358,3.869637760378108E8,0.27923601031943,1
400,0.6691434136210133,0.0,51.82501469918153,5.900629609878871E8,0.29207443644854036,4
400,0.5285829940037075,0.008622128799383507,62.88623856210399,4.0840327914143413E8,0.22888592031943814,1
400,0.7681814147418796,0.021909983727825214,46.18073394366698,5.879167515562761E8,0.09724083402035796,1
400,0.3122512051615529,0.0034016171923026356,53.36425779012939,4.361474010383222E8,0.5296562792895416,4
400,0.5268761589788409,0.013314274919162006,52.81545228844066,4.4500191482879746E8,0.22637890847903397,1
