evolution$generation,alpha,beta,tsteps,popfit,indicsfit,evolution$samples
100,0.24915860963871994,0.031437475295165454,18.95342346053642,6.101476931218706E10,1.4887791721504915,3
100,0.40906026436800574,0.06280038797578397,40.72553131629156,8.821682164720486E10,1.1037553515705214,3
100,1.5724008529314197,0.06815873799248136,50.106015507658704,6.996003371836385E10,0.9890498758552757,2
100,0.4777701614727382,0.006218211220075032,21.469510175832884,3.116651186831092E10,1.2289515340508699,1
