evolution$generation,alpha,beta,tsteps,popfit,indicsfit,evolution$samples
500,7.015670973856796,0.07344123573567522,54.13420927981341,9.562351565542424E8,2.015818818268214,8
