evolution$generation,alpha,beta,tsteps,popfit,indicsfit,evolution$samples
1000,5.965243067997936,0.08892124092763659,64.90632056117676,9.562351565542424E8,2.015818818268214,13
