evolution$generation,alpha,beta,tsteps,popfit,indicsfit,evolution$samples
800,10.0,0.08300450712673224,16.159623984440135,9.350355201549822E7,1.242300182223415,8
