evolution$generation,alpha,beta,tsteps,popfit,indicsfit,evolution$samples
200,5.475386623079417,0.05392857460445453,96.02229925789324,2.120778827534721E9,2.266350044090782,6
200,0.4676361955367853,0.04012169615306413,7.274473555700058,2.8469459645449466E8,1.1726264559208264,1
200,0.6323778870993899,0.06815838896460615,85.11047115814007,4.987648039896025E8,0.09741963277035114,1
200,0.1964870844687043,0.03943789699545464,7.840152731966359,3.2738179048228836E8,1.4297635447463293,2
200,0.5005801418794456,0.08983815694969566,13.302395181596479,3.44325251921199E8,0.28710473975187417,1
200,0.5016639240361492,0.04140997025718505,13.326644090879848,2.929715589272191E8,0.6134585603573085,1
200,0.0,0.07404091502157184,98.58080350012304,5.950260443487579E8,1.7491909013344158,3
200,1.5900029740318955,0.0570708958897888,82.16996751128063,5.09626237473197E8,1.0786121651692708,2
200,0.9966061951726568,0.08322372315834947,100.0,5.2025972401131E8,0.39884071414131256,2
200,0.4864864469021654,0.04160364609096236,9.167910391880863,2.857496467844761E8,0.9991756951201399,1
200,0.5217595973754108,0.039501053557744026,7.525392175389801,2.8707811746392965E8,1.7555881402468014,3
200,0.4563762670723079,0.04033523766473433,8.622892207334381,2.8623954592439574E8,0.9213365212046033,1
