evolution$generation,alpha,beta,tsteps,popfit,indicsfit,evolution$samples
600,0.6947341618153602,0.022467415046860784,13.885856755083742,6.87405630020341E7,1.191443164002724,6
600,6.1814477173771865,0.08001309679024249,1.0803151265331672,6.87405630020341E7,1.191443164002724,6
