evolution$generation,alpha,beta,tsteps,popfit,indicsfit,evolution$samples
100,0.13487999842576093,0.0227863472156294,50.737612640053804,1.7054506266382095E10,1.2116653581581958,5
100,0.9240196345593499,0.08373638197947822,8.66624338559671,6.347148797700647E9,0.9504870958595226,4
100,1.7154562002763751,0.0817558898973506,80.61390304194505,3.4653241918953E10,0.7118841373062793,3
100,0.787949231111853,0.08722104857703694,1.5269513488124766,1.4579256148553023E9,1.1191146655809334,1
100,1.4891820380896004,0.05538631303329316,45.28814426394285,2.0050938990445873E10,0.8191007897065407,3
100,1.4115759590843346,0.010350382330121068,48.26863594014271,2.622746458932619E9,1.0752563232503156,4
100,1.4115759590843346,0.010350382330121068,69.37554175307324,4.417036958187064E9,1.0159106621661327,1
100,1.1564703773660345,0.06112582676987029,45.204436615572675,2.2710506601793633E10,0.7819223418124771,1
100,1.7154562002763751,0.08176989024755303,80.61390304194505,3.465186306364521E10,0.7119575249183149,1
100,1.6098490826833511,0.016781651353613602,48.448292218277075,5.148781482490589E9,1.0184659580430937,2
100,0.9237001632615802,0.08371814073001448,8.29841273039808,6.21440636291257E9,0.9504443566477199,1
100,1.1209732723739851,0.1,28.747475120902862,2.3845515691074562E10,0.7725912681699834,1
100,1.4840118737916645,0.04816679641713134,45.3847257570637,1.779872803573137E10,0.8389160810938698,1
100,1.181994901613839,0.05997843781039021,44.85591939046962,2.2008187364948837E10,0.7884122322648002,1
100,0.97527258627846,0.06115681023716377,45.088114010058504,2.353316980846208E10,0.7745324672430332,1
100,1.3945364667595208,0.03205737125268643,77.21242528979545,1.9695763654002987E10,0.8169643227168344,1
100,1.0978589879381424,0.1,26.041281232096956,2.231425687473547E10,0.7839847636089439,1
100,0.5811387712797595,0.0783407175471276,2.448299907724585,2.7488051083386436E9,1.069699836323696,1
100,1.684880383438092,0.0818127229784636,94.8790792826965,3.707950813227095E10,0.6928533107439551,1
100,1.3955565108005774,0.08122125983898101,80.60979969090694,3.529461561220078E10,0.6964362775706247,1
