evolution$generation,alpha,beta,tsteps,popfit,indicsfit,evolution$samples
500,1.9817990760929607,0.07393393580838725,1.0,6.149402516545379E8,0.9876882787767978,5
500,6.680246958457163,0.0820758785600472,1.4589288179524431,6.149402516545379E8,0.9876882787767978,5
500,10.0,0.1,100.0,6.149402516545379E8,0.9876882787767978,5
500,8.790308711673802,0.013970309403355176,14.956944721001134,6.149402516545379E8,0.9876882787767978,5
500,6.044934997386737,0.07039252603460149,21.658590128620602,6.149402516545379E8,0.9876882787767978,5
500,5.992139727108525,0.07070160701272814,21.504514646848932,6.149402516545379E8,0.9876882787767978,5
