evolution$generation,alpha,beta,tsteps,popfit,indicsfit,evolution$samples
100,8.554549915758564,0.012012706697848508,11.803453648901003,1.3292746513119958E8,1.115958562608006,5
