evolution$generation,alpha,beta,tsteps,popfit,indicsfit,evolution$samples
100,1.6835525350855984,0.0910115381126974,51.99767092100895,1.2426416164479551E9,0.9138339602057051,2
100,0.17916585758354092,0.07406240716905717,1.0,2.727341824879412E8,1.069113192462826,1
100,6.244263639619354,0.09259038728626329,46.87095623799068,8.829778642527473E9,2.078602260001907,5
100,0.184876649622495,0.05582295683112838,7.817117491402366,3.6210801869768125E8,1.028243719992256,1
100,2.8891634841883107,0.05155386331786782,91.37196988470761,1.9677846308682523E9,1.1300358411712486,4
100,1.6802483331296427,0.09144610513755275,51.2377566698838,1.2372912567055478E9,0.9189145366625633,1
100,0.17694416547414582,0.04994923716190491,26.929444198653755,7.531298935343713E8,0.9876973448603187,3
100,0.18482125647287323,0.05576404291895316,7.837009848173135,3.789691917871121E8,1.0578501353814238,3
100,0.18826534689792143,0.055279704629594896,7.919471766521958,3.7507301483246803E8,1.0513698395562596,2
100,0.18679049095156247,0.04882138715492267,28.129824520154408,7.65342072131819E8,0.9795074988769802,1
