evolution$generation,alpha,beta,tsteps,popfit,indicsfit,evolution$samples
100,0.31230296361607346,0.0098158380909257,23.43852650733674,1.5973243693022987E10,1.1902250618896617,2
100,1.5356055823235493,0.02935890334372351,59.626782178244795,2.1201877329823387E10,0.4422004688674255,1
100,1.502529841533189,0.03938282875876978,51.97556381381373,2.5414137777089508E10,0.3677678854168031,3
100,1.5255236378478871,0.03928056442462327,53.63610586554957,2.6015000900723415E10,0.3621268625490792,3
100,1.417784562562635,0.039034433452548985,53.864413982288674,2.703676392080781E10,0.33729862249743514,1
100,1.57528979911963,0.086410017707099,21.077817267267573,2.2946943416929882E10,0.417302453884617,2
100,1.440098844386236,0.04058686513008116,52.670396668912865,2.723966553937842E10,0.3360825949996775,1
