evolution$generation,alpha,beta,tsteps,popfit,indicsfit,evolution$samples
200,1.1939298276970156,0.03638698583625168,65.1296682631002,2.239255482182994E9,0.7340651895700283,5
200,1.1556395768019168,0.012980125714573977,65.25292509002804,9.771408096060367E8,1.66646750012807,1
200,0.6024915925373887,0.060430158546960926,65.33647087182919,3.665355231278338E9,0.22676326646249897,1
200,2.7633191988161094,0.0689688568442847,76.04305638203174,2.630299024150194E9,0.5269113258866487,2
200,1.5315705406082116,0.1,21.685774083441217,1.8296178161857986E9,0.8593870740300446,1
200,0.0,0.1,1.0,1.4454455402643795E9,2.2030302228094722,2
200,1.2044423481859976,0.03630357116566662,66.82076165300315,2.284751006805169E9,0.7161941243761256,4
200,1.7768905926883,0.027836171784738663,65.2916793133512,1.1895360848542433E9,1.1885239151724265,1
200,2.3142429337655206,0.05435210255317912,64.4028344024313,1.9572024507875316E9,0.7300340364830683,1
200,2.3065078252855926,0.055555683642497966,64.98819643413398,2.0524646694085214E9,0.6775992526781426,2
200,3.08536697647205,0.08043821675020138,77.29352800859093,2.8887860039356275E9,0.5200711076929652,1
200,0.5937048344923788,0.048324911082413144,76.79808728621052,3.5667757112103047E9,0.23350519086310906,1
200,2.5292471794061426,0.08695915154183942,67.26480686814214,3.3074519991978292E9,0.332738895360849,1
200,1.2826619470835243,0.03515266634156344,65.97835356674443,2.123876336943317E9,0.7647034160483891,4
200,1.9366238438753578,0.0898092013585194,33.815882253718016,2.1734185713844223E9,0.6600206114286202,1
200,2.7999768734992148,0.07593908220123259,76.0425600486563,2.9020301902812533E9,0.423150079390748,1
200,2.8241816642581563,0.07668150311882056,76.06208579403986,2.907174791556772E9,0.42503960498428306,3
200,0.9605384199227138,0.05618483795070539,65.06905161138322,3.265543645790092E9,0.421946477347884,1
