evolution$generation,alpha,beta,tsteps,popfit,indicsfit,evolution$samples
300,1.779636598962466,0.081247343048585,100.0,2.4432112865925927E9,0.5932869897945358,1
300,0.7186302547707778,0.012368345024052096,88.80241691384504,7.41211911596769E8,0.8745414021438723,1
300,1.6513245232991847,0.026135107290344406,86.72253470209519,1.78838148207963E9,0.818661313849357,4
300,0.873614016034566,0.018874269518654587,100.0,1.0990831396704419E9,0.7793956735073265,1
300,0.994382584027057,0.030256522563586526,39.11468046062861,8.304614992136548E8,0.840980332225668,1
300,0.9446512791190564,0.029297964788190373,86.48774050311451,1.3570800320679307E9,0.7352237643128167,1
300,0.7067549851599433,0.019377644303671625,100.0,1.1845506298301387E9,0.8150729368259452,2
300,0.14300305419483378,0.027046719751987365,17.91824410202789,8.483562070297021E8,1.344033196784343,2
300,1.2076200055380826,0.03195753974871087,90.58188611774632,1.499102264775923E9,0.7209832748849107,1
300,1.220585277544418,0.03312383824401154,89.38941682610961,1.5180175619078453E9,0.7175962758826996,1
300,1.2197991530655559,0.0300319718955414,89.54916134686057,1.4450648310183709E9,0.7333739120930952,3
300,1.216286362486882,0.03298155623249694,89.39667857458468,1.5131967654258108E9,0.7177170999289642,1
300,1.3616411572788225,0.0636563415621477,59.24220006163799,1.7556282000975096E9,0.6909938682906851,1
300,1.2502763628523983,0.06768755049224526,49.36649737943293,1.633154001039915E9,0.69909560354204,1
300,1.309052560004647,0.06824160096126115,50.18952375897519,1.6718042972138798E9,0.70027175887233,2
300,1.331560898114498,0.06834548897917744,49.57171218002876,1.6691141917712145E9,0.7050064196190351,2
300,1.3683081550386924,0.062406861414804664,58.90243085771927,1.7358362488015163E9,0.6961449440129563,2
