evolution$generation,alpha,beta,tsteps,popfit,indicsfit,evolution$samples
100,1.4572763992504334,0.054219765217268456,1.8403744631048295,8.10240445034631E9,1.653291870612277,5
100,1.7901082765754062,0.0407476418339255,42.604484977489975,3.924723074749857E10,0.6830413671719616,3
100,1.6740133457733442,0.04868773081780367,16.885367532303732,1.5439955670499928E10,0.9553897841863301,2
100,2.803424501713827,0.07126166101657871,82.79504704569595,7.414289902004453E10,0.46613690719124734,3
100,1.9565797128769402,0.07200171008792502,65.01559527638123,7.081839589078522E10,0.4624274638105478,1
100,1.660160509803525,0.010313165025100091,30.979081341502035,7.671516137170614E9,1.4020442843310679,1
100,1.468672957699915,0.05355641942823999,14.52436742398988,1.6838072413767097E10,0.9153304680607662,1
100,1.9285712272626565,0.07113096206578803,76.64724120348244,7.527420519572185E10,0.42778799782575305,1
100,1.7860224004060723,0.042466338048934495,9.529805356263367,9.260320859446314E9,1.3420166716394415,2
100,1.0421566152866835,0.008732926914975575,39.43680416623522,9.518827290438711E9,1.1921301231649846,1
100,2.7030126639167507,0.07023670419221238,98.88886495211861,7.887817340399763E10,0.4227992419595857,1
100,1.522083299005492,0.053899485504482675,4.721039572972156,6.613041948365762E9,1.4102096678996259,1
100,1.0346644284213826,0.04644243197570646,7.688542357874618,9.995055539972044E9,1.1709829820803968,1
100,1.7588689324141442,0.07966565267179815,88.87839494461204,8.385955440409224E10,0.36924859403987564,1
100,2.4715180201120344,0.07176317490050761,77.39606565558213,7.35937412431225E10,0.4597290728414392,1
