evolution$generation,alpha,beta,tsteps,popfit,indicsfit,evolution$samples
100,1.242933944857767,0.041805420220032266,32.83842163084178,9.417518416787954E9,0.985545644501722,3
100,3.295684883208565,0.09005443624297778,78.40753060489914,1.9466673115654613E10,0.9801998046832584,3
100,0.6234689027591767,0.03316852454571321,83.04982391634452,6.567818189566418E9,0.8836845793526249,2
100,0.6707004347205383,0.04075883659408263,83.37566331016009,6.999932892471949E9,0.83320350367653,1
100,0.7201951344868476,0.0590924958534294,100.0,8.248212130642475E9,0.7529670300820908,1
100,0.8768773369855004,0.049368654515965844,43.3458382576536,6.731411489026562E9,0.8430464203780219,1
100,0.7240773181984234,0.059642666087442155,100.0,8.252926737357317E9,0.7502650629768857,1
