evolution$generation,alpha,beta,tsteps,popfit,indicsfit,evolution$samples
200,0.48197860331255504,0.1,41.66393670597847,2.496969707126715E9,0.6216300714045203,1
200,0.9092670040179597,0.0,75.0016683894023,1.6181483717055735E8,1.3579842181249902,1
200,6.177446076249529,0.09814519237838236,74.64053835225545,7.566167130404874E10,2.7944180040773166,5
200,0.8178525891291527,0.1,27.966463235249854,1.9762777402079635E9,0.8603454011434017,2
200,0.45500780865620766,0.0065054967491477225,52.09863758483133,5.063271938648029E8,1.042302403343465,1
200,0.31240835151933,0.006251010909171595,51.68928572095186,6.376751033001552E8,1.1464217296280133,3
200,0.6739035573018205,0.024603521337705655,100.0,1.842582886865705E9,0.7731366913503285,1
200,0.44258684772440116,0.007214722954104209,51.60049975437653,5.484540200951238E8,1.011997352447782,2
200,0.42927101632781184,0.007080154271093728,53.929285268440545,5.669548547008842E8,1.0092472816396387,1
200,0.32677149857536447,0.00684826980412916,52.25389636891102,6.522697066059345E8,1.1138327845132143,4
