evolution$generation,alpha,beta,tsteps,popfit,indicsfit,evolution$samples
100,2.358739391483713,0.09177150723076882,39.8324467384349,2.2991626195480376E8,1.1247763388867045,4
100,6.177636019508808,0.0024521112190627027,87.53569881965868,2.2991626195480376E8,1.1247763388867045,4
