evolution$generation,alpha,beta,tsteps,popfit,indicsfit,evolution$samples
200,7.300320786615499,0.06671612334955215,71.2014051941215,1.072544463195173E10,1.1661815326884872,5
200,0.7676867451966227,0.06621233704218936,5.831551638312234,2.0630260474204364E9,1.178662064424496,1
200,1.1716856214983666,0.1,98.83637407173538,8.120076931976326E9,0.27790055262949037,1
200,1.0872786909185383,0.06893868263992013,25.618875855355075,3.1905339608119836E9,0.740610334843317,1
200,0.9829616341802283,0.0671262641665153,22.961861793264074,2.9507796664666424E9,0.7913209898183031,3
200,1.4930936466763822,0.05914558450554487,32.71675420004071,3.5526799930337486E9,0.7682366526302966,2
200,2.76540709547753,0.09347514750384203,71.84585731385506,6.025874874739121E9,0.4653406730460532,1
200,1.579970683217231,0.08288420668874302,81.70847629038117,6.263056777729901E9,0.3511292385046993,1
200,0.889314018409063,0.05925125140710147,6.861911312244004,2.154111189882593E9,1.162597843604709,1
200,1.0863760422942448,0.08348397897145897,33.58112570498883,4.2137731727061453E9,0.5977951676805694,1
200,1.4679208943601143,0.08155961100393733,33.61057394006091,4.0546695299105597E9,0.6396353213584848,1
200,1.195352035700779,0.09439184768606022,37.59660543620716,4.730897657055047E9,0.5251523764324606,1
200,0.2498546004380464,0.08413139665050345,16.315215596053562,3.5147189827402673E9,1.0740892116797232,4
200,0.1519501989071827,0.004392548993269456,74.68872369386129,2.2257693010425677E9,1.5069801762271737,2
200,0.7409251657571823,0.05442476536470653,100.0,6.597056806597923E9,0.4938991613327134,2
200,1.1223580798273165,0.08368948953487104,32.24597501899301,4.0809003343249683E9,0.6103541568398535,1
200,1.1019557280881511,0.08416034403964773,33.362448422452054,4.1712575215103335E9,0.6025224284987515,1
200,1.0826288726177813,0.08344435865528495,33.602107018074854,4.2134357839407296E9,0.5980539193234657,2
200,1.451740341698644,0.08517376002625598,33.18802214793896,4.1245796465588264E9,0.622796942401036,2
200,1.0864184065405817,0.08365392158207766,33.35982141087509,4.1708867932065086E9,0.6050334191666664,1
200,2.8203240308835746,0.1,74.24363596079138,6.204238120022729E9,0.4260699641551461,1
