evolution$generation,alpha,beta,tsteps,popfit,indicsfit,evolution$samples
100,1.9110418185634503,0.0328457265024543,83.33946365929546,8.087880677969397E10,2.107042164875482,3
100,0.3265448058404985,0.021152442896678593,28.49352142631517,3.1787400854736543E9,2.2922737823133734,1
100,1.6493273185549007,0.0816788966613111,81.58850236226395,1.4741952021700985E10,0.37184207588967766,2
100,1.1162411218646349,0.061622550423138994,80.36175663029036,7.786466460643005E9,0.4554529393339618,2
100,1.0976115938582844,0.07612503435993871,80.44273156524731,7.918238348225678E9,0.433590892642615,1
100,1.1161203585297224,0.061625016007086086,80.35211799616691,7.805293817378993E9,0.45393091450595585,1
100,0.39025905401866356,0.022062048200912305,45.78410104693904,3.189265836305574E9,1.9132724617088712,1
100,1.116187143179847,0.061271796076297375,80.35630256988178,7.831851589023013E9,0.45367270817021643,1
100,1.1297967717168476,0.061649246729801155,82.12328324039447,7.868766508318758E9,0.44625170589258484,1
100,0.9589582164120056,0.06435521938576959,100.0,7.40105274308108E9,0.5250866647107125,1
100,1.130153381589657,0.05932099421340747,100.0,8.030847900587821E9,0.4219081718980577,1
100,0.6439174130849512,0.03450060226086006,42.48257540715919,4.882502440881197E9,0.9295021525276804,1
100,0.2119824641376057,0.022922663136620045,38.89817395124189,3.1126390731781344E9,2.5393682343073833,1
