evolution$generation,alpha,beta,tsteps,popfit,indicsfit,evolution$samples
300,4.876050951202322,0.040528017225550196,15.06306923691527,2.240541011093105E8,3.395603220583907,6
