evolution$generation,alpha,beta,tsteps,popfit,indicsfit,evolution$samples
700,6.928095217081438,0.094190986543077,44.026393690105344,2.240541011093105E8,3.395603220583907,9
