evolution$generation,alpha,beta,tsteps,popfit,indicsfit,evolution$samples
100,1.3542571165651074,0.0687927896232053,95.00028859210289,1.0003364892180548E9,2.5183335288307456,2
100,1.5268197283634422,0.0967688959521763,42.041942905243886,1.0067052910348791E9,2.3905751900813152,2
100,1.714579337681199,0.019551610349832528,50.822926091034404,1.1765231887865453E9,1.036608537796197,2
100,7.721955396359164,0.09538164798526048,30.23807896653737,2.777240980115674E9,0.6039009175889081,2
100,7.854909501542542,0.06958961365327064,67.11468228100419,9.962524759687657E8,2.5476960808663063,3
100,1.118143547897936,0.06876276761844086,96.00424680552955,1.0008293593376014E9,2.514056380735034,2
100,7.251341660652971,0.07022377437106996,77.27864584592083,9.988583478991201E8,2.53997390704758,2
100,0.9659169382148434,0.013430682751033696,65.42309708002908,9.276802968743052E8,0.4781081422966211,1
100,0.9294934997439018,0.056239469640813916,19.573146684681582,1.3544657863537931E9,0.41917611716894343,1
100,0.589503638514393,0.01583330512286459,28.617692685233926,7.185941434704568E8,0.8799203502379405,1
100,0.9659169382148434,0.0134306827510337,65.42309708002907,9.309662250570945E8,0.4756369079884719,1
100,0.5874897175750606,0.018436888201263595,28.902452360318488,8.076737745494664E8,0.8307039701557694,1
