evolution$generation,alpha,beta,tsteps,popfit,indicsfit,evolution$samples
900,3.5551130703210854,0.08694931920740084,89.65254726961355,7.0607122537447605E9,2.8229534343246465,8
900,4.086879658009197,0.009620268946908839,28.336463786755633,7.0607122537447605E9,2.8229534343246465,8
