evolution$generation,alpha,beta,tsteps,popfit,indicsfit,evolution$samples
600,5.228443599018046,0.09615247429182444,92.3799465833463,9.920835816108941E8,1.9848975149589014,8
