evolution$generation,alpha,beta,tsteps,popfit,indicsfit,evolution$samples
1000,5.228443599018046,0.09615247429182444,92.3799465833463,9.920835816108941E8,1.9848975149589014,9
1000,4.874193001446168,0.0064010166780670286,20.804227948711382,9.920835816108941E8,1.9848975149589014,9
1000,10.0,0.0,100.0,9.920835816108941E8,1.9848975149589014,9
1000,1.2916483676017632,0.05449769491282173,54.46229366016849,9.920835816108941E8,1.9848975149589014,9
