evolution$generation,alpha,beta,tsteps,popfit,indicsfit,evolution$samples
300,5.228443599018046,0.09615247429182444,92.3799465833463,9.920835816108941E8,1.9848975149589014,5
300,6.944430320283894,0.08295190066764109,33.59423559579978,9.920835816108941E8,1.9848975149589014,5
