evolution$generation,alpha,beta,tsteps,popfit,indicsfit,evolution$samples
100,6.7511371701746,0.013700027309088127,21.408020347800083,2.0063014131151428E9,0.57352546405022,7
100,3.597299843248456,0.007617713212990785,71.85736074657926,9.968841094987227E8,0.3931940728693665,3
100,1.839223569872015,0.09445649969468797,45.21933292649451,2.4927256871541457E9,0.03716973351149576,4
100,2.181363857792511,0.05969372974654488,69.38552935990562,2.4184369002517037E9,0.044926918676309595,1
100,0.49186050501960343,0.043263219834047906,19.024349706782324,6.414942624723291E8,0.06121136716541008,2
100,0.09589307934836588,0.013284863782712666,9.10067302364787,1.938364466258988E8,0.23434463728084337,2
100,2.241917477063607,0.05832054308177162,68.60946508268661,2.3599257947988586E9,0.04826725356376577,2
100,0.45882652714550604,0.04377961977646505,18.41374974883393,6.116798073109287E8,0.06041753536599438,1
100,0.46769986902250593,0.043195570629221684,21.896993028660262,7.193038862158626E8,0.05302140514412066,1
100,3.9363030029595256,0.06594821350133832,94.15331372595236,3.284869746219929E9,0.035988220736894984,1
100,2.3340072264611393,0.057586871687924736,68.14208795216153,2.3351235011243186E9,0.050828637462654494,1
