evolution$generation,alpha,beta,tsteps,popfit,indicsfit,evolution$samples
300,0.24954867039105688,0.0,93.65009885001925,5.679003637286114E8,1.2516009435365323,5
