evolution$generation,alpha,beta,tsteps,popfit,indicsfit,evolution$samples
100,1.7803321074723,0.04987680203269856,31.144435836984666,5.679003637286114E8,1.2516009435365323,3
100,0.7659399728616489,0.017490217444067268,34.838436838439286,5.679003637286114E8,1.2516009435365323,3
100,0.6941317769864197,0.0727120835408364,30.567993693397547,5.679003637286114E8,1.2516009435365323,3
100,1.0162135261019267,0.07280002607367085,29.835875360652548,5.679003637286114E8,1.2516009435365323,3
