evolution$generation,alpha,beta,tsteps,popfit,indicsfit,evolution$samples
200,9.776973028570826,0.07453157725112285,54.039196368542946,5.679003637286114E8,1.2516009435365323,4
200,0.24954867039105688,0.0,93.65009885001925,5.679003637286114E8,1.2516009435365323,4
200,0.7659399728616489,0.017490217444067268,34.838436838439286,5.679003637286114E8,1.2516009435365323,4
