evolution$generation,alpha,beta,tsteps,popfit,indicsfit,evolution$samples
600,9.776973028570826,0.07453157725112285,54.039196368542946,5.679003637286114E8,1.2516009435365323,6
600,0.24954867039105688,0.0,93.65009885001925,5.679003637286114E8,1.2516009435365323,6
