evolution$generation,alpha,beta,tsteps,popfit,indicsfit,evolution$samples
200,6.072534278515804,0.00655111038383307,5.641203426403626,9.155389505490297E7,1.2107549247285678,3
200,7.506631536086137,0.09428951807191284,69.25059995405807,9.155389505490297E7,1.2107549247285678,3
200,7.4919200718914425,0.06566855305366821,78.84826153588284,9.155389505490297E7,1.2107549247285678,3
200,9.180983349671102,0.02021405382042285,25.374225693292907,9.155389505490297E7,1.2107549247285678,3
200,9.926346529514312,0.031112820406298904,5.012938812113312,9.155389505490297E7,1.2107549247285678,3
200,9.235871145060614,0.029689849116067247,26.2521451357785,9.155389505490297E7,1.2107549247285678,3
200,4.855200619456323,0.032325371111927015,7.739577695319439,9.155389505490297E7,1.2107549247285678,3
200,7.027080992971671,0.08205101756674756,72.72359766722283,9.155389505490297E7,1.2107549247285678,3
