evolution$generation,alpha,beta,tsteps,popfit,indicsfit,evolution$samples
400,4.855200619456323,0.032325371111927015,7.739577695319439,9.155389505490297E7,1.2107549247285678,5
400,6.072534278515804,0.00655111038383307,5.641203426403626,9.155389505490297E7,1.2107549247285678,5
400,9.180983349671102,0.02021405382042285,25.374225693292907,9.155389505490297E7,1.2107549247285678,5
