evolution$generation,alpha,beta,tsteps,popfit,indicsfit,evolution$samples
100,9.992286454959363,0.09785384270609956,64.72647618771109,1.5417631210240894E10,0.8005272833474685,3
100,2.0567072566320577,0.0657348218365047,92.87273021960698,8.602157426088417E9,0.2626265936867984,2
100,0.0,0.0,4.337530273424125,3.544348726149861E9,2.538306495548454,1
100,1.9088438719654564,0.06745995225797984,100.0,8.572891938590695E9,0.23601277422718023,1
