evolution$generation,alpha,beta,tsteps,popfit,indicsfit,evolution$samples
200,1.1020872205980734,0.06038776072913128,71.56779281829928,3.1333073515285883E9,0.4304917861875907,1
200,0.0,0.0,8.811503269615223,8.955388077568159E8,1.3749656228467961,1
200,0.017781965936176647,0.09535789041924969,78.26173648639327,6.292869927637383E9,1.320762606040777,5
200,1.7532301609973686,0.0746488066416818,50.09916121170354,2.7459185744729233E9,0.4576264125493023,1
200,8.061891141323596,0.047439771257766356,81.80676806181958,1.094365318222566E10,1.2574998003227509,5
200,2.1276605371012796,0.1,2.8841765688044108,1.2816876081520693E9,1.2109567195096966,1
200,2.2542685641569666,0.036475979860886756,97.99382815374216,2.744847311593955E9,0.49695044852009174,2
200,0.7118096089130936,0.018621813175361164,60.02619797183644,1.3387266806729915E9,0.5351549064256714,1
200,1.751825773898036,0.07975393404173738,62.98829065997836,3.0647816247260923E9,0.43985077075983414,1
200,1.745344874983852,0.02151934374052934,61.22260101602354,1.4748347086156216E9,0.6675720249859995,2
200,0.7078380183899551,0.0219975449907733,60.375268212266555,1.5942030095007887E9,0.5074115055649323,1
200,1.7485113395489726,0.0714207569119987,62.76233461728217,2.9341519528947744E9,0.443874075294041,2
200,1.7441361222634426,0.07166620312368695,62.8263612821462,2.9411381442940283E9,0.44316048801544206,1
200,2.186647897383522,0.04102938988989478,100.0,2.842712324376313E9,0.4766867891308034,2
200,1.726494437445222,0.02398039285051635,61.94117703140075,1.6054094655101242E9,0.6313251875978058,2
200,1.763866890828494,0.07248966402268954,57.330395766311206,2.84889260347325E9,0.4494409774942474,1
200,2.40487840931846,0.0411464237152855,100.0,2.88602071993636E9,0.4896854493717454,3
200,1.7319043513255568,0.068194976540464,62.76312626498526,2.8810103003180933E9,0.4463605893921592,1
200,1.7550507553500525,0.07103947500735062,61.615492223388095,2.9033725327576995E9,0.44522286595230215,1
200,2.0433746685799585,0.06896544218636763,64.01432465456999,2.899455114012393E9,0.4592066871333492,2
200,2.0277944598331694,0.0682766184216054,64.84553864867344,2.9017122892357755E9,0.4582330194134915,2
