evolution$generation,alpha,beta,tsteps,popfit,indicsfit,evolution$samples
100,0.7927877436569175,0.09865588624881526,83.07415931411957,2.168820415329157E8,1.2132449310353997,4
100,1.8717438379976414,0.0011296292306903321,70.0801541394947,9.21455734485977E7,1.2406654509285875,4
100,3.28197281614534,0.02043797308292188,14.448330700831386,2.0426746514812693E8,1.151951933368025,2
100,3.0400663871153744,0.09188591618094666,12.58866578662784,7.567047748109121E8,1.0047867408969222,2
100,3.252290084630425,0.04114390963718102,48.58838409899713,1.3329762034842439E9,0.9705309620705089,3
100,1.8797815035688314,0.052329123336116015,64.25963266430188,1.8913244850739126E9,0.8641903921106623,1
100,2.8971360123794887,0.03831906028884394,63.765596554356996,1.5121997914189126E9,0.9367044905612313,1
100,1.3851680454105364,0.08245815219864512,34.89794649426818,1.7248790510982497E9,0.8702689107901813,1
100,2.966014449838431,0.09214886881624604,13.792887332118717,8.365362856960496E8,0.9946855801220384,2
100,3.0309515869982917,0.09303596678098881,12.551166989735059,7.648329467240196E8,1.0036466214911348,1
100,1.3992492195371729,0.09446883788636778,30.49895844691529,1.7281015676779547E9,0.8696729234051102,1
100,2.995582707301234,0.09379078744631916,8.304322398318707,5.048855221021538E8,1.0381985882805689,1
100,2.901810495882094,0.04419321273685629,51.9895567244501,1.4412371773527317E9,0.9423394003998098,1
100,3.252290084630425,0.04114390963718102,48.588384098997125,1.3285854853073952E9,0.9700889264722599,1
100,0.7927877436569175,0.027220357271855556,1.0,1.7671273058218896E8,1.2241846699513268,2
100,3.12078351615578,0.04517631526682188,48.93134461237451,1.4307934640341716E9,0.9558370531787437,1
100,4.254255012221386,0.016097593530596317,27.507679223336574,3.54713268250029E8,1.1292212725684558,1
100,1.7222199984221551,0.08253577676119095,34.10128571901813,1.6701678047538073E9,0.8775139119224379,1
100,3.146866870606147,0.019023130501511075,14.326469825344729,1.9591794785181114E8,1.15747373545486,1
100,2.994267289140367,0.09348135915095135,13.905132300259094,8.459309582257237E8,0.9936029492841553,1
100,3.019389186715235,0.1,7.4676340927467395,4.19065585369202E8,1.0461857752794181,1
