evolution$generation,alpha,beta,tsteps,popfit,indicsfit,evolution$samples
400,0.9827428653363279,0.03773558187189918,52.44090593564296,5.727430813483537E9,0.7233237222837308,1
400,2.938764265626688,0.09939108474424306,21.34860134092532,1.7198017473741806E10,1.1710572570025874,6
400,1.0560569881659083,0.039673855871988434,50.42326705935186,5.858032118772345E9,0.703201128582962,1
400,1.2353418679805777,0.055095203942058246,29.0468290008277,8.072765239228118E9,0.8963371705593434,2
400,2.203232498434697,0.056371436534402776,40.870253100147366,1.2925125377877996E10,0.9421674102665374,3
400,0.5822468490375112,0.015355499230793799,100.0,5.853182206963179E9,1.2058358100152753,2
