evolution$generation,alpha,beta,tsteps,popfit,indicsfit,evolution$samples
500,0.7645029129236826,0.08334098160640423,100.0,1.2706848643151433E9,1.4917893748280942,6
