evolution$generation,alpha,beta,tsteps,popfit,indicsfit,evolution$samples
200,7.086641387521428,0.04247510868542923,30.707419121779758,3.2916229054705177E7,2.009022656500397,5
200,9.0545361152706,0.08988817503657115,7.640065869707019,3.2916229054705177E7,2.009022656500397,5
