evolution$generation,alpha,beta,tsteps,popfit,indicsfit,evolution$samples
100,1.6885665313265208,0.03953525030922614,54.154460543284635,3.108336552188055E9,0.7472606853581472,3
100,0.9758010876454737,0.04557612275637275,61.615907277777055,4.62639426284726E9,0.5926817975795953,2
100,1.2607658714263903,0.020863794235298983,90.81135537650705,3.008082602684093E9,0.7550773979122247,1
100,1.8373490577773466,0.01389076695497702,63.211053239951944,1.2716005882518177E9,1.0609612453040371,3
100,1.793500863974955,0.0825086902080416,39.95727443045683,4.535380382676325E9,0.6141171141936692,2
100,0.8557527837285517,0.03252942149910552,89.43507429788549,4.92088540984653E9,0.5693326777738277,1
100,1.950731822029781,0.07053405550338705,65.91741516468778,5.961903076708508E9,0.5852029815162869,3
100,1.6885275321842887,0.08131341837086575,40.03508656136854,4.550563593139109E9,0.6102654263805496,2
100,1.752077042364875,0.05739249874566835,46.28402259675365,3.7578034891790857E9,0.6772800294940976,2
100,0.8206054667254382,0.035507697898666556,100.0,5.8808371374626465E9,0.5419680104941774,1
100,0.862222741805324,0.035052703726585185,89.80662084064433,5.260916255183556E9,0.5538875206479562,1
100,1.0348278050744109,0.05256880464628403,61.75512733935303,5.1477977240402E9,0.5630838852100538,1
100,1.7931682136909393,0.0823895403521457,39.95387841238865,4.528992907894996E9,0.6143633805254801,1
100,1.0323877908236083,0.0,100.0,4.504577147306564E8,0.9808765815903698,1
100,0.8585643668572915,0.03329518437363136,89.80659273011133,5.023876289739777E9,0.56349870156947,1
100,1.6885247695180703,0.08238695242586141,39.736450764120015,4.57892712648588E9,0.6084146348017645,1
100,2.854100111491788,0.026751991996871984,61.08732419322198,2.3413707182224274E9,0.900358177051992,1
100,0.9756457620410066,0.0448352037482032,62.456848598172954,4.6120692614184E9,0.5925693688901682,1
100,3.0817871889384025,0.03250577790950974,58.997200791670956,2.7591205944845E9,0.8577490799410599,1
100,3.519701662137391,0.05976701579082338,24.200286759762655,2.3064367819847436E9,0.9605023307406851,1
