evolution$generation,alpha,beta,tsteps,popfit,indicsfit,evolution$samples
500,0.5325669185737917,0.0,93.58812268915162,2.759985917078706E9,1.2141697660793385,3
500,0.4223734644887196,0.043188378224548594,94.39934224636299,1.6172969333920876E10,0.9502943420804799,3
500,0.5117556089946724,0.02874071783380602,79.19715552891796,1.0985277360286654E10,0.9803565068196907,1
500,0.8126536221578196,0.05381102021671076,29.00817635154688,8.777569509894455E9,1.6832712698089654,6
500,0.4218872839007986,0.055915896350380905,33.87618655664116,9.978104285767105E9,0.9949046543168577,4
500,0.4246194662788487,0.02458905679303379,62.449172542591235,8.510706906864756E9,1.0115912257525916,1
500,0.4712758582717237,0.0225672778858233,61.337009626347026,7.772112822938608E9,1.025284490078485,4
500,0.15647972194747206,0.01534606780334569,64.66950155046894,7.0903442220489025E9,1.2055423995697347,2
500,0.4869887729249519,0.02909447564791023,62.80151771849353,9.513286985699442E9,0.9978132136576969,1
500,0.4680229839822705,0.022791991379820353,61.62372296807434,7.888687183269718E9,1.0225367400741485,1
500,0.4751997827794447,0.02463256842220479,62.538070019113746,8.423113276712222E9,1.01269347333653,1
500,0.5841651612181769,0.0,14.365295923842694,2.847891898181983E9,1.1983711332508487,1
500,0.45617467646129184,0.028542331360496904,67.30831036537177,9.877164932645382E9,0.9851465007711987,1
500,0.6801093753394838,0.02640492653243769,66.5770836699286,9.222530681471268E9,1.4770992403645185,6
500,0.5123494566480731,0.02876396033844078,67.06339615980419,9.851116793299093E9,1.0202253837763704,3
500,0.50799262907043,0.028516132768658387,68.21665845656456,9.868805710077024E9,1.004331026839215,2
500,10.0,0.09705873101150754,94.90901562122889,4.501499578696857E9,3.2779947878406093,6
