evolution$generation,alpha,beta,tsteps,popfit,indicsfit,evolution$samples
100,8.477006198337957,0.05304241180182226,85.56778499064191,4.776866629733231E11,2.1290171452050863,3
100,2.82432442585111,0.07306442989040023,72.69823772790319,3.3988612946018665E11,2.38154521123881,3
100,1.0918649150482818,0.021012044580740446,51.45741686362243,2.3335994996371765E11,1.5924725182954995,2
100,0.5226854596207694,0.006202561658687172,50.34189824363441,5.995737397569083E10,0.5233646485596103,1
