evolution$generation,alpha,beta,tsteps,popfit,indicsfit,evolution$samples
200,3.5938431464266785,0.0900718828922392,83.02543017690371,1.7621243239384537E10,1.2085727053505513,6
200,0.6039256911966188,0.00849584671203253,100.0,4.840849630603273E9,0.9940029794832123,1
200,0.20281557557856988,0.07591563944966809,23.990048998734064,1.0319640699986908E10,1.3965479324368948,3
200,0.5113388631902696,0.00784570549031578,100.0,5.161817623083357E9,1.1166826508130965,2
