evolution$generation,alpha,beta,tsteps,popfit,indicsfit,evolution$samples
100,1.8260048881305635,0.040588274305381304,72.22906055037788,7.919843785644083E8,0.5152480319229051,2
100,0.6548200929372405,0.047135355082285724,21.49634736331873,4.953965967903409E8,0.8212378724146392,2
100,8.661848309342886,0.055037659505274374,52.98549368314474,4.473742173546615E9,1.5795180982527994,3
100,1.81857132467068,0.04084222916741198,72.2150115759333,7.926720469496725E8,0.5123950060912013,1
100,0.6749934426074577,0.05165038126121846,22.920761993488448,5.182101182787002E8,0.745773919595215,1
100,0.6752673884400275,0.05864221122799458,22.95158701833419,5.539471513592467E8,0.6893917476731686,2
100,1.1775693323969354,0.05167765287839637,24.23083442079679,4.979292382827302E8,0.8149196477133132,2
100,1.7085819659937211,0.07954065318203173,31.278990882673686,7.19021836341531E8,0.5414892571616695,1
100,1.7147760457335395,0.041066647127071726,72.1347711357041,7.938141316025527E8,0.4982916796537484,1
