evolution$generation,alpha,beta,tsteps,popfit,indicsfit,evolution$samples
200,0.8247080634388908,0.04987388912740311,23.50532747047173,4.930977987764964E8,0.7974195991409324,1
200,3.04655104099564,0.04813652092499948,100.0,1.050986487586304E9,2.784571938886043,4
200,1.881242017954835,0.054167579157001114,82.20327195726495,1.0482576474582078E9,0.4510365874762764,1
200,0.6752673884400275,0.05864221122799458,22.95158701833419,5.530165839749821E8,0.6894975862154753,3
200,0.6749934426074577,0.05165038126121846,22.920761993488448,5.1800077506945E8,0.7476982496668592,2
200,1.7085819659937211,0.07954065318203173,31.278990882673686,7.186476497259858E8,0.5420813380689984,2
200,1.763831510389958,0.042247776690638394,68.42705509271738,7.82356963045873E8,0.5108438143235987,2
200,1.7360039743927738,0.04053161822044176,73.91797331202439,8.019378491859299E8,0.497562796522526,1
200,0.6504304176857244,0.04825446245021536,22.171017989752812,5.0297072868123335E8,0.7928473121440148,1
200,1.7147760457335395,0.041066647127071726,72.1347711357041,7.938141316025527E8,0.4982916796537484,1
200,0.8629046192341594,0.07372088265971732,32.74691439226672,7.917960074504486E8,0.5009585063417242,1
200,1.1775693323969354,0.05167765287839637,24.23083442079679,4.979292382827302E8,0.8149196477133132,2
200,1.2433452507974412,0.020001606020736057,71.03643547993481,5.1600839471483546E8,0.7642415016390819,1
200,0.6548200929372405,0.047135355082285724,21.49634736331873,4.953965967903409E8,0.8212378724146392,2
200,1.6734957955104468,0.05440702050044989,64.19914928564467,8.991545680009438E8,0.45928913764146145,1
200,1.5001798718637187,0.1,29.53367281557283,8.207397259880046E8,0.46629391967394035,1
200,1.8431544031000886,0.0822016366436934,32.93079316493703,7.61301589012386E8,0.5333603309346697,1
