evolution$generation,alpha,beta,tsteps,popfit,indicsfit,evolution$samples
300,0.9570600092517684,0.030894452367081993,92.40167452491362,2.914229470118937E9,0.06621455734051165,1
300,0.496649887136021,0.011138998256838855,18.23779655858599,7.521635580230033E8,0.2678778138577758,1
300,0.7188607628412618,0.0922206685074406,38.478276102685086,3.187786583137264E9,0.1506349995106901,4
300,0.5943869015164438,0.028423346636977254,95.98200742360966,2.88974628500334E9,0.23007157859396982,4
300,2.206378049688251,0.06332955234032171,100.0,4.2355000569318895E9,0.10479769433212177,4
300,0.8071332031127123,0.024254209218653414,47.52716695565084,1.7865476454048119E9,0.0844416314827159,1
300,0.5249890910445365,0.013089108058574595,17.287183464552044,7.870023481580291E8,0.2272066943588793,3
300,0.6001002277932668,0.010194305415270818,15.862134621823733,8.817914192872078E8,0.17063949430397815,1
300,0.6417295702745106,0.010339356639992785,19.623998182582305,9.806916303630568E8,0.16562686530322002,1
300,0.6434749471031154,0.008658122491789693,19.828295648196303,9.822468016990573E8,0.18058056362080796,3
300,0.526903398884382,0.009445691776891786,34.608109093622545,7.608939666354394E8,0.23612272193510175,1
300,0.6641696933082804,0.011017905205358933,19.108927416241063,1.1150392296352894E9,0.17216220146042577,2
300,0.6445851919296708,0.023947896657039208,36.3606996596488,1.3279313295911436E9,0.10626491827491277,1
300,0.64908389137184,0.09453797173278006,6.352129159800847,1.3665630311359177E9,0.09896953727825315,2
300,1.3165640852662908,0.06372254913739034,80.50839299209164,3.5060475869300137E9,0.07506881897132779,2
