evolution$generation,alpha,beta,tsteps,popfit,indicsfit,evolution$samples
200,3.0315451750873956,0.013574864076403244,40.49654655022155,2.1642375231274754E8,0.8696642931118574,6
200,2.9877908806447606,0.014491258724973713,95.58202582175369,8.463998440156742E8,0.5990130088812547,1
200,1.2876730100041196,0.1,14.643807709282957,5.77462468228007E7,1.3238718672227658,1
200,3.943020380387168,0.023620866015482418,43.949038667759034,6.741378651178334E8,0.7082094136724664,2
200,2.978674605445253,0.013328338844300387,100.0,8.07133948913718E8,0.6046773995815303,1
200,0.0,0.0,23.96450975776308,5.903742493232982E7,1.1618399438896025,2
200,3.028448747691792,0.08296551049766362,5.356936289756629,1.8322981518008715E8,0.919405199010562,1
200,3.206332633903244,0.030007427307331483,44.079379144606314,8.22906734306303E8,0.6109468345537052,2
200,3.1909371336153693,0.028634658369023236,46.834548062124036,8.376238316508026E8,0.6084494656559699,3
200,3.0000686415333706,0.1,20.21381783769706,5.84101695215988E7,1.3244733692234292,4
200,1.0213594450670862,0.1,21.642247861129512,5.786753284113328E7,1.3235503963540356,2
