evolution$generation,alpha,beta,tsteps,popfit,indicsfit,evolution$samples
200,0.3125213297573917,0.08738611623879027,24.0185435071485,1.4791626507728775E9,1.141033072471222,3
200,0.4400037546333366,0.07225635685292557,44.137413811789195,1.5593895616440122E9,0.8352048166869414,2
200,9.130913909989179,0.029950969084439085,79.65176793073313,1.2215524948394667E10,3.1029997928353974,5
200,7.937615174273556,0.0979771121588512,91.99645708307376,2.3629141971417613E9,1.0890579080430984,4
200,2.007423069315626,0.09674405440794814,65.18352305356954,1.5351576214385498E9,1.0108440589965564,1
200,2.2897830593915405,0.09721918967956765,67.90073769726105,1.5462641496620736E9,1.0079213493496166,1
200,1.9975130542315669,0.09748897158962835,66.9867125922084,1.5482763937644553E9,0.974129525498235,2
200,2.3111602899121144,0.09740849075072487,70.67484603561469,1.5561327958806882E9,0.9694357448349813,1
