evolution$generation,alpha,beta,tsteps,popfit,indicsfit,evolution$samples
1000,1.7030835055296412,8.52926211225169E-4,16.57640760220164,1.3501789572971087E9,1.8860315313787652,9
1000,7.472778792239396,0.08100614459972777,97.6330133995068,1.3501789572971087E9,1.8860315313787652,9
