evolution$generation,alpha,beta,tsteps,popfit,indicsfit,evolution$samples
800,7.472778792239396,0.08100614459972777,97.6330133995068,1.3501789572971087E9,1.8860315313787652,8
800,1.7030835055296412,8.52926211225169E-4,16.57640760220164,1.3501789572971087E9,1.8860315313787652,8
800,8.680513864203101,0.02531473076789701,24.639730998196626,1.3501789572971087E9,1.8860315313787652,8
800,1.1972817639116329,0.07415453934831132,31.682803728951143,1.3501789572971087E9,1.8860315313787652,8
