evolution$generation,alpha,beta,tsteps,popfit,indicsfit,evolution$samples
1000,8.268132276918523,0.037256277691172145,34.32867790675275,1.255398692824064E7,2.119838401360224,11
