evolution$generation,alpha,beta,tsteps,popfit,indicsfit,evolution$samples
800,8.812250323643205,0.06219872270581311,78.77547597755469,4.915778200805665E8,1.043588816169565,7
800,2.2055372570932286,0.0449871180202714,38.47891450631907,4.915778200805665E8,1.043588816169565,7
