evolution$generation,alpha,beta,tsteps,popfit,indicsfit,evolution$samples
400,7.86130539265173,0.08685803231935844,75.25768628935103,4.915778200805665E8,1.043588816169565,4
400,1.9912681754047479,0.06291374053308263,80.11528949598933,4.915778200805665E8,1.043588816169565,4
400,0.7114819333192668,0.043287151370095686,71.30375450099405,4.915778200805665E8,1.043588816169565,4
400,0.3351451335571942,0.040428416860611126,30.717046685722224,4.915778200805665E8,1.043588816169565,4
400,8.812250323643205,0.06219872270581311,78.77547597755469,4.915778200805665E8,1.043588816169565,4
