evolution$generation,alpha,beta,tsteps,popfit,indicsfit,evolution$samples
100,1.0515351003639517,0.07603990952378206,77.64373133984213,3.5781486081290507E9,0.5503330586183819,3
100,0.6886556561385193,0.09300254967152691,92.91966453705152,4.2818132118470216E9,1.0111387589827157,4
100,0.3878778696584064,0.012209989195505347,78.76317264694704,2.8070813456627197E9,1.3580911357895513,3
100,0.37892595319797073,0.01165471556525201,100.0,2.7993037754331875E9,1.3260677223118031,2
100,0.5195035502153228,0.011561123382219811,100.0,2.8229121592532024E9,1.0044657174619782,1
100,1.0583008707937405,0.07657821063505381,73.80606157694326,3.5432827977994676E9,0.5374905202498652,2
100,1.0026380322091935,0.1,27.02599754406638,3.2208290721758995E9,0.48038866137797553,1
100,0.3884310914243824,0.01128986798768465,100.0,2.7924851023808026E9,1.3052172310576502,1
100,0.4184480616872406,0.016461553867904263,76.466499063077,2.815357163749304E9,1.2072106082741798,1
100,0.6288475944084628,0.1,25.369691198067283,3.1057976047319126E9,0.7200263426508835,1
100,0.9637445850178319,0.0864163429682547,30.97608377753554,3.175834540080518E9,0.4848058570118196,1
