evolution$generation,alpha,beta,tsteps,popfit,indicsfit,evolution$samples
900,9.397672017768697,0.0013817182401807768,37.447525950528664,3.807611244385124E8,1.7508722121296039,7
900,9.641465508410072,0.015418852692284069,38.496984005166055,3.807611244385124E8,1.7508722121296039,7
900,9.960006372584857,0.07934316343380665,85.86415968157779,3.807611244385124E8,1.7508722121296039,7
