evolution$generation,alpha,beta,tsteps,popfit,indicsfit,evolution$samples
200,1.2270200744796609,0.07029315924403322,1.0,3.356111502875429E8,1.1691192285878471,4
200,5.02071106151152,0.09351035384526218,43.07104665597897,3.356111502875429E8,1.1691192285878471,4
200,4.60504468120519,0.0922354848270881,75.12617914798173,3.356111502875429E8,1.1691192285878471,4
200,5.357617389005334,0.0909555590229956,100.0,3.356111502875429E8,1.1691192285878471,4
