evolution$generation,alpha,beta,tsteps,popfit,indicsfit,evolution$samples
400,8.86339402022555,0.047756831728565,32.01922377486575,3.499717048458429E7,1.1210119252813118,7
