evolution$generation,alpha,beta,tsteps,popfit,indicsfit,evolution$samples
900,6.130678679299136,0.00586878916968423,58.24968503102825,3.499717048458429E7,1.1210119252813118,12
