evolution$generation,alpha,beta,tsteps,popfit,indicsfit,evolution$samples
100,0.15314383535799614,0.008169981772808232,6.9256663424409775,1.9973797171308446E9,1.530140607352457,3
100,9.272387572678344,0.09646498481826603,44.08160001430683,4.522847798240142E11,3.048640399538815,6
100,0.1531438353579961,0.008169981772808232,6.9256663424409775,1.9980713637848604E9,1.529718409262459,1
100,0.29532471245305336,0.09171827902994764,74.83153910363227,2.0979404668009174E10,1.0988808052556576,1
100,0.39515588197026774,0.0,1.0,1.8504189258643875E9,1.5831344591391032,1
