evolution$generation,alpha,beta,tsteps,popfit,indicsfit,evolution$samples
900,5.753275215676467,0.05585342279024346,38.32755830368243,4.406687860490242E8,1.07273818180102,7
900,7.608986475710355,0.06744593093362346,68.11066353436046,4.406687860490242E8,1.07273818180102,7
900,9.819399446897252,0.05491495905461252,65.76281880387366,4.406687860490242E8,1.07273818180102,7
900,2.481887630071143,0.06329612926830538,85.12199007414475,4.406687860490242E8,1.07273818180102,7
