evolution$generation,alpha,beta,tsteps,popfit,indicsfit,evolution$samples
600,2.481887630071143,0.06329612926830538,85.12199007414475,4.406687860490242E8,1.07273818180102,6
600,7.557507337940928,0.09194489308379122,62.537448685873706,4.406687860490242E8,1.07273818180102,6
600,9.819399446897252,0.05491495905461252,65.76281880387366,4.406687860490242E8,1.07273818180102,6
