evolution$generation,alpha,beta,tsteps,popfit,indicsfit,evolution$samples
100,1.3227997424026383,0.020930747018910203,40.91005774654269,6.771424325191148E10,3.8438624591637653,6
100,1.3437577878127849,0.06873137762757091,29.13958880225771,1.7810587233193466E10,2.1627861359848577,2
100,1.3990537787308464,0.06954148277304657,30.473782197064,1.951914767922342E10,2.0935907513847036,2
100,1.2361690165683157,0.1,30.084919532992835,1.9147404432893578E10,1.7120258325746702,1
100,0.0,0.014111316137655547,38.9440239751838,1.3606853289475014E10,4.581036372459819,1
100,0.0,0.0,29.273002504085074,7.796522065005205E9,5.688196932945042,1
100,0.0,0.06910150917991936,1.0,1.3365870814127235E10,5.457247911576724,1
100,0.9961550242031804,0.0693268351367518,27.15701865223943,1.4007715530901735E10,2.0669992053632833,1
