evolution$generation,alpha,beta,tsteps,popfit,indicsfit,evolution$samples
200,0.2242150780144953,0.07544347599274741,11.957217226587808,4.8523033827442896E8,1.0479701760470679,1
200,1.2449594388101486,0.0926610623005788,44.21111276233647,8.173291178559304E8,0.29997665394872736,1
200,0.0,0.05791724488204189,17.82274313227447,6.395142118313489E8,1.4276000970218887,4
200,1.3962387832584753,0.0538423349312281,5.917511243379113,1.6566487687337465E9,1.1763373695180706,4
200,0.33233096392280004,0.04973503949034766,1.0,1.59011885991624E9,0.75931038908115,3
200,0.4941718843295374,0.06333505616055261,9.286791485681375,5.080576089416958E8,0.6073037114933243,1
200,1.1677202307835224,0.09911626451478295,39.46580460852954,7.859624740647277E8,0.30040466495026913,2
200,0.42740368699593956,0.01925042646341599,100.0,5.629971409511442E8,0.7767247156790686,2
200,1.3451089383093964,0.05459749301115301,11.03947605252698,1.084620914230153E9,0.8519014465136744,3
200,1.1227548946193662,0.1,20.23416979117906,7.052544324030054E8,0.3442895021154405,1
200,0.6067385094761532,0.020726261951360302,98.63164338583773,5.744789746886119E8,0.48160864235148754,1
200,0.6054231344019486,0.020711938402322792,100.0,5.791606305853274E8,0.4770131224512544,2
200,1.1441220818637388,0.09658081336291674,23.11921443090269,7.355350701958833E8,0.33023542677629675,1
200,1.0550036876415436,0.019033825699164886,99.4219105764695,6.655871318658508E8,0.35667798747155294,1
200,0.9318880965020055,0.015422980483673347,97.43792463650605,6.066202556326586E8,0.38436757996400617,1
200,0.0,0.05393903925699905,7.052157064488838,5.357235404269563E8,1.461093535828037,4
