evolution$generation,alpha,beta,tsteps,popfit,indicsfit,evolution$samples
400,5.48173898806364,0.09256409662764853,78.41421233533136,8.739421526998636E9,0.3648054802002304,8
400,0.42348591109536105,0.0060767161440933625,70.29403059885344,1.3268757525175617E9,0.42338830612295153,1
400,1.5614793705670547,0.0818128776551635,88.93259645960448,5.197469460384571E9,0.19523701690357464,2
400,0.5832705563127011,0.018204632468834633,78.87926828180935,2.4111899014358997E9,0.3024507005534253,3
400,0.7509208823005632,0.010195555865836817,76.00656560498223,2.016104689198014E9,0.19957716026448968,1
400,6.5646581646722355,0.1,100.0,6.199456069869506E9,0.24654581361524136,4
400,1.2955959118196598,0.05520769872577074,83.0657757792985,4.604288179771624E9,0.20648545531780052,2
400,1.2727694752231873,0.07979949942212593,35.8180819646874,4.353432933620134E9,0.222096355099328,2
400,1.2792005586966757,0.049621417795244156,83.20046709918039,4.497146511916339E9,0.20941237923674882,2
400,0.70838589208936,0.01194972219189451,62.86399834702013,1.9197376354579525E9,0.20891527479162114,1
400,0.49872793433874907,0.006596729778334648,79.61691087927201,1.4223259212507174E9,0.339012880572539,1
400,0.5673100281531241,0.005121436829688905,78.65907012679324,1.524522015113514E9,0.29013559465095395,2
400,0.5832083223063368,0.0055516128719345515,80.29567081239598,1.552570433268678E9,0.2761257729581045,1
400,0.42002189064192236,0.006719358077952456,69.77561303227021,1.3524473899695332E9,0.4250287602407324,3
400,0.8335188424532068,0.005184188734611616,77.33887797731781,2.6639146838142653E9,0.2609480893755387,6
400,0.6478332449793267,0.005603922835407081,79.99543257279856,1.727043830299749E9,0.24290055032105123,2
400,0.4697610512345273,0.0051024027806345585,77.5663671075982,1.3604881086856601E9,0.37784914824139015,1
400,0.0,0.0,67.81213848774325,1.5129472478339648E9,0.9653742283070844,4
400,0.8335188424532068,0.0052070535042952094,77.33887746961165,2.665075452302087E9,0.2604136484461512,4
400,0.5086955713636763,0.007889306255668464,79.33928247833136,1.491509311914524E9,0.32774812570077694,1
