evolution$generation,alpha,beta,tsteps,popfit,indicsfit,evolution$samples
100,0.7639204621302387,0.005116243022924372,50.09143945063104,2.8007332897770303E8,0.9439838284263871,3
100,1.6136535263021858,0.09962304479312598,42.50100603522624,3.3084998838019733E9,0.29825379026852344,1
100,0.9758869793150484,0.04496832915187289,56.4112632787901,2.2656933657216587E9,0.44001682375798445,1
100,1.4861710908841648,0.09994509662349882,42.7318371616231,3.300320351274255E9,0.3056045633896793,1
100,0.77285702593133,0.007450050774021954,50.19583077137258,3.4151678371208555E8,0.8595401508086182,1
100,1.0110810682813987,0.05830242418110602,57.19695797828063,2.8335971397629647E9,0.4281340419306938,1
100,0.6801435397041122,0.020300863294763646,46.257751260714066,9.406738030268092E8,0.6863138332503702,1
100,0.7312122936911979,0.005232362488195427,50.32158106065651,2.898062967724129E8,0.9251512462572088,2
