evolution$generation,alpha,beta,tsteps,popfit,indicsfit,evolution$samples
1000,7.366470593912952,0.05358404639458095,5.883927985567842,5.980334140087015E7,1.5173659992535158,9
1000,1.8485056326193505,0.013263475024878554,69.86129240266027,5.980334140087015E7,1.5173659992535158,9
