evolution$generation,alpha,beta,tsteps,popfit,indicsfit,evolution$samples
100,4.014880257221439,0.0017708856790605411,27.871872412917185,7.063465903306587E8,3.3502189072451953,3
100,0.15496280860467282,0.08597584576888205,26.673883048241766,7.063465903306587E8,3.3502189072451953,3
100,4.014880257221438,0.011747232680081314,27.871872412917185,7.063465903306587E8,3.3502189072451953,3
