evolution$generation,alpha,beta,tsteps,popfit,indicsfit,evolution$samples
300,0.15496280860467282,0.08597584576888205,26.673883048241766,7.063465903306587E8,3.3502189072451953,4
300,3.876242646455019,0.1,1.0,7.063465903306587E8,3.3502189072451953,4
300,4.014880257221438,0.011747232680081314,27.871872412917185,7.063465903306587E8,3.3502189072451953,4
300,7.575812275104976,0.01832832702037835,43.896539717773244,7.063465903306587E8,3.3502189072451953,4
300,5.7811361458695965,0.08569336920940654,19.598417208640672,7.063465903306587E8,3.3502189072451953,4
