evolution$generation,alpha,beta,tsteps,popfit,indicsfit,evolution$samples
500,7.637050723616232,0.08919677658636059,1.7194504220868085,8.126409895782383E9,4.067176572547128,6
500,2.729147668734091,0.0055160569413775125,19.31880401809589,8.126409895782383E9,4.067176572547128,6
500,0.5351528917155804,0.014494958073093454,11.871507014044912,8.126409895782383E9,4.067176572547128,6
500,6.584250883228306,1.4228541894532044E-4,51.272334830076936,8.126409895782383E9,4.067176572547128,6
