evolution$generation,alpha,beta,tsteps,popfit,indicsfit,evolution$samples
900,1.3272149223731509,0.04059256631408937,54.56024313763491,2.499005645391086E9,6.805302801620954,9
