evolution$generation,alpha,beta,tsteps,popfit,indicsfit,evolution$samples
300,1.7778727965281527,0.06979059011216722,57.37618467976833,2.499005645391086E9,6.805302801620954,7
