evolution$generation,alpha,beta,tsteps,popfit,indicsfit,evolution$samples
100,1.7778727965281527,0.06979059011216722,57.37618467976833,2.499005645391086E9,6.805302801620954,3
100,5.615796447565879,0.08717439922461734,70.19964718065852,2.499005645391086E9,6.805302801620954,3
100,6.381184139488811,0.0,79.79057739147444,2.499005645391086E9,6.805302801620954,3
