evolution$generation,alpha,beta,tsteps,popfit,indicsfit,evolution$samples
300,7.447405180175888,0.06542489664326688,24.377844410928518,1.827657105260023E10,3.173369337535152,8
300,0.9158648306328345,0.0034671442919813836,79.52891035595033,2.877892747172486E8,1.1094849821734902,1
300,1.6024032028659063,0.023188025284025526,87.08435242788,7.918261955586009E8,0.5816089535691624,1
300,1.7012746116825974,0.06485418429436314,16.887011688496806,4.9020116091328037E8,0.7203488856234307,1
300,2.904856902895141,0.09495176018433155,60.44435597855125,1.6354290966948376E9,0.7222183058054847,4
300,1.6931324194187989,0.074503969781061,16.16740545234639,5.259019291858359E8,0.6838174775433643,1
300,1.5618574609497091,0.020352234561720348,87.27572233032595,7.186424853187702E8,0.5925054106591404,3
300,1.5601850864938613,0.019177391963767762,86.12818410252157,6.726254616125267E8,0.6071126708985227,1
300,1.5600041721595646,0.01914319505460037,85.92933818523082,6.729476401922054E8,0.6058892992251041,2
300,1.3437687635880513,0.009021215313210406,87.54269285687826,3.7866518413711023E8,0.8070901343905286,1
300,1.065920585145961,0.00920003457689891,87.03950917777188,4.162853040176667E8,0.7803546526628204,2
300,1.5640279078326835,0.02106107234865902,87.27682961023577,7.35921714048945E8,0.5904561634695841,2
300,1.5889463286578878,0.020883794490498528,87.18996417275847,7.32461968143223E8,0.5896971255312081,1
300,1.4717458209354648,0.012280923860827235,56.715969938870025,3.526435743356091E8,0.8943690213074637,1
300,1.0692259628651137,0.0073083219142044175,87.04363818418393,3.547141264571935E8,0.8616324843136027,1
300,1.066371270403463,0.007507051006427963,86.82142537586482,3.5986632880898696E8,0.8505759241921349,1
300,1.6122803104860972,0.0209879480015691,87.97500302849733,7.35151842654772E8,0.5907545440923107,2
300,0.4726870228266278,0.0011752351301684838,92.6689382576741,3.3333793473890084E8,1.7038398952410236,5
300,1.067248132567633,0.007509870365760275,87.048272974849,3.610179352414817E8,0.8456056125121807,3
300,1.5666591430730512,0.021468807499372695,87.29029482626704,7.494197518219941E8,0.5852968546356242,1
300,0.5217011878288019,0.0010588775227914704,92.51974036880716,3.181807170560136E8,1.5917067058619356,3
