evolution$generation,alpha,beta,tsteps,popfit,indicsfit,evolution$samples
200,7.447405180175888,0.06542489664326688,24.377844410928518,1.8276321363633884E10,3.1733590496588366,5
200,1.5666591430730512,0.021468807499372695,87.29029482626704,7.494197518219941E8,0.5852968546356242,1
200,0.5212688488135248,0.0010597133994380435,92.51248228181541,3.178723402802442E8,1.5806107230709334,1
200,1.5600041721595646,0.01914319505460037,85.92933818523082,6.705792070684474E8,0.6079013042787739,1
200,2.904856902895141,0.09495176018433155,60.44435597855125,1.6363580567878299E9,0.7255202753994854,3
200,1.5618574609497091,0.020352234561720348,87.27572233032595,7.193195740767348E8,0.5925877363537457,2
200,1.7012746116825974,0.06485418429436314,16.887011688496806,4.9020116091328037E8,0.7203488856234307,1
200,1.3437687635880513,0.009021215313210406,87.54269285687826,3.7866518413711023E8,0.8070901343905286,1
200,1.5640279078326835,0.02106107234865902,87.27682961023577,7.35921714048945E8,0.5904561634695841,2
200,1.065920585145961,0.00920003457689891,87.03950917777188,4.154223417197408E8,0.7773559181363181,1
200,1.067248132567633,0.007509870365760275,87.048272974849,3.610179352414817E8,0.8456056125121807,3
200,1.0692259628651137,0.0073083219142044175,87.04363818418393,3.547141264571935E8,0.8616324843136027,1
200,0.4726870228266278,0.0011752351301684838,92.6689382576741,3.336534202256654E8,1.7038398952410236,3
200,0.5217011878288019,0.0010588775227914704,92.51974036880716,3.181829279386958E8,1.5870729443130118,2
