evolution$generation,alpha,beta,tsteps,popfit,indicsfit,evolution$samples
200,8.597539592956547,0.09027382734821304,1.0,6.15548493839914E8,1.332655877686027,4
200,3.701431844347595,0.06803503701142087,5.348342822950927,6.15548493839914E8,1.332655877686027,4
200,9.27152062504076,0.03130635348004989,65.20050560226235,6.15548493839914E8,1.332655877686027,4
