evolution$generation,alpha,beta,tsteps,popfit,indicsfit,evolution$samples
700,9.27152062504076,0.03130635348004989,65.20050560226235,6.15548493839914E8,1.332655877686027,8
