evolution$generation,alpha,beta,tsteps,popfit,indicsfit,evolution$samples
100,3.295338331268216,0.07367534109198573,7.908493328262592,2.435380556407299E10,2.874829174738578,5
100,4.420305777384366,0.08636596600925182,96.25108825245803,6.541117875211631E9,0.15009935285520115,3
100,2.3718142568216063,0.06895349412837241,43.62807613566265,6.239981497380226E9,0.40026482814008263,4
100,4.191567245166515,0.08454093642974221,93.28738885797142,6.530956354183233E9,0.15797168023769745,3
100,0.921752180990293,0.08002548943413339,48.25848082252861,5.502271703894612E9,0.050628691324499195,1
100,0.9217521809902931,0.0800254894341334,48.25848082252861,5.516158916997466E9,0.05039864855682332,1
100,1.64957231793054,0.0794224994931383,48.012757846568455,5.396903901383613E9,0.12914125948295863,2
100,0.0,0.1,8.591722661951069,4.742844864432581E9,1.157326286170711,1
