evolution$generation,alpha,beta,tsteps,popfit,indicsfit,evolution$samples
100,1.6668706586882642,0.054022620085273414,47.45340258629549,1.2676620138715723E10,0.17772375459717982,2
100,0.8686465760409667,0.0,29.96412861408674,4.0620269333540463E8,1.6511430351544258,1
100,0.9295554222947717,0.014626561146471768,40.019809763305034,3.22186683303703E9,0.7005296143580709,1
100,1.1428148733871577,0.027138484487867678,70.83712112371434,1.181834984068415E10,0.1857198149939691,1
100,0.8659313745758711,0.03549499328904391,20.753034792964787,4.896982307572323E9,0.5002370888502601,2
100,0.8511414465517089,0.035310673605117804,29.570019355812214,7.455684454610605E9,0.3207693269594727,2
100,8.318997167381138,0.1,87.09936488495255,2.1199961314034743E9,1.8727011321838953,2
100,1.7135051665127319,0.053895786875038945,47.45146586974825,1.2512371412339401E10,0.17817319911365645,3
100,0.8715576166115397,0.037137084157568084,30.341953336859856,7.978645468493592E9,0.2922968864676105,1
100,0.8663383392473673,0.03538819019103951,22.85666290377258,5.38920283067448E9,0.4596204106653944,1
100,0.8686300744431458,0.034699392011946016,30.428581368935443,7.464170349883162E9,0.3161223497483463,1
100,0.8567927531623281,0.03467247355388361,35.0090461894635,8.700452166857342E9,0.2676892007006679,1
100,1.0280221863180623,0.03654353654564073,25.643170363807798,5.848405206096177E9,0.38710601863289,1
100,0.996117385040918,0.03450318663333093,25.7017126079192,5.575564851551187E9,0.41410471416292643,1
100,0.8606005816871588,0.03344885847591316,35.92512093273907,8.569103469562878E9,0.2719644888465045,1
100,0.8687903248878105,0.03306676758625038,36.17070401304461,8.473692299378243E9,0.273474801455252,1
100,0.870073629438189,0.035151476131274215,38.056329379289686,9.469767628077314E9,0.24331478813083615,1
100,0.8577123401548199,0.03494503853900043,36.881318685407855,9.287716074715101E9,0.24909068434686524,1
100,0.865936029772849,0.03514325512534874,38.22968945666884,9.64613024245337E9,0.24066421638750218,1
100,0.8568948038099201,0.0350186323159351,36.17319896270975,9.127495895309895E9,0.25545856223855845,2
100,0.8698190157694895,0.03313852800148988,36.17096909974747,8.484104730093103E9,0.27350675667029767,2
100,0.8686300744431459,0.034699392011946016,30.42858136893545,7.463037035046444E9,0.31619744501305774,1
100,0.85689480380992,0.0350186323159351,36.17319896270975,9.130160715796564E9,0.2550029278397453,3
