evolution$generation,alpha,beta,tsteps,popfit,indicsfit,evolution$samples
100,0.3789657727824558,0.003945498584904783,96.8805413275769,1.8942635259349377E10,3.098184519112266,2
100,9.399895276922937,0.0739338923825549,41.12093485656155,9.747118446322246E11,4.366425056266408,4
100,0.7608493202220945,0.091494211018875,86.601564904921,2.699663600119271E10,0.680268821952849,1
100,5.230490953747022,0.07704887428545021,93.83300184760847,3.347596101405748E11,2.159803053154419,2
100,0.37896577278245586,0.003933372632648042,96.87310985389459,1.8935023087856705E10,3.0995968227755504,1
100,0.7677514493102715,0.09224402750939077,87.76880125720533,2.7265549471803547E10,0.6523103177988095,1
100,0.4902653485158027,0.03574571427814262,100.0,2.1790932485438812E10,2.0321659246083943,1
100,0.3010923449486875,0.026269500400481368,100.0,2.1256162606032055E10,2.9601480286274824,1
100,0.37896577278245586,0.0039333726326480425,96.87310985389459,1.8950734339762104E10,3.063208796687193,1
100,0.7604522662327913,0.1,86.01453835890652,2.699283013584972E10,0.7063713499119969,1
100,0.7751121664146471,0.1,73.43306587575157,2.7936651974048164E10,0.5842846296612979,1
