evolution$generation,alpha,beta,tsteps,popfit,indicsfit,evolution$samples
400,0.5571119345797122,0.08402002732734055,24.840755284242956,2.191599536257849E10,0.2633062251526068,1
400,0.010690992157782499,0.09999998517255683,13.331692722314203,1.1231926328861187E10,1.0127935209857837,1
400,0.4150658012167363,0.1,62.106380620008046,1.479562002781429E10,0.8577290032848055,5
400,0.5407360914207104,0.0777641842656159,79.17146491828485,1.7182150766176754E10,0.5961961905785012,2
400,0.44791228619510876,0.07402977978250576,34.20244033346998,1.5210732944127155E10,0.49184240108101374,1
400,0.37303183280146085,0.0824714599022991,37.87357934486193,1.3733198779175415E10,0.7264494903576706,1
400,0.29720808564928614,0.0781319921439841,29.62153355450231,1.2567157262331957E10,0.7688609931925929,1
400,0.3033077840022233,0.07508268575421795,29.454601247322262,1.2753095758888615E10,0.7474327133974686,2
400,0.4294195881775644,0.07526337188283903,22.321642646275365,1.6376411522569057E10,0.3770106272757333,1
400,0.40581231909802834,0.07732637233572699,37.18911058412637,1.4249441933297733E10,0.6300078693004423,1
400,0.4166007189770463,0.07775270020890579,38.14975941804963,1.4386328809879961E10,0.6185607236611874,1
400,0.4214385888488945,0.03748030670968413,85.95821938309977,1.3868901413484667E10,0.6697887751163968,1
400,0.07023771777784574,0.08371463410363872,21.7112618641144,1.1919130477963406E10,1.0910366604321569,2
400,0.2361562176057438,0.07836766419551784,94.89679284828046,1.4512743290592232E10,1.2651723817536822,3
400,0.0,0.04765026659992107,30.303626371628386,1.1750321098573193E10,1.286729293331756,4
400,0.09177385822519382,0.07040261113312657,95.4340617072444,1.446754637683235E10,1.4569293478716696,5
400,0.046328874806007316,0.1,11.269957053865255,1.1781215921162718E10,0.9003883584607109,1
400,0.3818917511615025,0.07497411629296435,41.38454582807597,1.3836229213956001E10,0.7201279754876874,1
400,0.41506580121673625,0.0772194480125604,37.01254167302377,1.4565294597656403E10,0.6065852902073295,1
400,0.39383392776993287,0.09377142616695938,64.40023826761198,1.4626691688327036E10,0.9035514582516393,3
400,0.4260959149407463,0.07768382832613119,37.3366834993467,1.4633480930516424E10,0.5849303080561227,1
