evolution$generation,alpha,beta,tsteps,popfit,indicsfit,evolution$samples
500,1.796430348917727,0.005661319268459279,95.94806933437307,5.561148947625435E7,0.9479254921077227,7
500,1.796431115286674,0.005661324905581378,95.94806933437307,5.561148947625435E7,0.9479254921077227,7
