evolution$generation,alpha,beta,tsteps,popfit,indicsfit,evolution$samples
100,1.8881315441946889,0.08962768638448566,52.92298379584193,1.95770007928292E10,0.6661102830468835,3
100,8.70121471857064,0.08008508106839551,95.27233002076552,7.836275015431728E10,1.3573622775183682,4
100,0.5045347654584642,0.04818930117428795,3.319879301477145,3.9035645397692413E9,1.0203706978856752,2
100,0.7850299094331447,0.08267308772554335,54.835404216009444,2.3565133972186615E10,0.3729980905612317,2
100,1.1604700708138125,0.08999736400454036,51.15021899793496,2.0736241267422867E10,0.5131025224945287,2
100,1.8947260401458048,0.08601583516122911,53.28731957403158,1.924286108668823E10,0.6832596238736455,2
100,1.308728979824627,0.0868991636108771,53.98442571917917,2.0150860397908768E10,0.5439605232521831,1
100,0.7730275132884546,0.08195826536891075,53.40732101021677,2.3278487930652603E10,0.37456428592974045,1
100,1.8907393045398306,0.07944698104402646,52.779460567811256,1.8491174187600536E10,0.721180906822235,1
100,0.5073416747237387,0.048145446700619765,2.7968305984870465,3.719865945070311E9,1.2685039517273478,1
100,1.6518382828724287,0.08764389839975177,50.841954525649115,1.8866753972631626E10,0.6412497249503547,1
100,1.0342651287906601,0.048487101180678484,79.27614760065774,1.9379670536228302E10,0.5580914188337771,1
100,1.1658963574632337,0.0929637713075804,51.373186649586955,2.1152450192197834E10,0.4943528673769225,1
