evolution$generation,alpha,beta,tsteps,popfit,indicsfit,evolution$samples
500,0.4878382447587458,0.0012331140318448482,88.44773884558694,4.4297970033613E8,0.8870123318962875,2
500,6.655814531562363,0.04606464189295796,11.971912479855394,2.3389780097148822E11,3.9236055496674016,6
500,1.3889275056665416,0.08328519027239714,53.14399889384363,4.775614124687557E9,0.10031693272887811,1
500,2.506359833029471,0.08368888298256749,85.31329369548723,1.0432535912447989E10,0.3187035079426384,5
500,0.8753246797353798,0.01168215880794557,100.0,1.547125053834E9,0.2761448931556405,2
500,1.158123343629511,0.015089805046027164,100.0,2.5275661621663046E9,0.263856498656526,2
500,1.1523180731581808,0.044508673957677734,64.41398018916063,3.394402716812369E9,0.12863134618543598,1
500,1.054711930710808,0.03199493274019082,100.0,3.201248553994816E9,0.13432017535589064,2
500,0.5790342909012982,0.0028149162045690195,87.97715968197126,5.685800496644334E8,0.604702525423794,1
500,1.200733307611175,0.011400603584855664,99.89310819731165,2.355960173478358E9,0.37252123259141096,4
500,0.35290093188652694,0.08835300419173038,1.7327856045474066,8.868617012901888E8,0.5079662923550416,2
500,1.1522902618013917,0.050259689381463135,66.89852153504225,3.572913407155072E9,0.11880377370303014,2
500,1.019570146354227,0.033744834449183386,93.97998344290515,3.135619069148243E9,0.141565371353721,2
500,1.152402195009462,0.04445309995879698,65.03357879047113,3.425072106431052E9,0.1266952950273463,1
500,0.5690682776945801,9.042300405843911E-4,88.69310670854934,5.986291600083685E8,0.5797093025299715,2
500,0.9981603369981783,0.03784809846869387,70.6728800229711,2.9075090746077914E9,0.1458804680529852,1
500,1.0840766471474665,0.03299919245126395,60.90285029622794,2.7037070925715494E9,0.17827382685250068,1
500,0.6143707217951591,0.0027761596467239143,90.60218058267192,6.289531865823325E8,0.5016267912056441,1
500,1.1049416919828179,0.03601221484124443,60.869556496732265,2.8740435035587506E9,0.1633264483377156,3
500,1.0289701362414523,0.047597996670078316,56.73171522717841,2.9935785898750534E9,0.14072918881342794,1
500,1.0070002329844738,0.03381673952678104,69.61673997516017,2.7225067598907943E9,0.15400629985296174,1
500,0.9989329404837456,0.030748139394245345,77.65250131464994,2.742418664456776E9,0.15224760781334792,1
500,0.9833714631355552,0.027948410653792766,100.0,2.9055368939503007E9,0.14850100612339004,2
500,1.0109287255803345,0.08670817116098961,54.28447400962706,3.580115834248511E9,0.2079767952046591,4
