evolution$generation,alpha,beta,tsteps,popfit,indicsfit,evolution$samples
700,9.756522285150204,0.09610494945084953,18.139713946423754,1.1589657277631297E9,1.9271875334106492,9
