evolution$generation,alpha,beta,tsteps,popfit,indicsfit,evolution$samples
1000,5.733425416106299,0.004359736862918928,69.38839650177748,2.916532997754258E8,3.9163307966887824,8
1000,5.733425416106299,0.0043597368629189285,69.3945327699204,2.916532997754258E8,3.9163307966887824,8
