evolution$generation,alpha,beta,tsteps,popfit,indicsfit,evolution$samples
100,2.900205914414695,0.08711222535452051,89.04276199635498,1.4383015493441183E10,1.0118616403771066,5
100,0.0,0.0758815611723922,32.6715770740152,1.1528537795835455E10,1.7463523561586658,1
100,2.9012238342385244,0.08799252859181676,93.43169611921402,1.4454349065562963E10,0.9696846234637142,1
100,0.0,0.07636440369384245,32.662625819277714,1.1551946143187477E10,1.7391804987589385,1
100,2.900015139261077,0.08706959316376242,89.30595111623501,1.4361054963355593E10,1.0097719325648256,1
100,0.0,0.08329174122229284,3.4418473888501255,5.737901394714724E9,2.903647960597461,1
100,0.0,0.07589171421117721,34.63501351930989,1.1755208140901142E10,1.7230548961774494,1
