evolution$generation,alpha,beta,tsteps,popfit,indicsfit,evolution$samples
100,7.314114376266727,0.0856905630636373,48.70393704308132,3.486510699670293E7,0.9305020049047581,2
100,5.4232305519664115,0.03903742998913695,35.50147542587757,3.486510699670293E7,0.9305020049047581,2
100,4.706427616250757,0.00695252515911311,91.92112118660607,3.486510699670293E7,0.9305020049047581,2
100,1.8174293800252972,0.006268989936341174,38.47519961798853,3.486510699670293E7,0.9305020049047581,2
100,3.7812386595460357,0.09661333931160648,43.06737627241021,3.486510699670293E7,0.9305020049047581,2
100,1.0261320620030956,0.09349397812284035,61.60177237270033,3.486510699670293E7,0.9305020049047581,2
100,1.2279521296777984,0.09404413368596572,48.71347157498284,3.486510699670293E7,0.9305020049047581,2
100,3.7735604715013715,0.07989664367120704,73.87469347551058,3.486510699670293E7,0.9305020049047581,2
100,6.442277359218659,0.032210951283807486,95.76287083722207,3.486510699670293E7,0.9305020049047581,2
