evolution$generation,alpha,beta,tsteps,popfit,indicsfit,evolution$samples
100,2.8330305625463548,0.02174380868969965,64.22627053094753,4.9934637794289905E11,4.00058371569883,5
100,2.038384610576236,0.027872826896678405,83.06523689598404,1.637156647346677E10,1.9444185617875747,4
100,0.5689273438642521,0.003461415482255422,27.31924271141371,2.175032114323687E9,1.3370640247832155,3
100,0.7622086585503347,0.033941351848440715,54.99349022942256,2.750909107867969E9,0.9798426566538637,1
100,0.592340883057822,0.004552189622888191,40.876620343755796,2.1460621695626142E9,1.3005029761108537,1
