evolution$generation,alpha,beta,tsteps,popfit,indicsfit,evolution$samples
500,4.8933219274234165,0.05422597834383909,89.84458274191563,5.6802826501534626E7,1.1211807355008958,6
500,1.0238708330354118,0.08708863232262827,89.84458274191563,5.6802826501534626E7,1.1211807355008958,6
500,3.767075368791386,0.07861083335540596,16.769776072360795,5.6802826501534626E7,1.1211807355008958,6
