evolution$generation,alpha,beta,tsteps,popfit,indicsfit,evolution$samples
100,3.767075368791386,0.07861083335540596,16.769776072360795,5.6802826501534626E7,1.1211807355008958,3
100,7.973498425585177,0.0027866804003465087,75.08581735867098,5.6802826501534626E7,1.1211807355008958,3
