evolution$generation,alpha,beta,tsteps,popfit,indicsfit,evolution$samples
600,1.0238708330354118,0.08708863232262827,89.84458274191563,5.6802826501534626E7,1.1211807355008958,7
