evolution$generation,alpha,beta,tsteps,popfit,indicsfit,evolution$samples
700,7.252845717715164,0.040226768687498596,74.60968311740375,2.170593628250337E8,1.162513491721656,7
700,10.0,0.06324402839473575,40.30641700504378,2.170593628250337E8,1.162513491721656,7
