evolution$generation,alpha,beta,tsteps,popfit,indicsfit,evolution$samples
300,3.8931385034043653,0.02094894856671288,66.99105145753586,2.170593628250337E8,1.162513491721656,5
300,10.0,0.06324402839473575,40.30641700504378,2.170593628250337E8,1.162513491721656,5
300,3.764124387200537,0.034589022434378634,1.0,2.170593628250337E8,1.162513491721656,5
