evolution$generation,alpha,beta,tsteps,popfit,indicsfit,evolution$samples
100,0.3198362191414028,0.06098092757086378,65.18474174671027,3.921922273398012E9,0.8098876041674,3
100,1.3268978627591332,0.04489092025528645,30.330387641180696,1.8191798841628299E9,0.7109947863419502,1
100,1.3268978627591332,0.03418631226761792,30.330387641180696,1.3991674742394135E9,0.7848812723757078,1
100,1.3407413095890943,0.030728883261736673,30.562442449189557,1.2635703858377955E9,0.8190525093559438,2
100,1.3421396870050253,0.04756185003510948,12.887154092693773,8.478115155238756E8,0.9457637010063724,2
100,6.801950538809979,0.04056926582457951,14.137649872041681,1.9861445834289404E12,4.038067736969122,4
100,1.3268978627591332,0.04486642576981912,30.330387641180696,1.8208231853070755E9,0.7113237283989788,2
100,1.3140170630666805,0.044913158822707966,31.89962178814517,1.9266723310842175E9,0.6943366135608487,1
100,0.5866590336609467,0.06159234319989183,68.18206676639146,3.720610526148275E9,0.548704328929233,1
