evolution$generation,alpha,beta,tsteps,popfit,indicsfit,evolution$samples
900,6.236859093587128,0.1,90.78917107156987,3.874767379234429E7,1.3800894008427462,9
