evolution$generation,alpha,beta,tsteps,popfit,indicsfit,evolution$samples
100,8.088967866364738,0.0789617115000473,36.20026830645562,4.593747624097221E9,3.2580407083493315,2
100,4.5897349878661675,0.07827659853149856,78.80892578622088,4.700400645009493E9,3.250693710578278,4
100,9.259150952689863,0.0931044857935244,58.61437272232369,4.738286551261636E9,3.1843482829013716,2
100,5.157347045326595,0.05359505707659934,54.6815367796219,4.5810523596312685E9,3.390304273772427,5
100,4.589237017275685,0.04959491518505749,54.730098325502986,4.577144089870202E9,3.414879888309345,3
100,8.559773008308188,0.04489293373205508,21.526160246972747,1.6714732646880428E10,2.033803150009915,2
100,5.337179831387768,0.1,78.51586471218324,4.82546810342326E9,3.1497230300855703,2
100,8.697121345074303,0.08207546283592558,41.23867047140517,4.6282484807596655E9,3.240720302260732,3
100,4.824644083761684,0.04809512920575248,54.68748023259462,4.573735026771981E9,3.4249766421388914,2
100,4.603675620832463,0.04404684094377777,54.73043053948519,6.0861699983270645E9,2.7145538040947628,1
100,1.2013664815128533,0.007773515943855536,82.4991824620762,9.14856416119302E9,1.723494186029417,1
100,0.6948191450715013,0.03835632890123051,2.6751418492385013,3.197641995478353E9,2.9598106340210464,1
100,4.030305172587914,0.04906498653499758,24.081646873350625,2.0619975680993774E10,1.7165661823533402,1
100,4.6303377415568265,0.023895331623823977,57.53029192674584,2.4888268454810078E10,1.6718556675487333,1
100,6.255225383354926,0.021054238757433397,73.98050607183949,2.9536421986009956E10,1.6709999076152653,1
100,3.6287015629329344,0.02315353298105123,66.51768378962385,3.069469801153701E10,1.5484866227758736,1
100,4.9856789677993,0.1,80.94872605320884,4.829791151683907E9,3.1494307561394983,2
