evolution$generation,alpha,beta,tsteps,popfit,indicsfit,evolution$samples
200,4.42914336664127,0.08060548359973652,63.08846332429201,2.1176715175618436E7,2.081083673030421,5
200,0.365407031861252,0.0,100.0,1.4031471131521463E7,1.0963009102418306,1
200,0.0,0.004764910870658381,100.0,4.327182388990942E8,0.4561691845300636,1
200,0.9964560811776635,0.00655201166736259,9.74470149386823,1.610992399482428E7,1.970785820202798,3
200,0.0,0.07127695019824977,82.00950193429995,2.246330905067878E7,1.5024281939569775,3
200,0.3104413872260451,0.0,100.0,1.4046537724588767E7,1.0971905957921997,2
