evolution$generation,alpha,beta,tsteps,popfit,indicsfit,evolution$samples
300,9.968231123659114,0.0,53.32571994957802,6.200689709280626E9,0.4499356103984924,1
300,0.0,0.07165045669418091,89.07283884792551,1.951800430464035E9,1.1549383828485464,5
300,0.23309683632191064,0.0,91.00152512861118,1.6674825118102071E9,1.1369304621853007,1
300,3.8963223166710943,0.005617957416109544,64.22334728751284,4.529170147557292E9,0.8688674324223452,1
300,6.033590276265773,0.0,84.07949469876725,5.518805224848986E9,0.5088600148372004,2
300,0.5138913063398759,0.0,98.67892784315333,1.697284321944164E9,0.9995750524581692,1
300,8.610814644501328,0.0,62.46363633247922,6.040068631600939E9,0.46201680026545344,1
300,4.622108541095082,0.0,89.88132937130894,4.90538029464879E9,0.5665978293190258,1
300,8.623223560581575,0.0,63.551721211563724,6.005836835708361E9,0.4644932309829557,2
300,9.550715890696447,0.0,100.0,6.136394938218126E9,0.45443999753940717,1
300,4.209273269935361,0.0,65.41065786573854,4.747963670227648E9,0.5847430486171841,2
300,3.9331358241907672,0.0,64.03461950613972,4.65569260379796E9,0.5959819428277907,2
300,4.7770011986395895,0.0,64.27902751018361,4.9884871473538685E9,0.5607517125725192,1
300,4.115133689868951,0.0,64.16705037164172,4.720384070535021E9,0.5884803507741369,1
300,4.038584217300616,0.0,64.44575848976655,4.681801385178087E9,0.591893385813725,3
300,9.501512289844234,0.0,100.0,6.14309203018297E9,0.4538861099392138,1
300,4.3505477918774265,0.0,93.03497330864221,4.816013532246447E9,0.5783818645910463,1
300,7.879588880985305,0.0,62.851472370126025,5.879150548704454E9,0.4739639667510833,1
300,0.5291905871371462,0.1,32.30979665208396,1.9263786400635197E9,1.8601611195552317,2
300,7.934313743744665,0.0,62.952052857833145,5.890279977327501E9,0.47270978373235434,1
300,9.036512684436783,0.09047785744246317,79.81099706949469,1.9493705020783255E9,1.8780561727825464,4
300,0.0,0.1,55.26453477880806,1.9395577779493608E9,1.1387778196432017,2
300,0.0344714363399056,0.09991893933094942,100.0,1.937702868891375E9,1.857040431244207,2
300,0.12888790608655282,0.09985551948798542,83.16492474146514,1.9366322300531723E9,1.8580498151402876,3
300,0.16324779591645688,0.1,83.28114239923372,1.9362809746212435E9,1.8577718432593198,2
300,0.0,0.1,65.9108630014662,1.939906108271015E9,1.156395002231186,3
