evolution$generation,alpha,beta,tsteps,popfit,indicsfit,evolution$samples
100,6.186724509827979,0.05713116592155472,75.99401110868115,3.5424384484061165E9,1.389886052129458,4
100,0.9576946514604789,0.09830414608569492,83.83393426936355,2.1294588063469324E9,0.28306347487368805,3
100,0.48246231538216994,0.042859766694799184,29.818111337541893,1.3295150817099898E9,0.8312703553231834,2
100,1.002508686818047,0.09765662477663593,84.10881311928,2.1164032403361323E9,0.2818452148018318,1
100,1.076211474387798,0.0985974819098267,82.16866920673826,2.0918327075442746E9,0.2853798209246267,3
100,1.4229210464927862,0.09740376188244346,83.9969062277219,2.0424951282938805E9,0.3146664642775345,1
100,0.0,0.1,100.0,3.17098919792595E9,1.4065901578197613,4
100,0.0,0.07420052294620867,22.504896709491383,1.684962569420702E9,1.1135143118830246,3
100,0.4470916581949602,0.04198225055257376,29.70203351338035,1.329462216748136E9,0.8752184296037766,1
100,1.075649406682377,0.1,87.75378384538092,2.1457900243632414E9,0.2789335367263993,1
100,0.5540197164893936,0.04263516642819484,29.441725339152974,1.3398305258424203E9,0.8160166719556445,1
100,1.0334779673698313,0.09834724754620591,86.74917603606856,2.1399002667708173E9,0.27987291096386935,1
100,2.4528245388082865,0.08925652868404242,64.86886244746952,2.0084217525974195E9,0.6323534290322389,1
100,1.0850633463691473,0.09862162675921259,81.96160894651427,2.085302092822441E9,0.2875758424121221,1
100,3.037358699110829,0.09381899808332476,65.38147799849845,2.0728974227382586E9,0.6828424171043662,2
