evolution$generation,alpha,beta,tsteps,popfit,indicsfit,evolution$samples
400,3.3660801882897045,0.09972428579755827,100.0,9.953977197701277E8,1.8862729310370878,7
400,1.145141904050198,0.03243155132953141,15.890608241980155,2.672463168547603E9,0.19271424193156744,1
400,0.14781497301418917,0.03898032722610196,5.17572399029087,6.495791112760845E8,0.9145125484283266,1
400,0.3232074581529856,0.023859187047717067,17.14065922777817,1.64049950496257E9,0.46893211291708686,1
400,0.6258589903359869,0.024120299311869226,17.483589759374873,1.7025253644276958E9,0.3013613932846286,1
400,0.2621113148623174,0.03462557849901198,14.717149819976273,3.081837159730963E9,0.5007954949803091,2
400,0.6488894694438678,0.023845089346528566,19.892004757153476,2.308075637888675E9,0.22939939987619878,1
400,0.36582837525866135,0.023108751686969048,15.999359819491854,1.2521694048166275E9,0.4846689298373895,1
400,0.6171071867057767,0.024349139794670627,19.159284877912363,2.240719165791793E9,0.24227010198663634,1
400,0.17844383837711905,0.023672277139514107,18.063898813872942,1.9367267208249102E9,0.557895431117395,3
400,0.3273817054568157,0.02404387335894162,16.972546542089745,1.655075253336239E9,0.462838053045671,1
400,2.704902022189148,0.008499919088560388,53.482001116842305,2.2874044709937882E9,0.5378476341688962,2
400,0.2100216158938978,0.026603588044025114,10.647028389325811,7.370685510859735E8,0.7457985625708109,1
400,0.1563592505605379,0.0215927839580232,15.090260004106952,9.52647845273319E8,0.6923293388480958,1
400,0.24379933745297735,0.026965667854746633,12.158265732106793,9.637136866836641E8,0.6321941477116386,1
400,0.1585252522992002,0.03184252247496056,4.72822843441955,7.439776869145298E8,1.0312362303518225,4
400,0.1354858083505185,0.03182079775238214,4.690245687911738,7.430167700924438E8,1.0435387260850542,2
400,0.16423653735395777,0.022178921301311424,16.56500718521589,1.294359983834518E9,0.6226236961046927,2
