evolution$generation,alpha,beta,tsteps,popfit,indicsfit,evolution$samples
100,0.3762026311782307,0.0785306013855657,54.76849094031911,7.450266084286511E8,0.1005229869587333,6
100,0.4642932458879454,0.07844388959926703,56.34364793652148,7.489071430620254E8,0.09160843270551376,2
100,0.393357810761322,0.07820641285536707,54.887210906394685,7.443277257191637E8,0.09256673462598308,2
100,0.20812829678172934,0.009326733631029694,54.67463585217743,1.5507721177190164E8,0.21989580052435923,1
