evolution$generation,alpha,beta,tsteps,popfit,indicsfit,evolution$samples
300,0.6252146877204268,0.06709612329705376,36.905535479988835,8.469962433594902E8,0.08959359793318834,1
300,0.48187189525021323,0.011659418379189771,19.133089682285064,1.99021826055442E8,0.22915914788976435,1
300,0.47101156237153025,0.011577065494273784,41.63237866969161,2.553167078388147E8,0.20215016763416446,2
300,0.4801993208848537,0.01299032301188393,45.50903972058382,2.887499239528336E8,0.19999672098547416,1
300,0.49401752954210626,0.015216821148603949,45.93627909939066,3.1834193655718434E8,0.17748361884959463,2
300,0.5421921331972565,0.017563184018458407,45.17355897267938,3.5747193740727973E8,0.152112222576696,2
300,0.5286230087142364,0.019937564766359175,46.252691257111195,3.959443944840787E8,0.1429448758497928,1
300,0.49496357697066584,0.02775844973316696,45.92676982430771,5.2068617036262584E8,0.1539061208253373,3
300,0.5406396921165052,0.02941404374344018,45.24873507768192,5.27767155950525E8,0.12130587896191994,1
300,0.5504875023966453,0.01575840667899171,45.129452036128654,3.3070938664482194E8,0.16336776009701975,1
300,0.5333263532905071,0.02546146415631316,52.538798156720645,5.33616288695133E8,0.11801324006778252,1
300,0.5493473161707523,0.01765725688136388,45.121310390365515,3.5816247228792584E8,0.16244329683921052,4
300,0.477090317571882,0.013530543875514112,45.5258709662815,2.9574768797175115E8,0.19443360720730357,1
300,0.5509287334937878,0.01580643024760454,45.10830474727911,3.321090772178682E8,0.17436752725416038,2
300,0.4817129438910325,0.01362035381452991,45.45366577056076,2.9679090391173947E8,0.18790568935933036,1
300,0.527896431931493,0.02046822774005329,45.388052109018524,3.979775542868755E8,0.14209810699905723,2
300,0.5409289374710857,0.02965836207250322,45.384131728577486,5.425787942713443E8,0.11651533191655282,1
