evolution$generation,alpha,beta,tsteps,popfit,indicsfit,evolution$samples
100,0.5493473161707523,0.01765725688136388,45.121310390365515,3.583927997166653E8,0.1725530891470226,3
100,0.49024409212768266,0.030624699851520228,46.01207392518723,5.630722796298109E8,0.16065898403861625,3
100,0.5504875023966453,0.01575840667899171,45.129452036128654,3.3070938664482194E8,0.16336776009701975,1
100,0.5423397763555516,0.02966256356513926,45.386684234148866,5.439347094448367E8,0.11660296449500121,1
100,0.4816617281843061,0.01352439671880445,45.524119133215734,2.9476466484667534E8,0.2102943924442747,1
100,0.49496357697066584,0.02775844973316696,45.92676982430771,5.2068617036262584E8,0.1539061208253373,1
