evolution$generation,alpha,beta,tsteps,popfit,indicsfit,evolution$samples
100,3.056726648281889,0.01319955025025712,89.18431393204078,6.27419595799843E9,1.5181794486624225,3
100,4.9342777936925035,0.081804948276198,84.09209792300972,4.683352946990608E9,0.567482228829643,2
100,1.342086832334668,0.04037592032363002,8.329298665513925,1.3958617583750014E9,1.3099004202237974,2
100,0.442448693206432,0.03487784011023159,6.683124329069209,7.72856348485105E8,1.3914962901765806,2
100,6.361442423250059,0.03925187671319146,28.915607479774703,1.6828429968994715E10,2.203179817515626,4
100,3.8333590449384314,0.08585586636480631,95.03917694569272,4.910480184820902E9,0.3229611673016438,1
100,4.832787079364773,0.08228930364880284,100.0,4.791873085095776E9,0.44892171596831953,2
100,1.9708930969070961,0.025786592506795727,67.85626090473808,2.5156246601262956E9,0.8729477163492297,1
100,2.1070056570883016,0.06723280757663862,100.0,5.072629296105715E9,0.3052961736007193,1
100,0.9760939133194801,0.042262762120098135,10.007815089597576,8.018015672681117E8,1.1666474174723047,1
100,0.612872471548151,0.03498415562618735,6.135954589189158,7.102602209365187E8,1.3327250892438007,1
100,3.8692022404336175,0.08583304657625118,95.37582734645828,4.90227974290669E9,0.3230524834649322,1
100,0.5709517253160543,0.03420404197974005,9.834628833687242,7.97383135950493E8,1.2611734076265577,1
100,3.9623667712497914,0.07772241853225902,100.0,4.728771560589346E9,0.3546022694881712,1
100,1.5029583308366838,0.07750585157680522,63.88183642084277,4.702713613785805E9,0.35539468400496893,1
100,4.93416255282294,0.08123846484607766,84.34363854296615,4.678198437884069E9,0.5696995264043379,1
