evolution$generation,alpha,beta,tsteps,popfit,indicsfit,evolution$samples
500,3.977956545866579,0.09587901651618987,83.60279371782279,4.9200070831865214E7,1.3339291091262142,7
