evolution$generation,alpha,beta,tsteps,popfit,indicsfit,evolution$samples
100,2.0088786356721067,0.05861565057150573,10.417774741998777,2.6994481799744387E9,0.983548073411096,2
100,0.4961171062601655,0.03226336546829785,43.87076577546274,3.9485508022156367E9,0.5153061071433898,2
100,0.0,0.024646792239046846,5.402468158939276,2.0980382660493658E9,1.22043621934187,3
100,0.9822774994066642,0.0157385609716393,46.64893303306779,2.4743268827756963E9,0.8398874802360595,1
100,0.35482390965570165,0.032502694930489615,37.677585347236636,3.5314113521899037E9,0.5734079934115403,1
100,0.7162569727324628,0.06693231484903524,34.92013478115964,5.362600057137135E9,0.37967425680329053,1
100,1.9262399244464699,0.05748160514794293,14.253609556563475,2.92615502983337E9,0.8233741561104257,1
100,0.9288248014095511,0.016011936577812632,46.687621604133334,2.484418387457501E9,0.8289778747501031,1
