evolution$generation,alpha,beta,tsteps,popfit,indicsfit,evolution$samples
100,1.1136862227171274,0.015624312215485991,27.28460387286178,1.919376536719374E8,1.2865007872459857,3
100,1.1174140810338806,0.0065612938077840525,71.90780141675504,2.308881304338284E8,1.2303149257237287,2
100,0.6026152489341952,0.06295775843944933,37.8580929497152,2.7498841725965614E9,0.6132502441752263,3
100,1.3267400694405573,0.030325762182899063,95.29452253050488,2.5760470068330297E9,0.39388557404956454,1
100,1.372385947294329,0.0,55.663167057734704,1.2483618113477299E8,1.1638214391391817,1
100,1.1638633731397408,0.034480686927978864,94.49711159643087,2.8138799636843176E9,0.37637766455414956,1
100,0.9875613381423848,0.015313567166005612,11.548066906954727,5.398873728453341E7,1.6557448130043895,1
100,1.0976417262003264,0.005321474296019951,25.844588366582947,4.235343857281146E7,1.816997806061884,1
100,0.34758227433854827,0.010653175411564941,3.130794336967739,1.8999325228804332E8,1.034481411239754,1
100,1.3849676882417965,0.005022069695625742,55.81065026234806,1.04018799958397E8,1.5587928145589949,1
