evolution$generation,alpha,beta,tsteps,popfit,indicsfit,evolution$samples
300,2.579417784212714,0.0850686258663769,59.15952497730037,3.0534616319542456E9,0.0846575024864776,6
300,0.6992879879101854,0.05296008166485351,21.896909536412473,1.3256574439077759E9,0.10621568733173868,1
300,1.975646579922497,0.08359079006160619,54.937109979329534,2.224042415886201E9,0.029952996609912404,1
300,2.018151453863042,0.08355116344679983,59.34485920109153,2.215259479560542E9,0.034558988576325854,1
300,2.4548773116728055,0.08483781778064509,66.67100785298872,2.616784406394672E9,0.04249354111176152,3
300,0.8903429580189546,0.04884999006767869,28.092350770060474,1.3283944333508549E9,0.2014761917421096,4
300,0.6434774276366722,0.04801565677924192,27.969049807799237,1.3902867745494993E9,0.0703855869445313,2
300,0.8915756858614965,0.04884997522765237,28.09351938519418,1.3305862617425056E9,0.1909518266298845,2
300,0.8884645912318573,0.04884452137763886,28.07798410365616,1.3260686380259182E9,0.19837638551233006,2
