evolution$generation,alpha,beta,tsteps,popfit,indicsfit,evolution$samples
100,4.571122481868867,0.07879353133839094,56.19289451960563,5.40241542402628E7,2.9677892591244,3
100,3.7158053105366573,0.02621369652956289,17.307969326314094,5.40241542402628E7,2.9677892591244,3
100,3.354928460502886,0.09445650419680036,97.51909507999558,5.40241542402628E7,2.9677892591244,3
100,0.3747951006939876,0.0017436587350137423,98.29633092402175,5.40241542402628E7,2.9677892591244,3
100,8.906535646739298,0.07428975033615692,96.23971481005556,5.40241542402628E7,2.9677892591244,3
100,3.6848102436713512,0.0,14.015153356725826,5.40241542402628E7,2.9677892591244,3
