evolution$generation,alpha,beta,tsteps,popfit,indicsfit,evolution$samples
600,3.406019615743486,0.006289772128922306,8.225480562160229,5.148734763359088E8,1.7312108170089324,7
