evolution$generation,alpha,beta,tsteps,popfit,indicsfit,evolution$samples
500,3.406019615743486,0.006289772128922306,8.225480562160229,5.148734763359088E8,1.7312108170089324,6
500,2.9903348316360123,0.026580823191115557,14.642511482408402,5.148734763359088E8,1.7312108170089324,6
500,0.0,0.1,1.0,5.148734763359088E8,1.7312108170089324,6
500,4.03830775808911,0.01755183607761355,47.07868963077152,5.148734763359088E8,1.7312108170089324,6
