evolution$generation,alpha,beta,tsteps,popfit,indicsfit,evolution$samples
800,1.6840327441949499,0.00563211333712889,26.177076776233616,4.367915933260103E7,1.1196847183695708,7
800,1.714855176312168,0.006859791891669247,26.242321947557762,4.367915933260103E7,1.1196847183695708,7
800,6.0983879285155815,0.07876732327515264,49.74169988794483,4.367915933260103E7,1.1196847183695708,7
