evolution$generation,alpha,beta,tsteps,popfit,indicsfit,evolution$samples
500,1.6840327441949499,0.00563211333712889,26.177076776233616,4.367915933260103E7,1.1196847183695708,5
500,0.9904262209726467,0.0066143828340836435,59.382323195244965,4.367915933260103E7,1.1196847183695708,5
500,6.351958945712064,0.02942536400510148,55.6621432262419,4.367915933260103E7,1.1196847183695708,5
