evolution$generation,alpha,beta,tsteps,popfit,indicsfit,evolution$samples
900,0.9904262209726467,0.0066143828340836435,59.382323195244965,4.367915933260103E7,1.1196847183695708,8
