evolution$generation,alpha,beta,tsteps,popfit,indicsfit,evolution$samples
700,10.0,0.09449769455505906,42.216114624058875,3.880615231829634E7,1.9194341392553995,11
