evolution$generation,alpha,beta,tsteps,popfit,indicsfit,evolution$samples
100,0.6232879940523683,0.09989612690181482,59.482137974722924,2.356949063116675E9,1.037702513645229,2
100,0.6231329211854432,0.084165620379545,54.76158943102693,2.120962119190786E9,1.277138349989733,2
100,0.625361067072422,0.08372466532801241,54.715305454101475,2.1145505056815464E9,1.3560992597787016,1
100,0.6269035992835936,0.09924441728733739,52.569784745211955,2.229421590816378E9,1.1284516088136551,3
100,0.6050472263722491,0.08415878639165662,54.76158943102693,2.1509767958646374E9,1.2488065248900784,1
100,0.7926873191424768,0.0,21.213832211016275,1.0057602765530449E8,1.402646394475933,2
100,0.6231688806353618,0.08352627035793947,55.26639038288535,2.1211137575549264E9,1.2756766804260127,1
