evolution$generation,alpha,beta,tsteps,popfit,indicsfit,evolution$samples
100,4.432780557825269,0.08549270182007539,54.4983596481377,3.965287221061909E10,1.3222138461798394,3
100,4.5862983036060445,0.09377485155660224,48.096763046098616,4.0613373058599915E10,1.3651354234339153,4
100,1.3187353321368245,0.026314576797014856,75.2883905077105,4.815988034798461E9,0.7666119632570294,2
100,1.3360463791499941,0.02679788575120441,79.60566356310999,4.859837960103939E9,0.6741473816651606,2
100,1.3187353321368245,0.02631457679701485,75.28839096273948,4.813903830846912E9,0.7669713079953939,1
100,0.9161377969564803,0.04123963340126531,57.85580709549561,4.996885793223694E9,0.27626045341153527,1
100,1.2406877597034907,0.026358298002739984,69.34004714379387,4.71558840108675E9,0.8197875052863202,1
100,1.112391014364448,0.022175427540422378,60.88718085792529,4.650734696124471E9,1.2032799815778588,1
100,1.4022580745583701,0.09570559959464578,86.40185929529112,6.572604739412689E9,0.08933955493570106,1
100,0.0,0.013576971375519248,66.79677249272915,4.321474675155057E9,1.612656019749536,1
100,1.196716737033296,0.05042170566531673,60.3130847484181,5.309957674984343E9,0.20696302443821485,1
