evolution$generation,alpha,beta,tsteps,popfit,indicsfit,evolution$samples
200,0.2272120363403514,0.05414953479009702,32.35639994427531,9.49465224015344E9,1.2373110834557282,1
200,0.4300544021462613,0.07614180152525409,100.0,1.3046217897386568E10,0.48387860386267845,1
200,9.009398579064696,0.060554792039615335,80.3971479747025,9.906342215310248E10,2.890953066901928,5
200,1.70014278174247,0.04746755369715494,17.66860175524778,4.4018439883216E10,3.7994694438272316,3
200,2.7557082140410976,0.04625242253922247,87.58671823093366,8.254453498688486E10,2.9845691259227287,3
200,0.21177913267615445,0.054458571987835505,57.997902853400795,1.0271495252973507E10,0.9780090655320156,1
200,0.26440819687985573,0.09029916593633502,46.354521940142725,1.10133537648317E10,0.8055441101131928,1
200,0.0,0.054164190585708594,31.907346950153208,1.0112609323436855E10,1.2116833961757782,1
200,0.8646081187928095,0.07993268258914198,89.5242355856403,1.2852379007659077E10,0.6484489434880182,1
200,0.5901410196249074,0.04859652678091482,20.15052382580601,1.232340461980531E10,2.1779766513344825,2
200,0.3184912863455663,0.08931276162395257,60.343904193732236,1.1802584972867918E10,0.6724351925342343,1
200,0.9043465235005778,0.08032348019981106,92.36542745065388,1.3002894071657368E10,0.6345908974548926,2
200,0.4300544021462613,0.0761418015252541,99.99999999999999,1.3044583691648605E10,0.48540506764315833,1
