evolution$generation,alpha,beta,tsteps,popfit,indicsfit,evolution$samples
100,2.68779238670396,0.039212460788559604,22.81116880951187,2.3399625168985355E11,4.834959643545848,5
100,9.009398579064696,0.060554792039615335,80.3971479747025,9.906238726638565E10,2.890952561846328,4
100,0.25638743839456746,0.09068734142566476,60.52005463812893,1.194331730923469E10,0.7371003694162741,1
100,0.9456811310382229,0.08035150042198991,92.06598235836341,1.3018217226659489E10,0.6704279291344937,1
100,1.70014278174247,0.04746755369715494,17.66860175524778,4.395830019732657E10,3.7987087447798116,2
100,0.9874347301092935,0.08405436376855234,92.36192746386187,1.3246781967051392E10,0.6523299689048795,1
100,2.7557082140410976,0.04625242253922247,87.58671823093366,8.262891689869402E10,2.9856828938013704,2
100,0.26440819687985573,0.09029916593633502,46.354521940142725,1.10133537648317E10,0.8055441101131928,1
