evolution$generation,alpha,beta,tsteps,popfit,indicsfit,evolution$samples
200,0.40665702100663337,0.06911245654320923,81.8015967650719,3.0055784609469967E9,1.9803059539271366,5
200,0.7030704320930024,0.033802256431765126,29.42954403775953,1.2464158324554582E9,0.6888730151428843,1
200,0.5167842559923996,0.06081819707393785,5.664563812487454,1.306479520822198E9,0.8263599178073829,3
200,1.9109997830247294,0.04207656821324786,99.8318024849402,1.6151615471077428E9,0.7422459422728175,2
200,0.5516788921580084,0.060077684799543035,2.8488590203561026,1.6498016435730572E9,0.8158846119396961,3
