evolution$generation,alpha,beta,tsteps,popfit,indicsfit,evolution$samples
100,5.521049136430167,0.09829710835757427,84.79962550106677,1.3454545717133934E10,0.6851806137821891,4
100,0.469049886545021,0.06117422861866378,25.37607656321068,3.3603761535828147E9,0.7475025981203488,1
100,3.4666465020518142,0.1,97.71144746619393,8.54989799224363E9,0.437757040643289,2
100,0.44334902517726016,0.06271012055998787,24.255172031790966,3.3510157689210343E9,0.8071568494228855,1
100,0.5112903090583409,0.06262089579263341,24.699976610702258,3.378881492203227E9,0.6512295589352481,1
