evolution$generation,alpha,beta,tsteps,popfit,indicsfit,evolution$samples
100,6.275895886527827,0.03145948115626842,26.90954712000147,7.936128107438038E9,2.6268985279606927,4
100,3.9118839631495366,0.09288058192884585,100.0,1.132282249241066E9,0.2537497003977289,1
100,0.444542141171274,0.0,69.75256474551674,1.2151497805979711E8,1.2404184129384428,1
100,1.6539758951290127,0.09226449274777887,28.452792850524464,6.821088457150981E8,0.4659980652404529,1
100,3.5321506118608035,0.0855885884963385,95.08244313123471,1.09970903291736E9,0.2618042104802616,1
100,0.6810845980176328,0.04002585396942609,15.334931276846332,2.346631462657703E8,0.8588950974573003,1
100,0.7954471548515446,0.0437944069960308,16.592049599967673,2.4717471735870302E8,0.8066265391562566,2
100,1.1030297321687355,0.02045268312382885,13.004840930070959,1.309489782389634E8,0.982216492702519,1
100,2.9181730476917944,0.06989673031225115,85.20074677123583,9.906180833161936E8,0.331311518597233,1
100,2.847904071484249,0.06872112492046896,85.66995738196113,9.914066397828771E8,0.3283120305767212,1
100,0.5661219934618011,0.07206571607778274,42.34985724986459,9.716459280514444E8,0.5980964536239172,3
100,1.5591319673593294,0.07264387542459917,47.43658101902999,8.09756128963705E8,0.38297435829670434,1
100,1.1510676127939632,0.030845246741940325,15.026929376424409,1.5538507425974867E8,0.8845292275968463,1
100,0.7557392996252393,0.024620641320710637,16.268714060489458,1.5186161007719517E8,0.9251067116660892,1
100,2.8907784271590833,0.06952874607439054,80.88119858131134,9.74059954580464E8,0.35169821375413846,2
100,0.9148413087255846,0.03071468623914871,15.85681611233164,1.5823864813414854E8,0.8710089449126684,1
100,0.9148413087255847,0.030714686239148706,15.856816112331636,1.5887456043977013E8,0.8690173510244447,3
