evolution$generation,alpha,beta,tsteps,popfit,indicsfit,evolution$samples
100,0.7484020153926907,0.005040312349294651,79.98389739262768,3.120422059943468E9,0.25013451559725824,4
100,0.7485403766568272,0.004484253960378689,80.1652477554351,3.198575050340518E9,0.23521911801000803,2
100,0.7484020153926907,0.00504031234929465,79.98389739262768,3.1004487609445066E9,0.24147137267160293,1
100,0.7461754139061341,0.004944601310065388,79.68237452758925,3.1525085311333895E9,0.23873329187498363,1
100,0.7156357710352317,0.0,79.88608021133044,4.15152630076946E9,0.17286345291832605,1
