evolution$generation,alpha,beta,tsteps,popfit,indicsfit,evolution$samples
300,0.4652955544689044,0.0023601740763690682,76.17325890067086,1.6355471081243663E9,0.44156148867479944,3
300,0.9909004478914968,0.0,78.56686401526214,6.186417381204348E9,0.10112934125035805,1
300,0.7484020153926907,0.005040312349294651,79.98389739262768,3.11721486129082E9,0.2436720306746516,6
300,0.7598011555723433,0.0,76.62737018633231,4.520012294722546E9,0.13409908422319367,2
300,0.4652955544689044,0.0023601740763690682,76.17325890067085,1.6365425717049656E9,0.43866381470516796,1
300,0.6936964273456221,0.006946850753364944,75.97312594861468,2.624934087207894E9,0.17028359919325517,1
300,0.7589581113542809,0.00865337512499017,80.00442147491728,2.8877115234921403E9,0.21809836337052577,2
300,0.6619331553616701,0.0026390027081455007,80.1534642180562,2.85173382650773E9,0.15809495217282293,1
300,0.8159316264758821,0.0,100.0,5.002696763415134E9,0.10223418635552257,2
300,0.6617312916480353,0.0026477852400248994,80.14591807141302,2.845123986590162E9,0.16015485599261653,1
300,0.7484020153926907,0.00504031234929465,79.98389739262768,3.117093397954133E9,0.25144377009965946,3
