evolution$generation,alpha,beta,tsteps,popfit,indicsfit,evolution$samples
800,5.591488051338883,0.0554508714153224,57.201069928354634,5.768430070009061E8,0.16188391328744434,7
800,0.33770526786754074,0.08354013931808318,33.42127457298878,5.768430070009061E8,0.16188391328744434,7
800,2.10064702306418,0.020904681684044555,100.0,5.768430070009061E8,0.16188391328744434,7
