evolution$generation,alpha,beta,tsteps,popfit,indicsfit,evolution$samples
500,1.3347791788115582,0.030034648453400915,13.159719096227969,1.3501789572971087E9,1.5194075969934873,7
