evolution$generation,alpha,beta,tsteps,popfit,indicsfit,evolution$samples
200,1.0973635091597431,0.0,100.0,2.4448337837793908E8,0.9426056946850132,3
200,1.2834246721992806,0.08781872055316511,94.1920996387661,1.5126025635279215E10,0.5031780683303347,1
200,1.1512934288110241,0.027643215253849426,99.71247400406297,8.444480945500741E9,0.6487598125296671,1
200,1.3159192559378456,0.06799433345111251,92.29793618393455,1.3419650445762379E10,0.5302036564775692,1
200,1.336110245047557,0.08505863428940282,93.17485335956425,1.4926201642502922E10,0.5110165309312189,3
200,1.0813371931891322,0.04764508103817145,67.81561903535108,9.397934848000465E9,0.6053018237661346,1
200,1.5584510901508404,0.02849580489397895,70.66309768879944,6.882510821638642E9,0.7606669635357192,3
200,1.2407208709114341,0.013014613651749971,98.34414754971952,4.147574557705158E9,0.8742294160533505,1
200,1.1265966864332784,0.015625398904638838,100.0,5.226882008071569E9,0.7953084095903094,1
200,1.1395619192310606,0.011433761470004885,100.0,3.6557786668692007E9,0.8972668689425211,1
200,1.458625270532997,0.018715020450308036,96.82986930926296,6.118548565233157E9,0.7847923455939283,1
200,1.4738019521310977,0.014960246841397577,98.15346583823307,4.940568874004466E9,0.8498278446015395,1
200,1.5413967641906456,0.02863971570243229,67.25944657219257,6.589865872298781E9,0.771617142351588,3
200,1.042302647115276,0.0479220743842544,67.32109065280912,9.45225961497168E9,0.5984675388317293,1
200,1.5362742891786643,0.028322300591287777,67.25945694522025,6.522991145789312E9,0.7742694462792271,1
200,1.3343942915304874,0.08551971813447273,92.9081361707663,1.4946610061939774E10,0.5104622049434362,1
200,1.1352530179995615,0.015441937288917785,100.0,5.163168925146558E9,0.7991253704951046,1
200,1.2517162729320839,0.015297000536340921,98.42256237571048,4.985835587142483E9,0.8230526603789766,1
200,1.1205616294837837,0.015198352257369189,100.0,5.09053204321283E9,0.8005695401072616,2
200,0.9050719906413291,0.019621265349074442,96.66235184385636,6.570010579185745E9,0.6786167797692809,1
200,1.0941304271243022,0.01541059752791858,97.67279820505226,5.025056001043855E9,0.8017655036575028,1
200,1.4537636350726704,0.01799560139975664,96.67160559680549,5.850579875981282E9,0.7971248691061495,3
200,1.1248742114073829,0.015148119044199135,100.0,5.074602793294966E9,0.80291866683788,2
