evolution$generation,alpha,beta,tsteps,popfit,indicsfit,evolution$samples
100,5.9794760995479646,0.025879417573317066,42.8523843026126,5.3442020120373386E8,1.3060320842966653,4
