evolution$generation,alpha,beta,tsteps,popfit,indicsfit,evolution$samples
100,1.2650581069210287,0.04528803409361431,35.983653041971166,6.1831501311181114E10,0.9943881295407506,2
100,1.3746269636498436,0.09507706369969288,31.475987414806607,5.847416548639219E10,0.7479778351106147,1
100,2.7261694045732083,0.0636530026532086,91.97470212914398,1.095705438325216E11,0.968346531509565,2
100,0.0,0.1,82.10827490563832,2.450414381245333E10,1.4155105610392618,1
100,1.3928712750547543,0.047546161812191796,34.177992680478475,6.686172471190955E10,1.0723790401268327,3
100,0.0,0.06909821845522963,55.672768899212116,2.2035929474164543E10,1.5045795974027394,1
100,0.0,0.018852666185596015,39.39980184998044,1.86668560256432E10,1.6716212510646316,1
100,0.011367615201138725,0.1,82.13538706703355,2.3647154041887478E10,1.4274956409280573,1
