evolution$generation,alpha,beta,tsteps,popfit,indicsfit,evolution$samples
200,3.3191633170338264,0.09626854509825114,51.01021485463561,3.8558816376317404E7,1.3541565626681766,4
200,1.8345726054818705,0.004951756527801819,86.55746183499325,3.8558816376317404E7,1.3541565626681766,4
200,4.438448274625437,0.0018672572996636606,92.45551910119802,3.8558816376317404E7,1.3541565626681766,4
