evolution$generation,alpha,beta,tsteps,popfit,indicsfit,evolution$samples
500,0.05231803046753525,0.07224051653110086,53.456297798334816,1.1305015593672094E9,0.8597586683401629,7
500,0.6805251208186667,0.0,99.94027207511161,1.2301372042591009E8,0.08471573707687138,1
500,0.9519269772504015,0.04360452171433211,29.662890392236957,4.597514087928977E8,0.17875743595128418,3
500,1.1745206333595581,0.03656898882314039,24.056601279525108,3.859891407536168E8,0.19493582241774493,3
500,0.6935932285049571,0.06953980122786452,1.6000865054285893,1.854220895534141E8,0.1303512939370228,2
500,0.9024005932218289,7.104793078922844E-4,97.24515612001899,1.5632806565176523E8,0.30060597700605884,2
500,1.002340306474169,0.03997694137728702,39.69901304390574,5.51706668706759E8,0.19958385590674393,5
500,0.9029201174570312,0.0,98.83047299811392,1.6690090038639355E8,0.17682339881510747,2
500,1.0882050312994478,0.0,74.52309249134855,2.9161812891864175E8,0.26154373086648874,3
500,0.7086720529947598,0.06168342304343131,11.648914048235167,3.1215903187443984E8,0.12262762426490634,2
