evolution$generation,alpha,beta,tsteps,popfit,indicsfit,evolution$samples
100,0.05231803046753525,0.07224051653110086,53.456297798334816,1.1304812006434484E9,0.8597586683401629,5
100,1.2175382552240777,0.030929920632640995,51.33776650628396,5.709092571731234E8,0.21327941286749658,2
100,0.3218857158541729,0.06675357814328738,12.52981962944202,5.1987115901225156E8,0.4157369161601776,2
100,0.0,0.03583696110616555,89.45191284905464,1.1087102814115567E9,0.880964070706246,3
100,0.8780648947902948,0.06707616093613905,29.320723423037897,6.388406713631382E8,0.21080730529885414,2
100,0.27405031122861334,0.06657795371297069,10.640873491521427,4.961498039723915E8,0.4353605030308364,1
100,0.3218857158541728,0.06675357814328738,12.52981962944202,5.198548565860177E8,0.4155477177428219,1
