evolution$generation,alpha,beta,tsteps,popfit,indicsfit,evolution$samples
200,2.393771077318163,0.03130529544594596,55.587175487119616,4.408766282579302E8,1.2344511844597492,6
