evolution$generation,alpha,beta,tsteps,popfit,indicsfit,evolution$samples
100,0.14358062742029887,0.03216269054404373,12.661858224362415,1.453620523016151E11,2.3076167108428343,2
100,1.8151433204832412,0.03859894382182654,44.77836789269222,2.8380957531891754E11,1.7173098468109207,3
100,0.03547317445668163,0.006766517897411584,16.34295422778285,1.1966648233657635E11,2.8848345937063224,1
100,1.1045283188518558,0.03887098834720866,44.78298127489933,2.8763346719216095E11,1.0169001079747726,1
100,1.1843566141425141,0.1,100.0,5.4406283815681714E11,0.35541893088807286,1
100,0.12818981539809277,0.009419841365027604,18.87424985799197,1.2117437574151286E11,2.7032459432734477,1
100,1.1291304359993473,0.038759092148046737,50.4916100381482,3.1171530323513214E11,0.9182281117980879,3
100,0.9087616690564013,0.00905114085616808,14.918709228720068,1.1884433531195361E11,3.3429788800200866,1
100,0.1985034762537599,0.026727709018437053,9.379832640715447,1.2476223864470586E11,2.454147351766098,1
