evolution$generation,alpha,beta,tsteps,popfit,indicsfit,evolution$samples
100,0.9439352690348723,0.02766685271129068,35.13594987862303,2.5379295800280803E8,0.6308211470811114,5
100,0.9621009931986946,0.02809768317816045,35.11635543654904,2.5648452595242855E8,0.6279881674295557,3
100,0.9439352690348723,0.0,35.13594987862302,9.170467624491936E7,1.1001899174048009,4
100,1.065121952169227,0.02743057056430865,34.87117810919136,2.5088209740789452E8,0.6369718051631869,1
100,0.7712714654717318,0.02481486133664718,31.30370344620567,2.1298057915113965E8,0.6817425028885319,1
100,1.3768592920917355,0.01622571031258628,34.79041673245094,1.6741859637287742E8,0.7916673980688245,1
100,0.7440667161046471,0.026972797480772866,31.40993810073908,2.300684583325088E8,0.6681429308411003,1
100,0.9465620660119989,0.005281179808141867,37.39429386264486,9.61080570288717E7,0.9371042210682868,1
100,0.9165319991295815,0.027084375232168445,34.146233875051095,2.4382523777718115E8,0.6406243217751398,1
100,1.0783764820115225,0.027370966365352436,16.872951463064354,1.396774162813786E8,0.8012824345263784,1
100,1.425910863931779,0.013384720710094389,35.38984887290766,1.5659914576955333E8,0.8376498195894994,2
100,0.952863949229044,0.009400741436835213,36.65684097085139,1.1647147103515734E8,0.8469068442709489,1
100,1.3818618023847515,0.015765795138499964,34.790921573717675,1.6462006358991045E8,0.8006759078912817,1
100,1.2839227370777806,0.01881506091411376,19.906911967989174,1.3226357272521843E8,0.8714029077356877,2
100,0.9466129195204692,0.0038148613828309906,37.27991497006581,9.188734133037585E7,0.9784029779636876,1
100,1.4258355708779238,0.013390616318338072,39.138137144857154,1.65563892652318E8,0.8129416466670591,2
100,0.9465677158797037,0.009298431941073531,41.87238619903805,1.2471658875647153E8,0.8219448053501377,1
100,0.9477950659655598,0.027784463503181995,35.13386506287514,2.548487600172782E8,0.6301617091073168,2
100,1.0127110349757658,0.02760531062834807,35.08718315280629,2.5246678762049696E8,0.6329520857930525,4
100,0.9439361297192101,0.02766685271129068,35.135956579050784,2.542878391642863E8,0.6305660755547043,1
