evolution$generation,alpha,beta,tsteps,popfit,indicsfit,evolution$samples
100,2.529411772444238,0.03145473243365263,69.16467213031835,4.394461163254631E9,0.7528679940432056,1
100,4.107282765883462,0.06172811506810455,98.98784367413546,6.947757622073457E9,0.5991916582262147,1
100,3.596165152665458,0.030706174075642204,71.01038297964405,8.283420282729785E9,1.2592235169155552,4
100,10.0,0.1,54.11926747168851,7.079874295003364E9,0.7557378836615858,2
100,7.635745463233919,0.09605075954960422,48.94558086576552,7.171124514918132E9,0.8440618291980976,3
