evolution$generation,alpha,beta,tsteps,popfit,indicsfit,evolution$samples
100,0.9513374689277576,0.04527874077683885,43.784638863317014,8.602213704693369E9,0.547315455889247,1
100,1.1858972223273567,0.07695012234344732,8.520865762260481,3.850002068926041E9,1.7353711512835168,1
100,1.192201576383447,0.07941436387554446,90.1056630352781,1.1784242911853498E10,0.13397896348449595,3
100,1.0207431455734732,0.053555418260053694,53.66139574780746,9.532124648013378E9,0.3982204741005556,1
100,1.185897222327357,0.033114542859779605,8.520865762260481,4.460979705370028E9,2.466985393405664,2
100,1.5847081389655402,0.0674135531347919,39.968082073830494,7.091515096360616E9,1.0073966203416411,1
100,1.192201576383447,0.07941436387554446,90.10565632860506,1.1777690525992826E10,0.13431300941593466,1
100,1.579768624715353,0.06835588667346179,40.08981454612459,7.302665288170675E9,0.9649491923113213,1
100,0.8881037570364789,0.07869227376530036,78.91649655060738,1.2640534172611078E10,0.12262131242188727,1
100,1.177023046472844,0.07687215303973614,8.25098363254859,3.894318380694046E9,1.728088248581538,1
100,1.1885914601431256,0.07675850285509923,8.243459196098927,3.847116119349571E9,1.7466209178264374,1
100,1.6001544482095396,0.06842227978571115,44.45415070618425,7.812196556779065E9,0.8991064224336477,1
100,1.0385444377683966,0.08029447386610437,46.17637521495161,1.039194673345554E10,0.2833734294497773,1
100,0.4682408679978982,0.02662515818216085,9.206685434988643,6.573158913821001E9,1.3901646790501383,1
100,0.9768953256606459,0.05438611446201012,37.415572795659834,8.558635480533862E9,0.548670492136574,1
100,1.0614716147560264,0.08007617082577273,44.950940663250925,1.0149437778223707E10,0.3112875407760343,1
100,1.1613268279420446,0.05493280150990271,53.66876209794141,8.761811246271584E9,0.48180091473751097,1
100,1.1926414062751347,0.07998318833600619,90.73860001424435,1.1843346282461708E10,0.12978708998137878,1
