evolution$generation,alpha,beta,tsteps,popfit,indicsfit,evolution$samples
900,4.205423576834052,0.08593934501207656,49.473159475662676,2.8562676134308453E9,1.8397464440993836,8
