evolution$generation,alpha,beta,tsteps,popfit,indicsfit,evolution$samples
200,2.1874841872622985,0.010129083414376572,91.42095489366427,2.8562676134308453E9,1.8397464440993836,4
