evolution$generation,alpha,beta,tsteps,popfit,indicsfit,evolution$samples
100,0.05556572920427438,0.08782304887571875,24.68518235745854,7.845854801000062E9,1.0189562086523871,4
100,1.0931651710045798,0.09059931754840922,41.11521609900166,8.615899802747982E9,0.3974597169547769,2
100,1.189655722821279,0.04452033101952135,61.54748055054473,7.807404849653833E9,0.6293800597562643,3
100,0.9482255250124921,0.050220632028975046,61.30222078514911,8.102951163727793E9,0.46318908803654857,1
100,1.189655722821279,0.05813403319008438,61.547480550544726,8.415864791956364E9,0.4536790221136318,1
100,1.697922712080744,0.09111230361234485,41.229620139787556,8.444065651871132E9,0.5175154333232708,2
100,0.9482255250124922,0.08326072419121476,61.30222078514911,9.49608128325128E9,0.2344072979261502,1
100,1.1798343777349751,0.044216526148169046,68.39126522076542,8.003122710790337E9,0.5589653837064786,1
100,1.1923176274204517,0.08778062124559835,16.830900538546487,7.631632385933628E9,1.1474506728068123,1
100,1.098951938873358,0.08695550058645393,40.99701464876104,8.514080922584462E9,0.4218363179115067,1
100,1.01741836932051,0.08976030840021572,41.455463741188666,8.624320527055481E9,0.38133798413166725,1
100,1.055976679324035,0.1,39.841223584344355,8.8392324454052E9,0.3513389293328308,1
100,1.1825610248013054,0.06105999117378802,60.894473384183954,8.504878985298468E9,0.43288815095543515,1
100,0.5156605843933831,0.0576838487069561,61.40473895785492,8.754857340183952E9,0.36098559358553234,1
100,0.10130109646408716,0.08776619638245854,24.197587637044847,7.690946544520182E9,0.9904243064570298,1
