evolution$generation,alpha,beta,tsteps,popfit,indicsfit,evolution$samples
100,2.007370773442152,0.010214889169662579,38.162047638855356,6.839356506935722E8,1.0409666477196762,3
100,0.5003422306151073,0.07841574281380313,19.84418134130401,4.0352672173341846E9,0.3205293653315435,3
100,2.007370773442152,0.010214889169662579,43.801987615735875,7.252548099308279E8,0.9856728665098502,2
100,0.46929635439605827,0.07525328003869833,21.081870446789626,4.1592949022958527E9,0.3181706642425241,1
100,0.8080210447876914,0.08624906618143441,8.110550490231219,1.4264198430795913E9,0.5936449297175675,2
100,0.21552969304759612,0.06965213404695829,16.06220808273716,3.0210700258951015E9,0.4280092709585239,1
100,1.892063788201608,0.03657760915359085,30.62373445148595,2.2383996409932604E9,0.5768919852607837,2
100,0.3713873475275754,0.1,5.967865840148181,1.4544595552114058E9,0.5241316041831908,1
100,0.3053414794777185,0.0798174832945759,16.162071198229192,3.530447588751033E9,0.3797267811325631,1
100,0.7942829160676655,0.08315357945664399,6.781600351471344,1.1501398022346768E9,0.6379072621523733,1
100,0.7288362618485549,0.07928062179100741,11.39635716386477,2.075189646012105E9,0.48403910414844625,1
100,0.028540481923100477,0.062284573723982065,1.0,4.01673671593801E8,0.8864662060036046,1
100,0.48386463319143846,0.1,1.0,4.626672409497818E8,0.8001929772478943,1
100,0.0,0.1,83.3829104066783,2.144775870834144E8,1.15115779236919,1
100,0.3760395388860166,0.1,14.368348680341859,3.882967529233998E9,0.3472021373289083,1
100,0.6655143252165142,0.07711884201648443,30.83443211725527,5.555753549463518E9,0.25830659538633205,1
100,0.30286155941986964,0.07975333186966443,15.663374769037175,3.380734061876477E9,0.3867309126500729,1
