evolution$generation,alpha,beta,tsteps,popfit,indicsfit,evolution$samples
100,0.4004459503722613,0.07128956318805117,40.2792263126611,3.627663920253059E9,0.7419029866817274,3
100,0.8135237785240212,0.06937813925834495,73.03576283841429,4.151373291040869E9,0.4377968912350189,3
100,0.9338799262912767,0.01687375993317659,56.98498473069098,1.6420920524921765E9,0.7172696118834717,1
100,1.0199984881956237,0.038695591096079764,3.216379908906359,8.511266531093342E8,1.1566561182708865,3
100,0.8130549930112352,0.1,65.83749762211548,4.4481037257639885E9,0.4113945680710499,2
100,0.4926939846095212,0.07229652962787562,38.587965011061875,3.53637300744407E9,0.6614400025898298,2
100,0.9961120902975723,0.013736026013000025,57.41475773960945,1.3911076101345365E9,0.7795851130757249,1
100,0.8776577929404371,0.020162751618249777,57.02027794789961,1.9055451924538584E9,0.6682518840872652,1
100,0.8216115304163794,0.1,85.4124102979184,4.720140690565376E9,0.3853837579933574,1
100,0.86625792169774,0.034676731602718856,3.592729481337013,6.679828636419966E8,1.1126696139738357,1
100,0.9177768426709819,0.01295090134792567,57.19576481666379,1.334554928421063E9,0.7796449747953061,1
100,1.0698490274375947,0.02043188340042927,72.49434817345306,2.2540532087075005E9,0.6398683584464168,1
100,0.8323630723413558,0.0742411721225786,72.97619872793267,4.2281754049490848E9,0.42805732383066153,1
