evolution$generation,alpha,beta,tsteps,popfit,indicsfit,evolution$samples
100,1.550028443301168,0.08052506801742552,35.17646684272517,9.144842368574638E8,0.7813294250889902,4
100,0.6163396983690084,0.04500746556482618,9.272718220253948,3.601432670676569E8,1.129359109188516,4
100,1.32910601644338,0.04560239032458946,44.09538058827046,7.458022218774226E8,0.9073671378409092,2
100,1.550028443301168,0.08052506801742551,35.17646684272517,9.157571595261493E8,0.7811986189018498,2
100,1.6259283427896833,0.08748974156415937,67.72204234393473,1.01154309540966E9,0.5047687849670934,2
100,0.877917232183244,0.07080779801505965,56.029836123675906,6.374094776463144E8,0.3732121757400108,1
