evolution$generation,alpha,beta,tsteps,popfit,indicsfit,evolution$samples
200,0.877917232183244,0.07080779801505965,56.029836123675906,6.379697105575972E8,0.3732121757400108,3
200,1.550028443301168,0.08052506801742552,35.17646684272517,9.167941906447518E8,0.7819932381093253,5
200,0.46143689543993605,0.04009945773616439,5.348084437572393,3.5254382217160815E8,1.2365371835597316,1
200,0.9297240838314611,0.034958109442879554,37.48102650100076,4.661854211145201E8,0.9390995801190889,1
200,0.6163396983690084,0.04500746556482618,9.272718220253948,3.601432670676569E8,1.129359109188516,4
200,0.9996034866063213,0.08162349530779567,39.60288459076053,6.148171955372351E8,0.4819211116495472,1
200,0.7892558185802967,0.1,37.73941703553991,6.294178060919092E8,0.3789461874193367,2
