evolution$generation,alpha,beta,tsteps,popfit,indicsfit,evolution$samples
300,0.7895084646810377,0.0969505008789272,85.83121974103986,3.031656405725209E10,0.5692103221660951,2
300,0.6076377901643166,0.029326866233095723,82.63265809646347,2.7853598889322758E10,0.8813299201804834,1
300,0.7623356611864307,0.09354147548455401,85.9615818810821,3.0198912255143642E10,0.5801113281589845,7
300,0.9805732438562911,0.09703154449660709,83.42357221391559,2.991326535198512E10,0.5776721439688293,1
300,0.602185406666556,0.02672685885566711,80.58223106047325,2.815145010326937E10,0.9240260753015844,2
300,0.785580269098542,0.09438496506219161,85.74957987193183,3.0133863456033295E10,0.5763169827601275,2
300,0.7219446372881057,0.025884235182068754,100.0,2.825361469573981E10,0.840788028936195,1
300,0.3388793440576344,0.025465049768147698,82.60617261551033,2.8023856554703575E10,1.2181434467989602,3
300,0.315080391246447,0.02641664862743793,88.6604415546545,2.799517036266623E10,1.2057420594941444,2
300,0.7621777473238189,0.08939478080720657,86.01088040514158,2.9922268537591553E10,0.5898117458693644,2
300,0.4455100575971674,0.07184278691386801,82.11480832060224,2.9917043947979275E10,0.8370906495309516,2
