evolution$generation,alpha,beta,tsteps,popfit,indicsfit,evolution$samples
500,8.007752343551736,0.0,25.508986517085408,2.403473107416394E9,1.6857144696723179,6
