evolution$generation,alpha,beta,tsteps,popfit,indicsfit,evolution$samples
800,8.007752343551736,0.0,25.508986517085408,2.403473107416394E9,1.6857144696723179,8
800,9.923966172416227,0.09145300740703907,18.99683463906686,2.403473107416394E9,1.6857144696723179,8
