evolution$generation,alpha,beta,tsteps,popfit,indicsfit,evolution$samples
100,9.617602017368075,0.09749518948268945,81.67169920819317,4.108318855252677E8,1.5860406255609638,4
