evolution$generation,alpha,beta,tsteps,popfit,indicsfit,evolution$samples
800,9.19338710926349,0.009014621060698391,63.492478460935196,4.108318855252677E8,1.5860406255609638,7
