evolution$generation,alpha,beta,tsteps,popfit,indicsfit,evolution$samples
900,10.0,0.0,1.0,4.108318855252677E8,1.5860406255609638,7
900,9.19338710926349,0.009014621060698391,63.492478460935196,4.108318855252677E8,1.5860406255609638,7
900,0.0,0.04548543986597492,32.92027448397811,4.108318855252677E8,1.5860406255609638,7
900,8.832345286653254,0.0034467167816475634,55.196342125763,4.108318855252677E8,1.5860406255609638,7
900,10.0,0.051600706086850204,67.97887415111778,4.108318855252677E8,1.5860406255609638,7
