evolution$generation,alpha,beta,tsteps,popfit,indicsfit,evolution$samples
200,2.6931672594781553,0.08207403397283078,9.623615950216307,4.07974979943883E9,0.3361753657378525,5
