evolution$generation,alpha,beta,tsteps,popfit,indicsfit,evolution$samples
400,6.428022208319169,0.08681351371151283,1.0,4.07974979943883E9,0.3361753657378525,6
