evolution$generation,alpha,beta,tsteps,popfit,indicsfit,evolution$samples
600,1.8977878157202954,0.03247321235946989,24.59696075769059,4.07974979943883E9,0.3361753657378525,7
