evolution$generation,alpha,beta,tsteps,popfit,indicsfit,evolution$samples
200,0.5064602286659732,0.08836776541972681,99.56189248567492,5.921185907931984E9,0.2943294173594849,1
200,0.0,0.0,61.12072740060951,2.0689573763363276E9,1.3812931041646968,1
200,0.0,0.010161983504419993,74.13351603124934,3.1418534056672125E9,1.1535944403386622,4
200,0.048948480693403906,0.004650202957034277,71.8616367792451,2.2987685628265653E9,1.1970452349223921,1
200,0.0,0.00851887941163733,69.91224678324781,2.9159507670370407E9,1.1860549263254636,2
200,0.393532042870458,0.1,23.854760067651302,3.421810979258516E9,0.5156923069579773,2
200,0.5776076760637906,0.07339346755512859,96.0788258212607,5.154038355020214E9,0.3056921492518731,1
200,0.33441770247981883,0.05513140642687417,100.0,5.253136017507058E9,0.5055731831230965,2
200,0.014293831340319947,0.0022703826799061965,71.49099919219648,2.1640798605872254E9,1.279810318164994,2
200,0.19200021515234258,0.05855470847450331,91.5752676966947,5.714393429495548E9,0.6549128962396019,3
200,0.06286641391231014,0.01131346235368616,73.11376022607068,2.920735513713361E9,1.075155812880563,1
200,0.0,0.00865794319667902,70.06510409332712,2.9197978943311906E9,1.1817246296285076,2
