evolution$generation,alpha,beta,tsteps,popfit,indicsfit,evolution$samples
100,0.4856821405422451,0.07934865249727135,3.126252008274146,1.5381335159615305E8,3.2640390615454105,5
100,1.016518989615578,0.05584090922181524,49.900496306540674,1.2193195735645165E9,2.13389360653208,4
100,0.4423991541055547,0.03873008315812441,7.732577167467901,1.6783435811015937E8,3.1387337257922514,2
100,0.0,0.04159780064607108,23.322805828600707,7.14241418613375E8,1.4676266433443825,1
100,0.29597455297771313,0.07757938922095056,46.970426420889815,1.5996388385065992E9,0.9914215624649392,1
100,0.31332812980369446,0.0825089385054169,76.3823680409629,2.0388994070658512E9,0.9076055177889394,1
100,1.188371997945632,0.010764532025171029,18.749003780922024,4.4014375110758E7,3.6856105867732594,1
100,0.4414568896818645,0.037538843510486725,3.915889583826236,9.333027968504769E7,3.613110719085177,1
100,0.0,0.0452825731879791,2.785314439862024,1.8427413760421818E8,1.8739257170125019,1
