evolution$generation,alpha,beta,tsteps,popfit,indicsfit,evolution$samples
300,8.984472042545942,0.021631476805050176,76.54785285121214,9.551609346170032E8,2.0498010155948014,4
300,10.0,0.05760235516404161,48.80363839201405,9.551609346170032E8,2.0498010155948014,4
300,7.893272050059533,0.057442312208923055,48.69608586164239,9.551609346170032E8,2.0498010155948014,4
300,7.382514955421195,0.03065470054618207,71.51296069397837,9.551609346170032E8,2.0498010155948014,4
300,8.093189371980769,0.057581273217948106,85.13290075140023,9.551609346170032E8,2.0498010155948014,4
