evolution$generation,alpha,beta,tsteps,popfit,indicsfit,evolution$samples
200,1.4180854789925024,0.07123756759581922,56.986885563783574,3.3318347806837757E10,0.025828641023323076,1
200,0.6548640496522624,0.08955063936870453,54.670673307302025,3.2582436253000637E10,0.17516644575837922,1
200,1.2219240160231093,0.070639265023371,55.67244929171131,3.3086492761900608E10,0.03082654509505855,3
200,0.9443106466016649,0.08904212690420624,54.334144489888864,3.2743460447221203E10,0.07923666001724525,2
200,1.2996806984941611,0.06970045545536094,57.25521454893382,3.3177516345338604E10,0.028550946854900325,2
200,1.2867895746416078,0.06969750037647647,57.0908431124268,3.315064830737891E10,0.028715027346919324,1
200,0.63004555258186,0.09986386237355796,75.68119341851029,3.304052065210672E10,0.38533104405577584,3
