evolution$generation,alpha,beta,tsteps,popfit,indicsfit,evolution$samples
300,0.5321892682752968,0.06788913311223448,30.5524054070135,2.23334098119731E10,0.7888852055395214,1
300,2.314413223641447,0.08186689272402661,96.65015426786627,4.4919709793039505E10,1.3417627018665703,6
300,0.5665088997022397,0.06932215205893981,17.737809133889144,1.7756125919097363E10,1.304908843944316,1
300,0.40565637851092706,0.07531440004907028,96.22644480062807,3.8112553616444275E10,0.9569235518399581,3
300,0.42481555739436283,0.07456428722130463,88.33139391043679,3.650585598039969E10,0.9238063883638186,2
300,0.4692761437995515,0.018782013854017537,56.44002136340688,1.8359096447352962E10,0.9299421178975193,2
300,1.2842389177983957,0.07445328299907168,91.786551554043,3.0969064221926517E10,1.2478226155243735,5
300,1.328938627597247,0.0650233352735812,89.37004200988409,2.987408309883915E10,1.3569829237515196,4
300,1.235670574436553,0.08879938248919689,98.36032396917386,3.2807711077425243E10,1.0943199142278137,3
300,0.5284350041395594,0.06952404407780774,18.360946727779663,1.8485720810799873E10,0.9161663650347048,1
300,1.3159101313903407,0.04022753727061361,41.82741191613917,2.1743434986473385E10,2.103842478361035,3
300,1.347233905629671,0.08972366454334707,98.43780967025856,3.3170916065515545E10,1.1086064157756828,5
