evolution$generation,alpha,beta,tsteps,popfit,indicsfit,evolution$samples
100,0.4578307361751244,0.038732405589226575,4.162400654644746,3.086468965427533E9,1.9627573508080942,3
100,0.5955827366151412,0.07126308738518383,99.76931823382509,1.0826769616173866E10,0.38245921027401,3
100,0.12373777629552385,0.05751641696018486,24.822254004739385,4.727034471598851E9,1.011325430594182,1
100,0.13336057276161412,0.055976794359466765,22.213456086582557,4.283485410402688E9,1.0506070216296348,2
100,1.3064260344283485,0.07009470677715195,62.302586691805345,8.258730598758795E9,0.6600056280944736,1
100,0.0,0.07480384325375587,100.0,4.90808423647225E9,0.9652772566750827,1
100,0.4297315763978128,0.04078354428363879,52.315638318150015,5.756492815472672E9,0.7639736519979428,1
100,0.6860200984360576,0.07358108373554989,100.0,1.0949599723871738E10,0.3519703188332524,1
100,0.6314267716987464,0.06558595109978159,100.0,1.0339636035545235E10,0.3836298418988415,1
