evolution$generation,alpha,beta,tsteps,popfit,indicsfit,evolution$samples
800,8.211667120712091,0.035934887770912936,94.27805398689323,1.5971168551118067E7,0.9458166040013907,7
800,4.5295029775839435,0.011253706900043082,9.260710715524269,1.5971168551118067E7,0.9458166040013907,7
800,7.297574403153739,0.06811806532529051,45.48555146738542,1.5971168551118067E7,0.9458166040013907,7
