evolution$generation,alpha,beta,tsteps,popfit,indicsfit,evolution$samples
100,5.062044982944234,0.07543631595801271,56.08979146624033,3.210098278947861E9,3.1009802719346697,3
100,9.062032768016062,0.09974251610793522,82.04274091770877,3.2676132337909627E9,2.966072764400331,2
100,1.9343689292479271,0.0777313681870273,59.735334811966325,3.210632028756366E9,3.077859888496434,2
100,0.9980938023257124,0.010896870582516338,46.80856041876525,2.9814258664436746E9,1.530740094303828,1
100,2.581391729416853,0.017725895435292884,86.08937046072317,7.790172093394195E9,0.9424321221672319,2
100,0.10288059392070392,0.09905622304579477,52.47218237074066,3.27455953420957E9,2.935260231452689,2
100,0.9980938023257124,0.010896870582516337,46.80856041876525,2.9754913863038516E9,1.5609962100613664,1
100,0.995770962263664,0.01070882234751914,46.78602722761299,2.954123562173169E9,1.5672438491370746,1
100,5.048408265503964,0.08005212892076188,58.68741556435477,3.2189941981196995E9,3.073639762693947,2
100,1.7685263843105377,0.0653858024772095,54.03054936684301,1.2322013738413809E10,0.21910418166828166,1
100,0.5901322959024553,0.0034716579287094665,8.835200399341261,2.7069326804732513E9,2.5498961088889254,1
100,0.659086139766496,0.04030747701853368,61.49978553653929,1.1718340800009504E10,0.23533823722441857,1
100,1.0293155719753813,0.009971615571715173,46.763575671564396,2.86645411787515E9,1.6673894861010523,1
100,0.569206031714014,0.010965322356450626,55.46601450708519,4.1404792793153653E9,0.708838147643247,1
100,0.714541711918112,0.0,7.634816678356873,3.0612948076785235E9,1.513185911540177,1
100,0.33881343593715996,0.008072495273625828,45.193461367734926,3.622556430750701E9,1.376775866895989,1
100,1.114092878163375,0.011390209370732297,55.2401916361193,3.2696318840910187E9,1.4062230398310613,1
