evolution$generation,alpha,beta,tsteps,popfit,indicsfit,evolution$samples
1000,2.346460251016871,0.05954278292551834,14.899877023624367,9.12948608153772E8,1.781799333716604,11
1000,9.465235161415864,0.09319845464983181,28.709242218693593,9.12948608153772E8,1.781799333716604,11
