evolution$generation,alpha,beta,tsteps,popfit,indicsfit,evolution$samples
100,0.36071020667520104,0.03908615218050267,21.239586752352544,5.821382457994048E9,1.8048628167711076,1
100,0.957503382463536,0.07085414746322774,38.60792829592853,1.3032710700777618E10,1.3007945254499962,2
100,1.3342131275230185,0.09851894222292308,87.15562931368127,2.0619482575862415E10,0.6121920194919658,3
100,0.36071020667520104,0.039086152180502674,21.239586752352544,5.825365394480043E9,1.8055893657723439,2
100,1.03419896808645,0.07041585643200111,46.274779405743175,1.4171467192686022E10,1.1949150591241418,1
100,1.1050353846090144,0.06857905308612755,37.95592192023658,1.2132805347168282E10,1.4077614733799977,2
100,1.7046758417654193,0.09842935184981116,87.82674443371151,2.036190551138379E10,0.6493871547197696,2
100,1.105035698918464,0.06857905308612754,37.95592192023658,1.2121824595720284E10,1.4089053772164832,2
100,0.6526498816513493,0.03912868258569618,17.210368342705024,3.569092432202422E9,2.087880182064883,1
100,1.1047249068072575,0.09816816022609201,51.77572975022938,1.748397270623252E10,0.8768678908801157,1
100,0.0,0.09587930324183236,93.92481304037179,1.543503346552179E9,2.7683916319890125,1
100,0.964470736047994,0.06761187349367125,39.68541652076297,1.2812371400735077E10,1.3229372620369972,1
100,1.7256055464004203,0.1,100.0,1.4996570473175457E9,3.8905694406068467,1
100,0.34440509302773475,0.03917945195607893,22.094234799504573,6.125059724143771E9,1.803707708283199,1
100,1.0168298559925903,0.07047663986905818,46.27430987112311,1.4198465979513132E10,1.1906228640379641,1
100,0.33975718613710676,0.0309503862585319,39.23890875353414,8.434333167122874E9,1.6737974504505937,1
100,1.4838862989276125,0.1,87.91401663262698,2.0609054918177105E10,0.6148754191157955,1
100,1.0565740494471587,0.07040990024977652,46.037648976879325,1.4114553134862864E10,1.2028231862027485,1
100,0.8404871661484121,0.07224877230998288,45.608242821090954,1.4763778198837133E10,1.105251034640323,1
100,1.0166566316206878,0.07043905416839966,46.88391791851454,1.43188033014273E10,1.1781143980286926,1
