evolution$generation,alpha,beta,tsteps,popfit,indicsfit,evolution$samples
300,0.28668957163826114,0.0019415907756459517,45.53628257878981,1.2578206384064364E9,1.9625943943522048,4
300,5.454210302249749,0.046925722147849735,5.3692191667957205,5.783593354966352E9,1.6463577980749329,1
300,7.441972101639229,0.021431600685559,12.365990892474136,8.970621967597137E9,1.7812606982123,2
300,7.403336574738626,0.02108820107549039,10.292963878645608,4.526745161041426E9,1.796950823023678,4
300,7.46644917722763,0.021184517516856998,8.89263299277033,2.835435595883687E9,1.8643682514277824,2
300,5.689018093865625,0.052514441120705184,3.280190994144111,2.196540674828535E9,1.8939987396363458,1
