evolution$generation,alpha,beta,tsteps,popfit,indicsfit,evolution$samples
300,0.8569648677906004,0.1,1.7956387087013606,7.917324364036295E8,1.4207703686358486,1
300,0.9791868213332571,0.09950829481932805,99.59228661794506,7.3502712739928E9,0.4663833384571406,1
300,1.0759669020447622,0.07557017943080245,45.21711191462896,4.833626102640175E9,0.702991817447506,2
300,0.8041236798558998,0.030302544557874258,60.30478433362501,3.775785562994462E9,0.8572299496536123,1
300,0.9799727137482732,0.09792405900486525,90.2751293338885,7.096363155186539E9,0.493609804274473,1
300,1.0243192894465314,0.09802608339892684,100.0,7.236733272618799E9,0.46878696061568514,1
300,1.1252915169807147,0.02365805911986495,31.35807195558703,1.4038833871117191E9,1.1722982722692812,1
300,0.9607497432673728,0.09945560174703053,100.0,7.398501126626793E9,0.4665119965491546,2
300,0.6395855215085566,0.009944270073929552,20.869183491827883,1.212576954049704E9,1.3816159751547152,2
300,0.27351165924227305,0.009643043551994225,23.271677090907378,2.185519988489378E9,1.6845484650159799,4
300,0.8566465271018155,0.004144625102114738,19.692731361544485,8.110993679249005E8,1.5758555383514437,2
300,0.8655107687769175,0.1,2.7289709971901805,8.701638833470951E8,1.3359561550980286,1
300,1.7171693404307509,0.07523612547099906,46.969386963720424,5.672169483243603E9,1.0202527276128952,4
300,1.571093472577134,0.04506093785892751,21.558500164603466,5.117533267641227E9,1.537846151744681,4
300,0.9056257293362362,0.028699993272933683,24.44061953022507,1.515313530441676E9,1.101733784408199,1
300,0.8898058765097304,0.02980382282724723,21.69940296001144,1.439138326095017E9,1.1228724367057028,2
300,0.9760813526199618,0.029077441900829837,24.644390619651496,1.4262851945019546E9,1.1142149742451897,1
300,0.7907859288037171,0.030680965168099546,21.460322937755517,1.685677992539803E9,1.1207490117173111,3
300,0.9558845164053689,0.030319822967478996,24.202061215921074,1.4792974958149817E9,1.1075597607179986,1
