evolution$generation,alpha,beta,tsteps,popfit,indicsfit,evolution$samples
300,0.7508250698895881,0.0,49.86330379268915,2.740981322265345E8,1.1378283561088094,2
300,0.5614837640903646,0.03986016068530923,89.64847868464486,2.1769151115934324E9,0.7079558964051258,1
300,1.0990367219861596,0.028088743038263142,42.671259207870456,9.477377345092356E8,2.068644911738264,5
300,0.7593455555273569,1.8093247953370967E-4,46.06240561241916,2.8052300812826264E8,3.6127993513776873,3
300,0.918427024860926,0.07386418294349915,2.639264394347676,4.507975174897193E8,2.8403120341162738,3
300,0.8009390679008667,0.04278685791068983,72.67075034217606,1.7504711678900928E9,1.2708093892789116,3
300,0.7743513077860149,0.0,46.06940274312705,2.870964620776524E8,1.1363631400257106,1
300,0.6325414376411556,0.04290922661116833,70.45913693350765,1.8901655168831134E9,0.8357243683382339,2
300,1.0586964529196443,0.08460971775041694,100.0,2.762777048347354E9,0.8071275010561522,2
300,2.5624045769798154,0.08528266328804564,20.943384747171187,2.6335363198761544E9,1.9939763294089483,5
300,1.2448758064064234,0.03337341757847462,96.70539376124597,1.6634308323476417E9,1.4739030172349428,3
300,0.5491372657441052,0.04064539836281949,46.25915701573031,1.5363548101578643E9,0.7950350442416063,1
300,1.0947139432857926,0.023842672938113152,43.53786351059315,8.6184457603359E8,2.1525668462993237,3
300,0.5475371294911203,0.04058373794671534,38.77794170406036,1.3763947695187657E9,0.8388179397887876,1
300,0.5255373930542615,0.03954836122814594,46.257419382212035,1.5526242819567206E9,0.7939286292695473,1
300,1.2460801827358026,0.036385154009866395,70.94182998855428,1.5071837505216098E9,1.6157974865455413,4
300,0.9197814226415829,0.0977481396198861,6.300594149455512,6.470803981725627E8,2.2809576470368995,3
