evolution$generation,alpha,beta,tsteps,popfit,indicsfit,evolution$samples
300,8.73318409075796,0.026578394598519618,76.96846899940067,1.8463280933142748E9,1.9880451637137733,5
