evolution$generation,alpha,beta,tsteps,popfit,indicsfit,evolution$samples
200,3.348006175231577,0.025685758382457836,35.95517028360758,1.8463280933142748E9,1.9880451637137733,4
200,8.73318409075796,0.026578394598519618,76.96846899940067,1.8463280933142748E9,1.9880451637137733,4
200,3.046993847887207,0.0860408894426169,38.55396228588187,1.8463280933142748E9,1.9880451637137733,4
200,8.42609675151377,0.08689229321757479,25.162526391324633,1.8463280933142748E9,1.9880451637137733,4
