evolution$generation,alpha,beta,tsteps,popfit,indicsfit,evolution$samples
100,0.4303534283702515,0.008401803544493403,80.37029294297203,1.1339824680973332E9,0.8174112486376743,4
100,8.126627602166653,0.06587290789514828,75.88919237796905,1.1339824680973332E9,0.8174112486376743,4
