evolution$generation,alpha,beta,tsteps,popfit,indicsfit,evolution$samples
500,1.0337103335659938,0.0,75.99400950413101,1.1339824680973332E9,0.8174112486376743,6
