evolution$generation,alpha,beta,tsteps,popfit,indicsfit,evolution$samples
600,1.0337103335659938,0.0,75.99400950413101,1.1339824680973332E9,0.8174112486376743,6
600,9.321855022373516,0.0658419182644088,30.850277607185024,1.1339824680973332E9,0.8174112486376743,6
600,0.7246875671579645,0.06736727231842592,85.7460264346595,1.1339824680973332E9,0.8174112486376743,6
