evolution$generation,alpha,beta,tsteps,popfit,indicsfit,evolution$samples
100,0.24665573685703768,0.026790142770180728,20.43829939183957,3.1899729033847984E10,2.6286302711052465,4
100,0.8585471012103518,0.0768903242770118,89.01637780783848,6.657423260757212E10,0.4536465948203096,1
100,0.5612480757529514,0.05533272174569037,12.745386639566384,2.996559155132331E10,2.226170782136526,1
100,0.5649159833738304,0.04921450455128347,75.50694023177523,5.8686465287082275E10,0.7394781557725222,2
100,0.8259348198239851,0.07690711403560663,88.75961091092154,6.6932063573937454E10,0.4479893944988524,1
100,0.76882530718857,0.07578663741903194,88.87163991465623,6.732958065249115E10,0.4459470283426761,1
100,0.2780051363147889,0.026822529811008595,21.313243775938666,3.162947730839471E10,2.5439827691751127,2
100,0.5464327323477055,0.04059133431586947,67.62509337102453,5.217928875429915E10,0.9151317953841981,2
100,0.8249378273423836,0.07707310910041465,87.8984688342954,6.683765937652439E10,0.4499099320181095,1
100,0.8635817868246486,0.07962964099589212,75.74537745713207,6.443664455146697E10,0.5100371899992784,1
100,0.8260621707697311,0.07946571217694559,92.01504888606023,6.807173389026721E10,0.42057178915555565,1
