evolution$generation,alpha,beta,tsteps,popfit,indicsfit,evolution$samples
200,9.51117013487178,0.007408164780880977,60.59749307262531,1.0160183248987797E8,0.4564161228541596,2
200,9.344074832460322,0.00629657672539086,58.56977759785857,6.456461975200273E7,0.4983735401835476,1
200,5.426875372623026,0.05533833071546273,59.721724389221414,2.0758208228874583E9,2.247427863296745,3
200,5.966066314837254,0.005270180405445502,79.08334917911868,8.247860886205335E7,0.4610720623214075,2
200,9.502158603984865,0.005757155300133952,65.5248919289455,6.6727241778677665E7,0.4897739501319317,1
200,9.643024453280308,0.0062054337667449945,65.55265427689245,7.679518058044866E7,0.46470380675941336,1
200,9.395834188953824,0.006844397310117082,59.618652372096065,7.882288411037003E7,0.465250505874179,2
200,7.913164319365304,0.09673261664491012,77.32332891191275,2.261109357724751E9,1.81877198825051,3
200,7.90273329108236,0.09675185695853322,77.29414911029605,2.2611884573688903E9,1.818646095202468,3
200,0.0,0.05583245893406355,98.22294841049107,2.1590117530865397E9,1.846319083633581,3
200,9.402570583759148,0.00688823972304761,59.38235230003546,7.85823557069146E7,0.4639841663310749,1
