evolution$generation,alpha,beta,tsteps,popfit,indicsfit,evolution$samples
400,9.769082561437433,0.0072904793599032945,59.050997184269825,8.793438522640929E7,0.4553011554901354,2
400,9.704990240736356,0.005245523947784479,60.58481059232545,5.78717814125204E7,0.5706432088687552,1
400,5.966066314837254,0.005270180405445502,79.08334917911868,8.247860886205335E7,0.4610720623214075,3
400,9.616476695887338,0.005483436672199964,64.5541092880256,6.104327946823923E7,0.5145420171755737,1
400,5.587834064726235,0.004916578277905124,74.17758332741491,6.331531589388658E7,0.5035011119907604,1
400,9.344074832460322,0.00629657672539086,58.56977759785857,6.456461975200273E7,0.4983735401835476,2
400,9.429056846368177,0.006797542412193976,56.32231644107537,6.851809440536462E7,0.48343917682251475,1
400,9.502158603984865,0.005757155300133952,65.5248919289455,6.6727241778677665E7,0.4897739501319317,1
400,9.419905534397849,0.006786262956487071,59.223651099409324,7.646868671039939E7,0.4698466146511011,1
400,9.294543503460217,0.006280149258692845,63.66918235622346,7.417568784663811E7,0.4698627225220032,1
400,9.763595638842894,0.006051739611236186,64.53955044924467,7.027529571270287E7,0.4758261228849083,2
400,5.831760075256725,0.004910673736998168,83.7007554997305,7.846742266127695E7,0.46313147460129095,2
400,5.87831507681022,0.004795353501470052,83.51468308001996,7.390370141713287E7,0.4698872290801308,1
400,9.920912548017046,0.0059806004823656006,65.48737340750083,7.106297502412568E7,0.4757367804663992,1
400,5.4892369164608015,0.004239732488570996,78.3714412126664,5.850606907221283E7,0.5478677166842028,1
400,9.4134197685619,0.005675254053445982,51.94516678431261,5.90104673031403E7,0.612432958726811,3
400,5.892987356344227,0.004211378777030708,78.1391094567793,5.830612208417496E7,0.5509289452030398,2
400,9.643024453280308,0.0062054337667449945,65.55265427689245,7.679518058044866E7,0.46470380675941336,4
400,9.319414298699465,0.0054571661845378774,58.55734319381242,5.803948677291129E7,0.5655961462707314,1
400,9.314352057654444,0.005419963847720123,58.60483119507515,5.803841230787029E7,0.5687081095954346,1
