evolution$generation,alpha,beta,tsteps,popfit,indicsfit,evolution$samples
300,0.13787590124239024,0.08902296401545316,70.37199380588719,7.769228486964947E9,1.2006691911226153,5
300,0.5017438212946789,0.002229224041083976,48.01598254242428,9.629086180769325E8,1.12758726590572,1
300,0.7961715599639906,0.09992148878330598,77.13616102213905,6.579935505245404E9,0.6375124145185947,1
300,0.9342813327778863,0.07535187874372892,47.33486364219184,4.38938628047729E9,0.7579753994349916,1
300,1.0429710649059076,0.015375471736278136,45.31886417054543,1.7213222628845832E9,1.1667523497204688,3
300,0.6439294328397415,0.01047196172458723,48.39756060444212,1.2912241274594908E9,1.0407433156253643,1
300,0.6464005929793891,0.01567979574148715,40.50703998931402,1.467764875007688E9,0.9931378497641121,1
300,1.960096912211805,0.1,62.141309012117354,6.004436720027349E9,0.765764842443067,2
300,0.644105301154303,0.011617196003658861,48.395381559748984,1.3557271231016476E9,1.0188863147461698,1
300,1.5521162209655985,0.08764137594561809,47.948679907275675,4.982287403337303E9,0.8029878100538446,4
300,0.6464444407728233,0.015566105241155585,40.30759919713344,1.4450375747923088E9,1.0017289031615606,2
300,1.2122616539262534,0.1,46.471277569710644,4.956144556179413E9,0.7436112950440875,1
300,1.8158303706651209,0.07236806091373371,48.076175400467825,4.97933868025411E9,0.8673753759590337,3
300,0.594460160587209,0.009463039201738833,58.3292958417226,1.3655013182301595E9,0.9957728496320762,1
300,1.8608131566955612,0.1,75.34098427590116,6.23185145795966E9,0.7158958569793352,2
300,0.4963771545780895,0.004954477389700677,51.279172190225175,1.0701448614010937E9,1.0833594290914004,1
300,0.5562835609358401,0.004530051441790585,45.46776371173892,1.0052249590896554E9,1.0986235508748097,1
300,0.6031025840945857,0.002989015637495625,47.93431128958806,9.855162022262774E8,1.2025073463326916,4
300,0.5571802647283357,0.004624938542337577,45.43698492402675,1.0094091652291664E9,1.0967144238928368,1
300,0.4191314061234296,0.0,48.7299716070015,9.663448197897732E8,1.3701287756311717,2
300,0.5725334445099954,0.0023387678482048044,45.934035400975624,9.69425323922888E8,1.1883735191696208,3
300,0.5747045682670104,0.0025629557943698256,47.178293596551136,9.737920915693978E8,1.176280473514747,3
300,0.5176955480234874,0.0032133742458782203,47.96796892295441,9.823039433424876E8,1.108690273029668,1
300,0.4994935175933246,0.002413404252638733,48.21541689423653,9.749944989996222E8,1.1248790553722412,1
