evolution$generation,alpha,beta,tsteps,popfit,indicsfit,evolution$samples
300,0.8417448831659748,0.0,18.742465342450938,2.307522645757865E7,1.382161267074652,1
300,9.856783087098536,0.011077249525691446,8.961620173316042,4.896770667320483E11,5.191031961582283,5
300,0.6527551605064692,0.1,63.9084281557386,1.369202410311309E9,0.5667240064935268,1
300,1.1695467904740244,0.01845439369707378,1.1627131995305193,1.9851735512796658E8,2.8786593946608314,2
300,0.4648275834062947,0.020974343419057063,65.2502058651918,6.311188791094714E8,0.8013526952062574,1
300,0.09885743624990745,0.018657282966458574,43.74031979956423,5.371640178601495E8,1.1873765190875265,1
300,0.7569433521275291,0.08582473209773632,52.20597793739369,1.1879138485171187E9,0.7005859369187425,1
300,0.0,0.01744359569148547,60.04567981312204,6.883920747915831E8,1.2130041424543205,2
300,0.4666912025563521,0.025182068428091748,62.142170614488194,6.994800919468031E8,0.7768335307399853,2
300,1.6123246761335763,0.02338083530450996,64.43956388022895,5.269679302364641E8,1.362496918001716,2
300,0.5537466522989994,0.09061935549406691,49.498003392208936,1.2273427952511444E9,0.6059268102831334,1
300,1.258059827876228,0.03447856792269153,65.9558873058345,7.784656761548797E8,1.120873620450826,4
300,0.49940308499801733,0.027435744487942185,59.00159149573539,7.104856289353265E8,0.7739105167406406,1
300,0.48789170166007567,0.027322477017333507,59.07510779195494,7.114650715350529E8,0.7724640207684241,1
300,0.4433513893390964,0.0269833332894322,62.154011889002085,7.419162118116431E8,0.7714517702313393,1
300,0.48180887642611525,0.030398839385430244,62.269559702671216,7.983468665141503E8,0.7418829113759144,2
300,0.676129831168752,0.08466988695809241,52.32539832748923,1.1946668247580435E9,0.6581329049871762,1
300,0.5537677038498166,0.08593675565202914,49.645776598568105,1.2033638093154097E9,0.6125777946220743,1
300,0.496335188433928,0.03232842728079977,64.40148018382081,8.405554091139451E8,0.7280173302467904,1
300,0.49307344503515266,0.033889053647948114,57.58633974709431,8.12137240287163E8,0.7365284166536107,1
300,0.9226849738207631,0.08425944257285524,63.29561535043546,1.2476732446585963E9,0.7153758255535467,2
300,0.7464060862887665,0.0858373682632943,52.244170127252424,1.1901774739828699E9,0.6959026568491203,1
300,0.7273614438860709,0.08584317282511798,52.230382426211385,1.192500375129969E9,0.688043645190958,1
