evolution$generation,alpha,beta,tsteps,popfit,indicsfit,evolution$samples
200,0.8417448831659748,0.0,18.742465342450938,2.307522645757865E7,1.382161267074652,1
200,0.5537677038498166,0.08593675565202914,49.645776598568105,1.2033638093154097E9,0.6125777946220743,1
200,9.856783087098536,0.011077249525691446,8.961620173316042,4.896770667320483E11,5.191031961582283,5
200,4.404395455897287,0.047553813769451496,53.03296868305986,7.870812156621887E10,3.761812951406509,4
200,8.695128928713729,0.09881440947486585,83.66612784762346,2.1735152837307648E10,2.5034855619608782,3
200,0.7569433521275291,0.08582473209773632,52.20597793739369,1.1879138485171187E9,0.7005859369187425,1
200,0.0,0.01744359569148547,60.04567981312204,6.883920747915831E8,1.2130041424543205,2
200,0.496335188433928,0.03232842728079977,64.40148018382081,8.405554091139451E8,0.7280173302467904,1
200,0.48180887642611525,0.030398839385430244,62.269559702671216,7.983468665141503E8,0.7418829113759144,2
200,0.48789170166007567,0.027322477017333507,59.07510779195494,7.114650715350529E8,0.7724640207684241,1
200,0.4433513893390964,0.0269833332894322,62.154011889002085,7.419162118116431E8,0.7714517702313393,1
