evolution$generation,alpha,beta,tsteps,popfit,indicsfit,evolution$samples
300,1.40624802181897,0.09987268265342582,73.05205824122918,9.038261303777636E9,0.7162543269548808,1
300,0.26449211157453756,0.0,4.456927010450831,9.62191051375629E7,1.3778647205983847,2
300,0.0,0.005821536579895531,100.0,1.3972414580569198E9,1.1647779203518809,1
300,1.8193613879916615,0.0,35.41141695946386,5.844238757273303E8,1.4262777185854505,3
300,1.2989159228745506,0.08538018985183025,12.773030982038094,2.9293206456006775E9,1.7309498929793858,5
300,0.24614480683942536,0.050647246832597165,16.088796571829207,2.1112292635864544E9,0.9997050030204035,2
300,0.0,0.06806552758683429,11.758116544684784,2.2827388461291394E9,1.1067154597638094,3
300,2.451360551575176,0.1,72.20922984363138,9.262285795444246E9,0.7794206657255497,3
300,0.3403212883330575,0.03702337679241465,77.4449076305627,6.330855190258476E9,0.7923221452073569,2
300,0.3426101054465483,0.04938595428060092,90.35299837538982,7.7064964234138E9,0.7666662541626729,1
300,0.0,0.035388444554173504,72.95571348782329,6.153551073526409E9,0.9637230656665483,1
300,1.8703326973387469,0.1,73.54606071648901,9.147046574121632E9,0.737755945145663,2
300,0.16925366542722112,0.03556495528160152,83.62432481724449,6.492692767599781E9,0.8898056265572672,3
300,0.03703703643787648,0.002709434702367465,52.57116516036446,2.2764571695481676E8,1.3251335001056002,2
300,0.03350382622145029,0.0039549093282276754,52.45251105072934,3.359699279032036E8,1.294454808851481,1
300,0.03436810053184462,0.004983180950294505,52.45867864603881,4.5157005492065597E8,1.271124358265057,1
300,0.6046782885800184,0.016243839377321635,53.932590075319624,2.214175191915248E9,1.8430651672882363,6
300,1.7417742143669954,0.1,67.732573464189,8.893143566365192E9,0.7614949108993767,1
300,0.14602832615430758,0.005350472198008407,52.23639413862754,4.8191834083988905E8,1.2252708487839556,1
300,0.8852474419454992,0.0,6.078911981140458,1.6896539013066307E8,1.3581981530800795,2
300,1.5629115916822924,0.07451551535379715,84.58726392703196,8.632879870863525E9,0.787321666100959,2
300,0.3932241724603551,0.0,1.0,1.374371467527423E8,1.3629941978218845,1
300,1.6463154191221623,0.07066048711794712,78.16508748414884,8.273081542664415E9,0.852939438273599,3
300,0.0693530455344434,3.002467716236624E-4,6.067588872132751,1.0102648635464598E8,1.3759562174925146,1
