evolution$generation,alpha,beta,tsteps,popfit,indicsfit,evolution$samples
200,1.2375640436054038,0.09562964198031233,83.27239181944843,2.8594383931034474E9,0.5462180587659385,1
200,0.5451683616775747,0.01897669637877765,37.81518241663622,1.1291323330397394E9,1.050171232186052,1
200,2.493894892774653,0.02404190277933016,61.24439856638188,4.552807382853003E9,1.4355823042656306,3
200,1.35442052518023,0.09984400785427272,15.713450274953662,1.2415664897346292E9,1.0461259576182744,1
200,0.9057586793521719,0.0364230882477986,63.87190271366264,1.543633724375425E9,0.7957416153959187,2
200,0.7252055323043645,0.1,14.638799340381096,1.3505837658767595E9,0.8316499674802518,1
