evolution$generation,alpha,beta,tsteps,popfit,indicsfit,evolution$samples
200,1.749525306901264,0.09277793418489239,100.0,1.9706925554538503E8,0.47688877066261404,2
200,1.2602938209722376,0.09114587192149637,99.9930595365026,2.0417071736973852E8,0.32602680605842616,1
200,6.279468311703324,0.1,94.87141343129854,5.635160994641938E8,1.3302841176533282,4
200,6.104194895703699,0.1,94.86613313298373,5.623098565665059E8,1.3296086146479618,3
200,0.0,0.07910796949485635,99.63731077611085,3.8641942595717394E8,1.67214789028142,3
200,0.9966814708700217,0.09147092804475924,100.0,2.405962985204572E8,0.37385921080030826,2
200,0.0013438600139458942,0.09851193085006979,100.0,3.75591438549361E8,1.8167025599969022,4
200,0.0,0.0985465975409932,100.0,3.9834981240207523E8,1.528082209138311,3
