evolution$generation,alpha,beta,tsteps,popfit,indicsfit,evolution$samples
300,1.1104601607806486,0.04802030474910482,1.88819978388953,8.691619213616849E8,1.2364047933154387,5
300,1.7808735264625317,0.09389237811550273,40.08198169447684,8.691619213616849E8,1.2364047933154387,5
