evolution$generation,alpha,beta,tsteps,popfit,indicsfit,evolution$samples
100,5.091705258080779,0.05630555945355001,82.53331240643087,3.971581887044749E8,1.4836097749870762,3
100,9.37029723262109,0.06949747749597385,70.41823180740829,3.971581887044749E8,1.4836097749870762,3
100,6.39505145711725,0.01444308584779602,89.20505730029598,3.971581887044749E8,1.4836097749870762,3
100,5.911396645783621,0.04976606873901712,27.778306812626347,3.971581887044749E8,1.4836097749870762,3
