evolution$generation,alpha,beta,tsteps,popfit,indicsfit,evolution$samples
200,2.278168829732161,0.09447934358116233,54.34950868415944,6.740060961367289E8,1.2906480369856355,4
200,0.04121463293483396,0.020598523151714645,38.75061563282169,6.740060961367289E8,1.2906480369856355,4
