evolution$generation,alpha,beta,tsteps,popfit,indicsfit,evolution$samples
500,1.4773768971326628,0.08449692485772858,30.644915332324747,6.740060961367289E8,1.2906480369856355,6
500,2.278168829732161,0.09447934358116233,54.34950868415944,6.740060961367289E8,1.2906480369856355,6
