evolution$generation,alpha,beta,tsteps,popfit,indicsfit,evolution$samples
1000,9.30165248921574,0.08089099139381108,44.729837437987975,1.1224603888812473E9,1.6185661009075811,9
