evolution$generation,alpha,beta,tsteps,popfit,indicsfit,evolution$samples
100,1.1965952851242467,0.0010006061256446542,99.04956016829316,1.4705179212909092E10,3.920164540907556,3
100,0.3587594884468581,0.07079294509994782,28.481182669783802,3.166429009631778E10,1.5911753590684274,1
100,0.434560616323556,0.00947790588884432,98.63066878571439,1.649441531031868E10,1.8259087005716803,1
100,1.7472678880950143,0.024476020845616023,95.08655305260268,4.376571567377527E10,2.51812017010278,3
100,0.5630033464969264,0.09822235104418951,59.05793641184347,5.345128267106137E10,1.440411877401308,2
100,1.2774601184326078,0.020538251706541704,97.74611002390638,2.7539759977752296E10,2.5066030252404903,2
100,0.3698633503967303,0.08056750103508276,28.78928528225645,3.479986533369915E10,1.564067532018368,1
100,0.379065016801926,0.07230726531704286,23.639270364438968,2.82783135653151E10,1.6176379121682245,1
100,0.355053767132878,0.07080060407887649,28.479192381704504,3.1726715306968723E10,1.5883992508870526,1
100,0.38881173870511954,0.07731683014516368,36.70962385364707,3.8753999119727776E10,1.5347415613070114,1
100,0.17262621692345664,0.06043323181724267,13.0616297384451,1.8257865514170486E10,1.7720642026788649,1
100,0.35898171800340006,0.07079356007897585,28.481267891056675,3.165206495787493E10,1.6053044992885512,1
