evolution$generation,alpha,beta,tsteps,popfit,indicsfit,evolution$samples
500,4.692599874914711,0.033039519463311164,76.20172722703886,7.318055556809828E7,1.1252841567597496,7
