evolution$generation,alpha,beta,tsteps,popfit,indicsfit,evolution$samples
100,0.13347285282786503,0.06547242222025618,14.39236896643426,3.5499342974822884E9,2.4393565851041057,2
100,1.7741612894335645,0.09913312575366791,63.59094027052697,5.874467081706118E9,0.793443251588714,2
100,0.13347425318563882,0.06547242222025616,14.39236896643426,3.545720094377098E9,2.436434036515762,1
100,0.1301308090918511,0.06506177029121994,14.320654041810075,3.542359585243535E9,2.4515260052032732,1
100,0.0,0.0551353616752623,13.784059377442055,3.5690109857376456E9,2.790090936715008,3
100,0.03100789937869655,0.06618966187492273,20.648310351709615,4.307249241624367E9,2.2050283205710266,1
100,0.13147299922499367,0.06547242028385807,14.746906338750229,3.6525528442539916E9,2.3897068141394917,1
100,1.7729729126276195,0.0994798531647141,64.95748482542982,5.892914712007513E9,0.7695900052974729,1
100,0.0,0.05544926004228819,12.07791213474354,3.4135435939665E9,2.9175069910568694,1
100,0.13147299922499367,0.06547241986519207,14.74688762369404,3.6517392709505405E9,2.3910376935957522,1
100,0.026192847244195096,0.03084608539399424,14.039263541489788,2.95411113563191E9,3.317046087782498,1
100,0.14476240450668443,0.06338977987240987,17.53974865998945,3.881069783046947E9,2.2369877992860316,1
100,0.0,0.06509524208711952,8.787292952972905,3.255473446137647E9,3.072727137604527,1
