evolution$generation,alpha,beta,tsteps,popfit,indicsfit,evolution$samples
1000,6.5522549582388905,0.015682226807206833,43.426395037491865,2.723901702528043E8,2.0298050484617916,11
