evolution$generation,alpha,beta,tsteps,popfit,indicsfit,evolution$samples
700,5.144810477690633,0.06248914098195466,87.71221090801518,2.857484173473013E7,1.0849168712543433,10
