evolution$generation,alpha,beta,tsteps,popfit,indicsfit,evolution$samples
300,0.9350191930410967,0.020516834329951196,24.81878729018812,1.1038005603149447E9,2.625495741135323,4
300,1.1634936776919436,0.08086440015313939,76.00601888132104,8.969912927756214E9,0.958064682242883,2
300,1.0110657394608622,0.054108034827382225,1.0,5.396993476880484E8,3.4331564459003068,1
300,0.3162677079140666,0.0756742609905659,41.83889803613727,7.3983204675282955E9,1.0773330921954867,1
300,0.0,0.08327340448682416,11.280538865773773,3.4898104749146843E9,1.5804442546005661,1
300,1.3222189784446725,0.07077948740172701,24.62099655704306,4.445938636025057E9,1.818501983361748,2
300,1.4021922093426353,0.07108843194329627,80.33492968315961,8.658597379680798E9,1.0234486992124907,2
300,0.14064913748237864,0.009242407118917563,52.29614357005852,1.6010106104329214E9,1.6694467192876792,1
300,0.0,0.09073749044706737,28.63646803665869,7.024918908493547E9,1.3359899503411077,3
300,1.9610795224122284,0.1,47.30542072239434,8.307746515870317E9,1.1865947997017239,2
300,0.0,0.04277349349855217,7.052296532994435,1.220528203640658E9,1.8439463086084265,1
300,1.422929478351702,0.09805203637099258,54.11872076376627,8.486884788765439E9,1.0561451125281711,1
300,1.4086715480113328,0.09684580296208546,54.04218218120341,8.446975023199854E9,1.0621388120363127,1
300,0.16663913802016123,0.076504083535328,25.50308026467473,5.7944663859311075E9,1.3071547293092824,2
300,0.0,0.08321147368999184,15.566254023859912,4.532049248640507E9,1.499217033785902,1
300,1.0481386004553435,0.05587380280212766,35.67068001484917,5.091171874058729E9,1.7014342108190832,2
300,1.3486263002826426,0.06603192476942137,27.4718977667442,4.667852120347227E9,1.7774121579331457,3
300,0.0,0.042747233250525964,4.198161659687291,8.701379072168441E8,1.9319338876010606,2
300,0.14520653297815714,0.09344207430348901,33.09913652867653,7.494108243912556E9,1.223258413195032,2
300,0.0,0.04285860768496133,1.0,6.110471698368572E8,2.2124456492201823,1
300,1.3189416174096795,0.06811170956174187,28.050407656323106,4.802370792276752E9,1.7533154422227915,4
300,0.4601588941922784,0.0882632777579254,28.466731142504322,6.503315113356902E9,1.097791163695327,1
300,0.13813791312765417,0.08788409170961925,16.428951121304358,4.655066183723528E9,1.3861899330272196,1
300,1.423686177371445,0.09756477020516162,54.19885399735678,8.471164897293882E9,1.0593906384524656,1
