evolution$generation,alpha,beta,tsteps,popfit,indicsfit,evolution$samples
100,8.82990053783519,0.010291229343392772,11.260496259824732,4.910981876397918E8,1.056361778180278,4
100,0.7680859429588094,0.1,23.324527232457264,4.910981876397918E8,1.056361778180278,4
