evolution$generation,alpha,beta,tsteps,popfit,indicsfit,evolution$samples
200,5.510142246134617,0.02012994436124962,20.55194734649851,5.511148741093115E10,5.137341391316356,6
200,0.14060190412568058,0.03157111531308319,36.139104339840266,3.7394307447773623E8,1.062053104372681,1
200,0.5372765722694957,0.0,34.91035148141307,4.192034312504997E7,1.342687733008496,1
200,0.0,0.007257236062320253,55.75457765309383,2.288989506583509E8,1.218595107344537,2
200,0.0,0.010051851167245607,45.58704048750505,2.556981135011654E8,1.2010040742332893,1
200,0.052056667164975534,0.008145047437305722,57.46149046986052,1.6720832556116277E8,1.2354261207413455,1
200,0.14676386865283736,0.03008202197619683,29.936424005101504,3.004429341396022E8,1.0806598807931875,2
200,0.02945854403371792,0.007229473172487855,1.0,7.188541287098294E7,1.2720970986862712,1
200,1.193395993025741,0.009134303002075628,51.80467110285978,1.1262960835959516E8,2.428134637840952,3
200,0.29055174372884346,0.0012370554840346957,28.576068911512955,5.02642815035577E7,2.165884935216991,2
200,0.5481335115154717,0.001376431178202786,33.62648753785232,4.3356133091597155E7,3.126936010771277,4
200,0.0,0.0,28.2400141457956,6.800739355710772E7,1.4646969220912074,2
200,0.0,0.0,32.20218382840741,6.810804998346317E7,1.4615000611744007,2
