evolution$generation,alpha,beta,tsteps,popfit,indicsfit,evolution$samples
300,3.5921236457476535,0.06844383494839903,39.3338538182098,7.093762283417811E8,1.3497861753768636,4
300,7.8245466781126405,0.040470324593484666,79.78986906166467,7.093762283417811E8,1.3497861753768636,4
300,0.23070752383712145,0.04060785207683631,95.31851018754858,7.093762283417811E8,1.3497861753768636,4
300,0.43032357709716473,0.08771492218270445,76.8123868790604,7.093762283417811E8,1.3497861753768636,4
300,5.802199176289129,0.03579761687111995,15.748561552851266,7.093762283417811E8,1.3497861753768636,4
300,5.331292291378908,0.05211840512163231,62.86930053543087,7.093762283417811E8,1.3497861753768636,4
300,6.273017755841242,0.008801155232835492,72.36113957689498,7.093762283417811E8,1.3497861753768636,4
