evolution$generation,alpha,beta,tsteps,popfit,indicsfit,evolution$samples
400,0.43032357709716473,0.08771492218270445,76.8123868790604,7.093762283417811E8,1.3497861753768636,5
400,5.80175508029015,0.03797602190227998,15.729071331249454,7.093762283417811E8,1.3497861753768636,5
400,3.5921236457476535,0.06844383494839903,39.3338538182098,7.093762283417811E8,1.3497861753768636,5
400,7.8245466781126405,0.040470324593484666,79.78986906166467,7.093762283417811E8,1.3497861753768636,5
