evolution$generation,alpha,beta,tsteps,popfit,indicsfit,evolution$samples
100,2.1890748371774293,0.015336299156753254,9.532737725820986,9.170319579047546E9,4.163934766939417,5
