evolution$generation,alpha,beta,tsteps,popfit,indicsfit,evolution$samples
1000,3.6486779564264915,0.09559074749475881,75.29417929349766,1.111627694852487E9,2.6675229950102426,9
1000,8.382832123565475,0.08881379619542193,50.97895568622815,1.111627694852487E9,2.6675229950102426,9
1000,8.048924095517169,0.08030737622331915,52.351584873884924,1.111627694852487E9,2.6675229950102426,9
