evolution$generation,alpha,beta,tsteps,popfit,indicsfit,evolution$samples
100,4.889567015596441,0.012838271223732912,89.0162665312578,1.111627694852487E9,2.6675229950102426,4
100,6.755026645167181,0.06831682367331036,82.52050300738146,1.111627694852487E9,2.6675229950102426,4
100,0.039987436847555013,0.0658950047838374,29.75485320521925,1.111627694852487E9,2.6675229950102426,4
100,8.76064483442508,0.08139107179370235,52.9949094350915,1.111627694852487E9,2.6675229950102426,4
