evolution$generation,alpha,beta,tsteps,popfit,indicsfit,evolution$samples
300,0.24990312609215026,0.07111332857450299,33.11609191282671,4.349089666812979E7,3.2243564992902067,5
300,1.1303125445024187,0.03541839240006861,26.453043922409137,4.349089666812979E7,3.2243564992902067,5
