evolution$generation,alpha,beta,tsteps,popfit,indicsfit,evolution$samples
100,8.43559900490234,0.010877584508133498,93.05805401800784,4.349089666812979E7,3.2243564992902067,4
100,1.1303125445024187,0.03541839240006861,26.453043922409137,4.349089666812979E7,3.2243564992902067,4
