evolution$generation,alpha,beta,tsteps,popfit,indicsfit,evolution$samples
700,1.1303125445024187,0.03541839240006861,26.453043922409137,4.349089666812979E7,3.2243564992902067,6
700,8.43559901954831,0.010877584508133496,93.05805390530873,4.349089666812979E7,3.2243564992902067,6
700,4.9382123451167805,0.06692931857323478,70.2033443343396,4.349089666812979E7,3.2243564992902067,6
