evolution$generation,alpha,beta,tsteps,popfit,indicsfit,evolution$samples
800,3.8086010128807493,0.07977999939786784,100.0,1.246642300430385E8,1.2866716226771722,9
