evolution$generation,alpha,beta,tsteps,popfit,indicsfit,evolution$samples
200,8.311949933906364,0.07082998199103667,37.24140682055896,5.619689027306699E9,2.161816065156734,6
200,1.0184239596097953,0.0068837409938265065,70.07366372047763,3.936509281169149E8,1.5635791892291488,1
200,1.1204621270459851,0.04594125406686218,93.22902867519662,2.24282527704242E9,0.22860770856630044,1
200,1.611588505010901,0.031139002682363654,100.0,1.3424238399178057E9,0.6073773239310939,1
200,1.1532547979012306,0.04147297920293669,71.3681151921188,1.5303272080278754E9,0.34394022313284955,1
200,1.1343017266446087,0.04439818938492064,83.22997919654605,1.9583073644610517E9,0.2579302049954976,3
200,0.9979417144218572,0.014573370779033047,70.02580526098998,5.170852506852515E8,0.9527002149892244,2
200,1.287443429459797,0.04335734425067686,84.03820994206443,1.6993322772579932E9,0.2772690970757145,2
200,1.1223299983315511,0.04595366262196521,89.11110294729626,2.1618855400750546E9,0.2353376945160757,3
200,1.1475962336653194,0.04468523773095012,72.07902688657936,1.695109646806022E9,0.30514492950652883,1
200,1.1159231404618775,0.044420260186557675,83.55486856615958,1.9993092729851737E9,0.2580789405549713,5
