evolution$generation,alpha,beta,tsteps,popfit,indicsfit,evolution$samples
100,8.311949933906364,0.07082998199103667,37.24140682055896,5.619689027306699E9,2.1618176060357586,4
100,1.1343017266446087,0.04439818938492064,83.22997919654605,1.9605863956961555E9,0.2579202484735288,2
100,0.9979417144218572,0.014573370779033047,70.02580526098998,5.170852506852515E8,0.9527002149892244,2
100,1.1475962336653194,0.04468523773095012,72.07902688657936,1.695109646806022E9,0.30514492950652883,1
100,1.0184239596097953,0.0068837409938265065,70.07366372047763,3.936509281169149E8,1.5635791892291488,1
100,1.70801755480245,0.03983579808999173,100.0,1.6502541150676966E9,0.48187693269007725,1
100,1.1223299983315511,0.04595366262196521,89.11110294729626,2.165378009094843E9,0.2349062058841046,2
