evolution$generation,alpha,beta,tsteps,popfit,indicsfit,evolution$samples
600,2.5950608087302705,0.1,13.890391746577572,1.2023705396508747E10,0.1621984587586351,6
600,0.6271733578324841,0.0014226507140769212,98.543992130514,9.862614419597743E8,0.983996943612005,1
600,5.330827900004045,0.06758988201865447,17.959238773175564,1.2664897001122894E10,0.6527407480120171,7
600,1.8791180739790918,0.07681038738636624,13.676868141189637,6.445454576085942E9,0.4621859171625919,1
600,0.7907322223352907,0.01378410581539273,34.844058103722965,1.4916974330385656E9,0.5177360588320771,2
600,2.4898560439139654,0.1,11.561902319461346,9.783384459749685E9,0.34073238093844094,2
600,1.0457950957976039,0.006504950013519667,21.220939829187255,3.5660750299037743E9,3.0157180547814466,5
600,2.3250971007779975,0.1,11.701582540636084,9.350435928268826E9,0.3193565292534878,1
600,1.280033620378399,0.07711933522230734,12.963750982158817,8.597925758357725E9,0.4900599067514455,2
600,2.6862647756291436,0.1,10.950271918130808,9.297702511748672E9,0.4479490614084912,1
600,1.0192242223899737,0.010404616637376126,32.04102201235862,1.67130455571215E9,1.7247653811322647,4
600,0.0,0.1,38.63542575346257,4.824330014676693E9,2.6371295041207055,5
600,2.7924110495918084,0.0837481092264255,16.62119362435516,1.185734265054055E10,0.21051429348933898,1
600,2.9341100446949513,0.06837123735193888,11.149997760757374,2.671107841483182E9,0.9181793453124769,3
600,1.8241529458497587,0.07673784041812537,12.710556897390305,4.884277213930407E9,0.500692969007918,2
600,2.6029639220191303,0.1,13.890982590803842,1.2020736866554857E10,0.16244036412302842,1
600,4.711163899428571,0.09393207710855406,31.275060453982423,4.435923457233517E9,2.9829332242781614,5
600,1.8378091053400845,0.07674183183222841,12.807268101509772,5.036442983805355E9,0.4959361785603893,2
600,2.3102538033681106,0.07775129742908173,12.978493245564929,5.080834466549509E9,0.47693732872084166,1
600,2.7059579615028575,0.1,13.816888616420616,1.191250191429579E10,0.1789285565677393,1
600,2.725427269296028,0.07961803688492311,17.455080932232683,1.1899168474340223E10,0.198569707032939,1
600,6.496120628301143,0.07604257141561199,20.800550402609563,1.177090793678601E10,0.40294947784363994,3
