evolution$generation,alpha,beta,tsteps,popfit,indicsfit,evolution$samples
500,2.5950608087302705,0.1,13.890391746577572,1.2023705396508747E10,0.1621984587586351,6
500,0.6271733578324841,0.0014226507140769212,98.543992130514,9.862614419597743E8,0.983996943612005,1
500,2.505212441821646,0.1,11.522863531989438,9.962054064650755E9,0.35567860650695593,1
500,1.0192242223899737,0.010404616637376126,32.04102201235862,1.67130455571215E9,1.7247653811322647,4
500,1.0457950957976039,0.006504950013519667,21.220939829187255,3.5660750299037743E9,3.0157180547814466,5
500,2.821756214192763,0.0688166814518262,11.839074283341464,3.171244283699462E9,0.8153242388160742,2
500,2.3102538033681106,0.07775129742908173,12.978493245564929,5.080834466549509E9,0.47693732872084166,1
500,1.8241529458497587,0.07673784041812537,12.710556897390305,4.875444253090547E9,0.5011687423855806,1
500,1.8378091053400845,0.07674183183222841,12.807268101509772,5.036442983805355E9,0.4959361785603893,2
500,2.735959767529766,0.06879382679298901,11.713588327489646,2.6164127304805055E9,0.7972679833756157,1
500,0.0,0.1,38.63542575346257,4.824330014676693E9,2.6371295041207055,5
500,2.8293508969548538,0.06902154016255921,13.020192762582205,3.8164576076799355E9,0.6728211953266683,1
500,2.642417782743578,0.07355739253223217,12.929756363761733,4.567531074009695E9,0.5790635084423681,1
500,2.7910217102413237,0.06863226515742175,13.005650534005648,4.0505752049263043E9,0.6818160916430627,2
500,2.9118050240971987,0.06898682089467406,19.446281526463352,1.195365640029189E10,0.3010930403854085,1
500,2.794872645352469,0.06788816133643912,12.924157493978317,3.812584790466923E9,0.7090493101587475,2
500,2.7369419352788302,0.08119693582266398,9.360170341808157,2.429942644574247E9,0.8578547720786653,1
500,2.5769209778919144,0.0665254824413757,13.832077048088962,4.1538170974968123E9,0.6270639505985117,1
500,2.7350014611353424,0.08052484357580109,9.3519829564018,2.0210489442585843E9,0.8844689267640956,1
500,2.9611677845604194,0.07781915272738478,8.924357358968088,2.3389639236709356E9,1.052993143840743,2
500,2.532877298186633,0.06653137907956172,14.061984234114238,4.2857079722201176E9,0.5987071492444513,2
500,4.801188678607312,0.07006280055681745,24.676591403052555,1.1909785962581423E10,0.43347529296640336,3
500,4.714335484192005,0.07657667097685011,19.72765240134347,1.17781657660154E10,0.381634301913798,2
500,6.496120628301143,0.07604257141561199,20.800550402609563,1.1770939151434048E10,0.4029726421476727,2
