evolution$generation,alpha,beta,tsteps,popfit,indicsfit,evolution$samples
400,2.5950608087302705,0.1,13.890391746577572,1.2023743008954382E10,0.16220677217010074,5
400,0.6271733578324841,0.0014226507140769212,98.543992130514,9.862614419597743E8,0.983996943612005,1
400,2.030172499943207,0.1,11.965276220805203,1.0512395830731747E10,0.403053466333471,1
400,1.8378091053400845,0.07674183183222841,12.807268101509772,5.036442983805355E9,0.4959361785603893,2
400,1.0192242223899737,0.010404616637376126,32.04102201235862,1.67130455571215E9,1.7247653811322647,2
400,2.821756214192763,0.0688166814518262,11.839074283341464,3.3559257286113915E9,0.8215024999467988,1
400,2.7910217102413237,0.06863226515742175,13.005650534005648,3.91464583449261E9,0.6777960086476935,1
400,1.0457950957976039,0.006504950013519667,21.220939829187255,3.5619431226292734E9,3.017330640637187,4
400,2.9341100446949513,0.06837123735193888,11.149997760757374,2.635596996821903E9,0.9167896664791187,1
400,0.0,0.1,38.63542575346257,4.824330014676693E9,2.6371295041207055,5
400,6.675229913775265,0.07600375554585412,20.650845256913847,1.1768548722482683E10,0.4008770193502137,1
400,2.794872645352469,0.06788816133643912,12.924157493978317,3.5222705083464737E9,0.6918486935934247,1
400,2.642417782743578,0.07355739253223217,12.929756363761733,4.567531074009695E9,0.5790635084423681,1
400,2.532877298186633,0.06653137907956172,14.061984234114238,4.437483310219211E9,0.6023563124104216,1
400,5.041972643267569,0.07664513287927043,18.7330489744859,1.1873690278942875E10,0.3768690150299296,1
400,4.714335484192005,0.07657667097685011,19.72765240134347,1.1778890921860983E10,0.38162623295822684,1
400,4.801188678607312,0.07006280055681745,24.676591403052555,1.1909785962581423E10,0.43347529296640336,3
400,4.7891807749768445,0.09878971210264029,33.49994100274616,4.503825895110748E9,2.949052934681344,3
400,4.801407197353839,0.09963821621225616,33.62127702526508,4.51209327045128E9,2.9431042281626354,3
400,4.711163899428571,0.09393207710855406,31.275060453982423,4.435282845852567E9,2.9829185273757246,3
400,7.237320613194109,0.07590584556950988,20.343552078639487,1.1769344786416348E10,0.3968368605386002,1
400,4.800200574791557,0.09963821463199247,33.62127702526508,4.512987758428328E9,2.9431203759342868,4
400,6.54953536125044,0.07556462885833903,20.743394315564803,1.1768739596915815E10,0.4006780173841742,1
