evolution$generation,alpha,beta,tsteps,popfit,indicsfit,evolution$samples
200,4.880865421628922,0.013315292211989349,75.28054069022104,6.518325556270962E8,2.9172944912154803,5
