evolution$generation,alpha,beta,tsteps,popfit,indicsfit,evolution$samples
200,1.2620151402501423,0.09976537880749023,45.694624821789546,8.498586089988258E8,5.627311023595142,4
200,0.9161859648442761,0.09027376665846559,19.227059497908243,8.498586089988258E8,5.627311023595142,4
200,9.029654344863346,0.05770077799399163,64.42712121736793,8.498586089988258E8,5.627311023595142,4
