evolution$generation,alpha,beta,tsteps,popfit,indicsfit,evolution$samples
100,0.3779441855888855,0.006332314850116077,98.78113776301092,1.574881005879214E10,0.5711661809374772,1
100,3.5594301473310757,0.029192690690614254,100.0,4.60295415007455E9,1.7303379777887722,3
100,0.921430466581711,0.048738934368782016,6.828220680251678,3.33010802334972E9,0.7654434610733568,1
100,3.555501180420275,0.026021675119452997,37.43585947648718,1.4642449545547607E10,0.7027146394065095,2
100,1.9820116744351912,0.04881978899833256,6.836434471876995,3.6516416093586473E9,1.0693182609739882,2
100,1.973922275275428,0.051525112726763404,9.686941099491081,3.9920182609533253E9,0.7515142486448079,2
