evolution$generation,alpha,beta,tsteps,popfit,indicsfit,evolution$samples
700,4.259105511426924,0.09847156452142453,81.7062842299546,6.960087183763645E8,1.649954068018158,9
700,10.0,0.08910321007911721,12.45262130040933,6.960087183763645E8,1.649954068018158,9
