evolution$generation,alpha,beta,tsteps,popfit,indicsfit,evolution$samples
100,1.8771277883303883,0.07423229484456943,33.66267409679659,2.980282645794029E9,0.6036351679552923,6
100,1.1338735446023973,0.018492059235897185,71.5639577330731,1.768121225134494E9,0.6387541361844836,3
100,1.250414461332916,0.021434605595769953,31.462708930561078,6.851306925490981E8,0.8526372296620499,1
100,0.6718379932304758,0.05709554464500527,14.386100042851307,1.4094798541038556E9,0.7226204737371906,2
100,0.6230784590254304,0.006302541415490182,1.0,6.530368746506352E8,1.2584461612830744,2
100,0.9702677029798422,0.01862777485158877,71.48392664041322,1.90459171405814E9,0.6090595802899746,1
100,1.2427879086359814,0.022594037384761873,31.354685067226555,7.451810720467432E8,0.8349223948976799,1
100,1.0614035131127915,0.020712371875356402,71.76837193333384,2.0657229591298387E9,0.596477569271115,1
100,1.2834195269878415,0.0956793106000717,80.4493353804982,5.824951622452255E9,0.37568882818561633,1
100,0.9218299243619763,0.035253565959410656,76.85486366018466,3.538713899232166E9,0.46910056018939544,1
100,0.8666524533421754,0.0,1.0,2.735765842777734E7,1.1363079377656138,1
100,1.1895259070045774,0.04489426192228077,12.013023727042608,5.2459604625653934E8,0.8914641229728837,1
100,1.1841072823108203,0.016048793408886368,31.959078314556226,4.5447749124833417E8,0.9210287760958253,1
100,0.8230459008928774,0.0447679171245412,31.185194016433236,2.1785165072116632E9,0.5853507811701943,1
100,0.629513114457422,0.050909252301511325,14.152990314808353,1.2981449377898612E9,0.7758517979728856,1
