evolution$generation,alpha,beta,tsteps,popfit,indicsfit,evolution$samples
100,0.19456430539331437,0.06452425020140458,64.9035067552133,2.3142950814105385E10,0.7990862313822067,4
100,0.7957301861103527,0.09826333102182719,71.05773140649272,2.385777827418601E10,0.5174725220093334,1
100,0.21155453804320157,0.03588138833917356,93.69852496054936,2.0267135322063786E10,0.8665728617231406,1
100,0.19126493228127317,0.09876226237478081,71.11948856820987,2.9366669756813816E10,0.6499767894158541,2
100,0.8714432037701049,0.04507620916908638,39.359041262268136,1.244377334996306E10,1.334903144876241,1
100,0.0,0.08666419631166408,15.985241657920039,1.4365576812616861E10,1.3045374298510009,1
