evolution$generation,alpha,beta,tsteps,popfit,indicsfit,evolution$samples
400,0.6079433254028473,0.09088248774744238,5.588188792638608,7.3086291039731E7,0.2715265480956661,1
400,7.648303404552809,0.010251499802297049,90.50466928866267,1.0047332984622604E11,4.081156508489889,8
400,0.6194846357867848,0.08894985179287276,1.0,2.3832633934043038E8,0.2985807721371373,2
400,1.466580877102459,0.09114062084382889,38.06335577820138,2.9689315588186365E8,0.43190976923280133,6
400,0.6003870121192056,0.08978012893107118,12.631623165370938,1.2096782547908708E8,0.41692006290761946,2
400,0.8960443307054101,0.02307408961198043,66.48201697300706,1.3525632419010913E8,0.3338156144853624,2
400,0.41178181668775293,0.05369198964450002,50.1033228011252,2.1515360321749762E8,0.798535715977273,6
400,0.0,0.0,75.73083552069093,1.0121597459119435E8,0.8308761987151074,2
400,1.2256988746350106,0.02635553227888121,66.70354022101667,1.8724622992555627E8,0.3582670096801308,4
400,0.5974133322796488,0.09101415859390334,13.983743283330005,1.3600600557346112E8,0.4596771934620351,5
400,0.5913451893424438,0.0896072462066383,12.744262669143218,1.2095926189631315E8,0.4240145894110895,2
