evolution$generation,alpha,beta,tsteps,popfit,indicsfit,evolution$samples
300,0.6079433254028473,0.09088248774744238,5.588188792638608,7.3086291039731E7,0.2715265480956661,1
300,7.648303404552809,0.010251499802297049,90.50466928866267,1.0047290003109538E11,4.081153755021132,7
300,0.5974133322796488,0.09101415859390334,13.983743283330005,1.3600600557346112E8,0.45957531060285606,3
300,1.2256988746350106,0.02635553227888121,66.70354022101667,1.8724622992555627E8,0.3582670096801308,4
300,1.466580877102459,0.09114062084382889,38.06335577820138,2.96806001829903E8,0.43185782004387296,5
