evolution$generation,alpha,beta,tsteps,popfit,indicsfit,evolution$samples
100,0.23022903688336926,0.06037409986948492,1.651232643070772,2.0157268458720857E8,1.1090900534972343,2
100,1.6505864991951813,0.047707393358777585,92.19481479027512,3.0348512659870296E9,0.4942345684984494,1
100,1.8734133391745211,0.09481065497967339,87.88185822007775,3.68847317585154E9,0.4394907502572783,1
100,0.990615876484271,0.04835420420990466,55.65301986714456,2.483139500769313E9,0.49885862933218883,2
100,1.023439645877215,0.016447397137109,31.3230912565005,4.5675083958198804E8,0.8342363343961305,2
100,0.0,0.0,1.651232643070772,1.876213094156987E8,1.4074990128965523,2
100,0.4069090835997253,0.03563412948330292,1.3966871582608902,1.3101524490608414E8,1.0712277577662217,1
100,1.2141404641842186,0.013665381792121518,31.06363308814112,3.419720661528846E8,0.9109180454240922,2
100,0.9995573354515381,0.0483485056866861,55.61821367253793,2.482290848023116E9,0.49888854401830635,1
100,0.9902407194522483,0.05085491298760117,52.98775472128341,2.4818716302642913E9,0.4991320290524845,1
100,0.48770050526220077,0.06037866273274796,1.0,1.9396020164884523E8,1.0317103300455865,1
100,1.0275652517289116,0.01767676108829892,49.84429550485595,9.264898719229454E8,0.7017657505939678,2
100,1.2260119380745673,0.016261477468261336,31.073945780567172,4.256231298131694E8,0.8702827747553713,1
100,0.42120186453783537,0.059029372802158475,1.0,1.937749546736221E8,1.0512608405495727,1
