evolution$generation,alpha,beta,tsteps,popfit,indicsfit,evolution$samples
200,0.8726423532631901,0.029343849001287798,9.147918112962332,2.7705540531327896E9,1.31144885582395,3
200,2.5897796567178717,0.1,100.0,2.0189789026900608E10,0.7269481068931408,1
200,2.6677113890090554,0.1,100.0,2.009807963109781E10,0.7347330003528465,4
200,1.091072534860583,0.08037012893676675,18.786677896124544,6.529495668475966E9,0.9763665447838548,1
200,0.5985437474857361,0.05508149750159047,65.49046919562944,1.5208068892054424E10,0.793513231721962,2
200,2.518083782074684,0.09420176399433966,85.70639059849128,1.8056476371792355E10,0.7915943309647164,1
200,1.2079616365125516,0.07977241615007678,22.723041029178688,7.424453921189643E9,0.96264741878212,1
200,1.060050763483268,0.07979466603427761,22.47155217966038,7.653326436919588E9,0.9345377830560287,1
200,2.593355762980995,0.1,91.37414032854646,1.9260396242452908E10,0.7574839646460347,1
200,0.5291198118822076,0.05781239914193303,36.69570770557669,1.0779385343130772E10,0.8920477774314032,1
200,2.8020936751863212,0.09754092348020271,100.0,1.9660224222947468E10,0.7572957912563042,1
200,2.682280743604204,0.09878034138288994,100.0,1.9941840249586018E10,0.7405372129585814,1
200,1.1597406008401823,0.07174552512644923,8.094450150914545,3.4729811962649174E9,1.2111114093507758,3
200,2.7100875156744046,0.1,100.0,2.0041468735585686E10,0.7390831723245698,1
200,0.8474378860899525,0.0309608996430481,18.297867601918277,3.1211307661714087E9,1.144373571545103,2
200,0.9644725540080062,0.026904873280924665,19.232324369864628,2.959117380466138E9,1.206650536507385,2
200,0.6414827144505836,0.05537943464868364,43.37989622173889,1.1260775104990974E10,0.8379448293461212,1
200,0.8278946943050374,0.030826231006845495,19.728253782905284,3.2962051785465055E9,1.115134219993462,1
200,0.9625918197598009,0.07069654643662977,7.749854457991681,3.0487891547375927E9,1.1871482215921398,2
200,2.6957683383966584,0.09874931685145955,100.0,1.990238597950263E10,0.7423525029125493,1
200,0.8319575210161947,0.03104158747112201,16.728157051324615,2.9948672061493664E9,1.1647023498767286,1
200,2.566211426439233,0.1,94.77982016711051,1.9681662519476604E10,0.7425092335034692,1
200,2.7126405541735905,0.1,97.64106349497818,1.9796517234159473E10,0.7471470967762872,3
200,0.9520336725029597,0.0052989763476649805,81.49520620980321,2.7948730357294445E9,1.2544656538294658,2
200,2.6218407401202937,0.09920122971200096,99.60953707548039,2.004355724988055E10,0.7340773905846151,1
