evolution$generation,alpha,beta,tsteps,popfit,indicsfit,evolution$samples
200,1.0619629399993826,0.02412096418188754,80.59038125259124,2.612723479472458E9,0.4885759195996157,1
200,6.496332248771905,0.041992347549593405,57.58217086011675,2.933888613355804E11,3.14836229494631,5
200,0.06303802740405098,5.368933847386186E-4,32.90986235010223,9.05290458822799E8,2.5674291883020173,1
200,6.2696916797343505,0.05732412494367032,91.42422092875098,1.160728378513786E11,2.171924579380586,4
200,0.36354236947172736,0.018850245338999067,59.18675729943524,1.3817618482339377E9,1.5274552928098823,2
200,0.4941780149622333,0.0,80.70613060992791,9.378685349497482E8,1.6752073480977885,1
200,0.6773218531147953,0.025516362604889167,52.658447561397445,1.5109446035007281E9,0.7600495436452165,2
200,0.6919047913939564,0.0,80.58887236555653,1.4352847515421023E9,1.3127872653877395,2
200,0.48682117628759913,0.025305449100437367,50.69699746693921,1.4327075591399314E9,1.1958898888463712,1
