evolution$generation,alpha,beta,tsteps,popfit,indicsfit,evolution$samples
100,6.542156639583869,0.07831497118353503,16.29029230603276,5.018369483453226E9,1.0481122544925787,5
100,3.0187951206203745,0.0032989531927811733,87.34373496778674,7.126776074705304E8,1.1017680838581672,3
100,3.173860421971999,0.07494545858310953,30.267088622826172,3.3634440395114403E9,0.8249424434012795,2
100,2.4161352548610515,0.056352004179598715,63.508659866928284,4.2511070745177608E9,0.7484979913577895,2
100,2.9815866923480328,0.05156992880310288,15.991003189499178,1.35620081097771E9,0.9438992083794252,3
100,3.1009427904220925,0.07973718452692732,30.496122096407195,3.456129112444728E9,0.8150763894426409,2
100,3.1490440050765143,0.06589732363128353,28.963883691818207,2.9672658136611323E9,0.8446181908878804,1
100,2.335867105320764,0.05615481219621315,63.12680098717791,4.2423448581262093E9,0.7471644865639973,1
100,1.8313114533656387,0.08376500553426815,93.21040587320135,7.510877833034029E9,0.6036929884018408,1
100,1.789497147583226,0.08671803924990727,100.0,8.154290331034379E9,0.5860741953201473,1
100,3.3726050500551334,0.055081630203769744,10.879178907414284,1.1972028583062851E9,0.9907694113317149,1
100,3.1301487470642058,0.06635351370791996,28.99038926002345,2.982163328432241E9,0.8439305664428157,1
100,2.369170526819028,0.054312329439185514,64.04955719860627,4.192469598832904E9,0.7509009377381098,1
100,4.050379728363789,0.01626451614758759,73.78891394529171,2.2936682670060644E9,0.9202539688482313,1
100,2.7268902996358917,0.05033746724490329,60.799839413709314,3.858940910940468E9,0.7794858453567949,1
