evolution$generation,alpha,beta,tsteps,popfit,indicsfit,evolution$samples
400,3.482886695163321,0.05732164591350211,26.75498933502182,2.680120777082079E9,2.1284104698405817,5
400,3.8235199853441793,0.027435446583470968,70.2385155818516,2.680120777082079E9,2.1284104698405817,5
400,6.574257905190903,0.023601692067911562,88.49949653175413,2.680120777082079E9,2.1284104698405817,5
400,6.485019392181891,0.03744965303039162,32.54072793729553,2.680120777082079E9,2.1284104698405817,5
