evolution$generation,alpha,beta,tsteps,popfit,indicsfit,evolution$samples
200,6.574257905190903,0.023601692067911562,88.49949653175413,2.680120777082079E9,2.1284104698405817,4
200,7.368762774495763,0.05242598370444745,49.00090168823009,2.680120777082079E9,2.1284104698405817,4
