evolution$generation,alpha,beta,tsteps,popfit,indicsfit,evolution$samples
500,0.9125478561948609,0.0,100.0,1.2594626384744177E9,0.5022151777068338,1
500,0.16201380780447217,0.0022868237316315348,100.0,4.9666388241950226E8,1.8215747387099328,1
500,2.0187459875777836,0.0020852784873142795,36.55206445598401,3.187861132278552E9,1.2036620749491636,7
500,2.8585047295169375,0.027923513778593284,12.308239040803908,5.558078646676355E9,0.9749702420548017,6
500,1.4729608847230895,0.09437445850448517,11.415135960391881,1.8093315455988004E9,0.9883161978650175,6
500,0.5351644200644827,0.0019797544549367235,32.39959886958433,6.144470098827277E8,0.6563797345962716,1
500,0.5265232590603043,9.7708303697619E-4,100.0,5.693059976020792E8,0.7288806922802464,1
500,0.0,0.02278014471143173,100.0,7.453997821405128E8,2.4744929827546,5
500,0.4651286589063252,0.013461365901139166,91.13030253740651,5.2007606599111384E8,1.2436900386471545,1
500,0.5684863931374102,0.00400547265733456,24.646944731704505,6.534613768287833E8,0.5934068097818933,1
500,0.0,0.0057445801216087534,32.94796744978548,5.566487834651407E8,2.1924931562668393,3
500,0.39407166093967305,0.08245928440481376,53.86148586051655,6.790489019715542E8,1.672335607857567,4
500,0.6535197451377616,0.0034165205183214935,33.63322969089108,7.659706616236207E8,0.5267419257685627,1
500,0.0,0.0,43.73273666148561,5.477023629723363E8,2.101668907724121,2
500,0.2345468280553331,0.07719256456726589,40.37757988157218,6.413605837469987E8,1.9751976554381894,4
500,0.6576156356987388,0.003361233887302974,33.56067946907792,7.781082005448666E8,0.5273127216065624,4
500,0.5614219218867607,0.0851892037758527,78.63084408499908,7.696275498241382E8,1.361108656043216,2
