evolution$generation,alpha,beta,tsteps,popfit,indicsfit,evolution$samples
100,5.74697183143261,0.09904333182647125,95.90843790119118,3.8453751868360386E9,1.8423400871245912,3
100,0.0,0.0682629110708226,6.6977519823016864,1.9090441325100344E8,1.4433877958869248,1
100,2.47137814412349,0.062437687206134296,80.95163853278237,5.709005887870259E8,0.7602658548294314,1
