evolution$generation,alpha,beta,tsteps,popfit,indicsfit,evolution$samples
200,5.74697183143261,0.09904333182647125,95.90843790119118,3.8455195778556347E9,1.8423980565769775,4
200,1.2168165550546743,0.1,100.0,5.962384213390745E8,0.510257071749726,1
200,0.0,0.0825334193980055,1.0,1.3487444835390404E8,1.8750550875862468,1
200,0.0,0.0682629110708226,6.6977519823016864,1.9090441325100344E8,1.4433877958869248,1
200,1.2703070598754294,0.0777306952460408,74.42483505824111,4.962957319469489E8,0.6072042571688187,1
200,2.47137814412349,0.062437687206134296,80.95163853278237,5.714883465423558E8,0.7611424817483263,3
