evolution$generation,alpha,beta,tsteps,popfit,indicsfit,evolution$samples
100,0.47041872508069904,0.05817538694455904,44.83620763895134,1.0011982529063305E10,0.289413640923235,3
100,7.022512525929738,0.07492187524743009,44.11741012838438,1.0304742312845768E10,0.28001790953122213,4
100,2.3103266352384275,0.05908566509316319,33.10933188658574,6.139570402672861E9,0.08171665438353493,2
100,1.238155991092929,0.0,100.0,1.211339035328978E9,1.0986903519470914,2
100,2.3182135532998407,0.061817531926609985,39.206166321562804,7.352220921965601E9,0.04570800033319594,1
100,2.2979850838776894,0.04502709006396777,46.70665948687512,6.47095476774298E9,0.06264698086300549,1
100,2.326421880742797,0.0440442577812511,47.01497241852091,6.333895249420604E9,0.07515615424681828,1
100,1.1696592996992243,0.0,98.47628270832868,1.0967102768727205E9,1.0517092122412361,1
