evolution$generation,alpha,beta,tsteps,popfit,indicsfit,evolution$samples
100,1.7711063630869148,0.09103016592688334,47.3168120081153,1.2544595668028584E9,0.4162697368380221,1
100,1.9241199062742123,0.09727872620107689,93.80816279101072,1.831504386788155E9,0.236930897934958,1
100,1.8530985057577085,0.09268106615796966,71.06378998361843,1.5044126515902667E9,0.29943732946528356,1
100,1.6650818421263194,0.09085263337283349,51.157220910430674,1.3051160525218005E9,0.3573466692039912,1
100,1.8686239722419806,0.09307629651568466,70.87180629667589,1.5002495414571414E9,0.30227917419248573,2
100,1.621683312787092,0.09103996967628791,50.97250033679724,1.3163241081957412E9,0.34660642633094396,1
100,1.765301844201836,0.09103064003921446,47.82480496040397,1.2615253276941478E9,0.4107495417150353,1
100,1.5625320107439102,0.0994012368610503,47.856177966405205,1.3495829427079563E9,0.32146395845060605,1
100,2.0471661069811358,0.09769345438946751,91.34808451286123,1.7592261589119613E9,0.2528721907784875,1
100,2.2221697823150444,0.08835394269719923,50.0316658595733,1.3082105152114165E9,0.5412328950229076,3
