evolution$generation,alpha,beta,tsteps,popfit,indicsfit,evolution$samples
200,2.8506921259419826,0.07031296780281682,92.7098162518971,5.2767832809296143E8,1.6189955940595084,4
200,4.983061044522737,0.09946871683695802,74.89530323925173,5.2767832809296143E8,1.6189955940595084,4
200,3.8461272699298155,0.057788312166109496,50.68134422070665,5.2767832809296143E8,1.6189955940595084,4
