evolution$generation,alpha,beta,tsteps,popfit,indicsfit,evolution$samples
500,1.0763970100627585,3.2103520090438417E-4,35.625266704247764,5.2767832809296143E8,1.6189955940595084,6
500,2.8506921259419826,0.07031296780281682,92.7098162518971,5.2767832809296143E8,1.6189955940595084,6
