evolution$generation,alpha,beta,tsteps,popfit,indicsfit,evolution$samples
100,1.6158330206601823,0.07802625850169709,68.20202587973806,1.519178640135698E10,0.33800880340432926,6
100,2.153516384955439,0.08815895585651264,100.0,1.7094075017354004E10,0.2786825233167608,1
100,0.6112011586829952,0.1,7.441826541530431,6.367728447450182E9,0.4294479818252776,1
100,0.4045139300604227,0.09869680410963587,9.054930267922096,4.1369600809332113E9,0.5831535377994076,1
