evolution$generation,alpha,beta,tsteps,popfit,indicsfit,evolution$samples
500,4.147751438946984,0.03989617613065297,44.205495304382154,1.64761710704217E9,1.1809272997547808,7
500,4.50446889487411,0.039324655667866956,52.04196819513276,1.64761710704217E9,1.1809272997547808,7
500,4.247670204568392,0.04052839942056208,35.00596596039165,1.64761710704217E9,1.1809272997547808,7
