evolution$generation,alpha,beta,tsteps,popfit,indicsfit,evolution$samples
1000,0.7174702895724216,0.0716219070704283,75.24589658066314,3.515860583313044E10,3.9375559017376798,9
1000,0.43706415099674656,0.08427054572222606,37.97128070829972,3.515860583313044E10,3.9375559017376798,9
1000,6.64449405277256,0.005479785822508499,75.1061794947086,3.515860583313044E10,3.9375559017376798,9
1000,4.5795683472699675,0.06921665371936211,49.04811717399647,3.515860583313044E10,3.9375559017376798,9
