evolution$generation,alpha,beta,tsteps,popfit,indicsfit,evolution$samples
300,9.687592302180946,0.06401883445780775,56.048734236291345,3.88161871913577E8,1.2091450278297446,6
