evolution$generation,alpha,beta,tsteps,popfit,indicsfit,evolution$samples
200,5.30859274667236,0.032803260335436325,65.22056088686952,2.9263194466803955E11,3.4648206756238222,4
200,1.6690251004511578,0.1,97.89709354360637,2.5248990181926075E10,1.9560749213922124,1
200,1.371365478763894,0.04602639385542991,68.46683426897611,7.945679759426025E10,1.2350646770161904,1
200,1.3874743811327142,0.0751401757252293,84.36369335801469,4.915161061182121E10,1.9044854597214633,1
200,0.9296833278352273,0.042550900248136,66.74938399104974,5.74407085842636E10,1.3984266128958631,1
200,1.7365473343158024,0.07544318034007097,84.03732978686574,5.225181969885279E10,1.65119775226874,2
200,1.2194506518723909,0.05012031606477771,71.33643359168978,6.2508429683583755E10,1.2668302332314494,3
200,0.6334886272907153,0.029806606818503265,32.18206251790927,5.04348081262771E10,2.103032235621539,2
200,1.7361725417580853,0.07069194453304795,85.11928092164818,5.3852057368782524E10,1.546889901136014,2
200,1.746913711958321,0.07410566907911813,83.59450424367498,5.301368171445707E10,1.5950826686426167,1
200,1.8094861425985798,0.06864278541701085,89.95060908448127,5.411602297424708E10,1.5343362914039236,1
200,1.7851878210931367,0.07525555745222337,83.68845583799427,5.2942874489401054E10,1.5974419103850808,1
200,1.367154274217861,0.07500090158208755,84.29663862318108,4.901585465264471E10,1.9182121349722292,1
200,0.3863302214977404,0.04166523577898243,66.90768456145351,4.36064424424577E10,2.9582422616177393,2
200,1.3623235131789375,0.07596813461660673,76.5992505273697,4.995872423111686E10,1.8149338298282922,1
200,0.3605093137809705,0.04192361119453416,66.9256865698279,4.334600312710088E10,2.9979676140592115,3
200,0.0,0.041965323775481074,66.7780940867288,4.3886851751554184E10,2.828457007507092,2
200,0.6182482216442939,0.04197576167893257,68.40373858045444,4.549771478349889E10,2.4399361345469592,2
200,0.5554636066488672,0.02973181081435268,31.06784340809104,4.581028864299074E10,2.4990229648247713,3
200,0.26183679935716464,0.041678932675453306,66.81470020949288,4.307321893048872E10,3.1416526480425073,2
200,0.4721376806387805,0.044398972549826055,67.99360830897642,4.4290028746336075E10,2.766865085717109,2
200,0.0,0.03067544262232639,28.3695488524989,4.162027796242522E10,4.031634519840057,2
200,1.367154274217861,0.07501272383811429,84.2966386231811,4.903907917729031E10,1.916135564548148,1
