evolution$generation,alpha,beta,tsteps,popfit,indicsfit,evolution$samples
100,1.8897237326193217,0.08818830699206215,35.13397127731626,5.90863160441037E9,0.6052757688784927,4
100,0.8866863280704385,0.06445333468839631,72.66396982203635,9.368599473822542E9,0.5293993530847027,2
100,0.3755018733728255,0.03329769879738716,8.114003778660937,1.3158299739856238E9,0.9451606522693231,3
100,1.8465150987781065,0.08719712604688197,36.90131950944958,6.014098591148979E9,0.5960845456436616,2
100,1.4031071528814776,0.06243624317410679,37.5783405701003,5.10886417515389E9,0.6115194354611355,1
100,1.0369714455810097,0.07326942750840382,49.42242257856322,7.437885263796784E9,0.5312500724995025,1
100,1.4945034660001184,0.06349501909412893,36.26532317180322,5.073240724603544E9,0.6218796473357977,1
100,1.5413474252168389,0.055054402112469904,38.420645576957796,4.825145598824646E9,0.6418770593997494,1
100,2.69929082051228,0.09186796378383864,94.25426501568714,1.0475293315475542E10,0.47382553012097245,1
100,1.9069978199307451,0.09379924950662184,35.20053967285906,6.133408781637903E9,0.5934869760699779,2
100,1.2631117684375945,0.06607036837346378,70.31510544342838,8.241751240807167E9,0.5064485251712956,1
100,2.737023354401483,0.09151353553749114,90.92445112884596,1.007928917369765E10,0.478749750705523,1
100,1.9159771697176273,0.09144119965744424,33.37584489434311,5.876241277680595E9,0.6100174923089747,1
100,1.5911742150037564,0.08919203793196953,36.81476467286143,6.181680506226634E9,0.5725328467241039,1
