evolution$generation,alpha,beta,tsteps,popfit,indicsfit,evolution$samples
100,0.7415325097745917,0.05137871839237898,45.27884275972455,1.1316312742904353E9,3.2252325260010632,2
100,7.282499866918322,0.09769227271278114,82.96379591742026,4.4907574930340805E10,3.9180638378078996,3
100,10.0,0.1,37.55326541700684,1.0339414817777011E11,5.260236157326258,4
100,0.5671211989764092,0.054221221277284785,43.32179025066869,1.2775345868007548E9,2.0637649279523957,1
100,0.5675308223011624,0.02768637466961811,52.25002137496177,1.0598883035156158E9,2.8081912908373186,1
