evolution$generation,alpha,beta,tsteps,popfit,indicsfit,evolution$samples
200,0.0,0.0037352360151588202,10.990482050046621,5.518162479716829E9,2.0076249919714986,2
200,0.9744553693169851,0.09508546675571213,81.75934960695301,1.1030214663348211E10,0.32180713292579155,1
200,2.0338421749142848,0.0490776609489451,55.18202309621339,6.4511890689616325E10,1.6898448878935495,5
200,0.48372293116694637,0.021366580923836285,43.97846146450891,6.752065850502669E9,0.6997865789034518,1
200,1.5034206310229337,0.08319098337250329,74.63968207935291,1.8212143361335243E10,0.6549976983488583,3
200,0.4022446697738794,0.042828626303127254,14.630428984428931,6.302357980459942E9,0.7836701961127834,1
200,0.48981085631976784,0.026655564994304593,40.329554430852355,7.086794037103883E9,0.6799192109847987,2
200,0.6298397885061041,0.08179886407969214,60.55968164019576,8.72040240802833E9,0.43714649338971173,1
200,0.8417418764477697,0.08064326043156478,60.22515353676583,1.0869971830830359E10,0.3435838456088507,1
200,0.3964699733693535,0.011070162375806134,29.649158099214084,5.826987489726762E9,0.9220838631676609,1
200,0.0793714800694914,0.04342348309235184,14.21579363347774,5.710298214574249E9,1.5477851420812128,1
200,0.12358342906067371,0.04510950054627147,4.301789495018957,7.242861591524815E9,1.1865791374559616,3
200,0.6024727087405989,0.08699213460420724,78.30287655271464,8.577071737831065E9,0.5062938249079941,1
200,0.35819685351843533,0.04494321172335328,9.85670680850582,6.080502839116048E9,0.80073237029193,2
200,0.15005554186359943,0.0025764918912434386,11.241071987755163,5.749106227494949E9,1.4071384315553135,1
