evolution$generation,alpha,beta,tsteps,popfit,indicsfit,evolution$samples
300,1.4145512910860591,0.07462672190742602,67.87729164682295,7.845815200556889E9,0.34666855129014607,2
300,0.0,0.1,100.0,9.855035460948409E8,2.4567059261526136,1
300,4.4914938934036766,0.08059327770624392,83.66987579032225,1.1721225671586015E9,3.26739580348133,6
300,8.925258663562994,0.033925772427189214,33.25485170142556,4.843728201551641E10,3.048696865277151,4
300,1.021054175427164,0.022634962894546008,65.17749594481725,3.96151523218076E9,0.7490034599422657,1
300,0.5593798016557657,0.024980486935094852,83.02135321213552,4.2705135622111244E9,0.7865411547487468,2
300,0.708837716713394,0.04747428387838781,54.32898854160174,5.079816967065552E9,0.5696689772385792,2
300,0.7628873650969736,0.04797086058472434,55.42960146311677,5.163782621778992E9,0.5162686931187805,2
300,1.6011599056119696,0.027470120973329723,79.99563970115825,6.471167736677171E9,0.7199008613555441,3
300,0.0,0.006166084755335,81.19364788823272,1.4461883644232693E9,1.9711209143290547,2
300,0.0,0.027918824109578536,14.584551234581713,1.2835756146255538E9,2.0660985660760316,1
300,0.8039233317772049,0.04704621288467464,60.92843315209138,5.441739755977848E9,0.48381119942364903,1
300,0.03150880939499816,0.02608850280423602,53.524617662153,3.4314923917490582E9,1.6302553408590483,3
300,0.501538119848763,0.015393351440632445,58.317522036345494,1.8361321264448748E9,1.0898873367374924,2
300,0.39397040112778664,0.013954232219880423,55.64755062916473,1.5409006322185504E9,1.3429802243161812,1
300,0.5873723093946502,0.00959670693931429,80.62131749255845,1.9013891752911925E9,1.0404292613647677,2
300,0.3178777138301151,0.014056282949148811,55.357627611613964,1.5509481947494776E9,1.4688579689144576,2
300,0.7954879869758982,0.049273472477496465,57.199437872128755,5.399208336755711E9,0.49104332155164415,1
300,0.7957749968886754,0.04948608088928063,57.07189015870527,5.424460206465905E9,0.4874194591224409,1
300,10.0,0.1,100.0,1.1019645265627882E9,3.173536551663472,3
300,6.157327013822881,0.1,100.0,1.0922339541792316E9,3.172326190026041,2
300,0.0,0.007392848316493002,42.07181095925213,1.1050564610623493E9,2.187002639720561,1
