evolution$generation,alpha,beta,tsteps,popfit,indicsfit,evolution$samples
800,6.3667926872007445,0.022998233449476487,44.35456262618859,1.201975236541767E8,1.6866511800732233,8
800,3.6975510171296655,0.019037339862818106,45.47608467711788,1.201975236541767E8,1.6866511800732233,8
800,10.0,0.0,54.7390082616324,1.201975236541767E8,1.6866511800732233,8
