evolution$generation,alpha,beta,tsteps,popfit,indicsfit,evolution$samples
200,0.47194121282388923,0.003359464950999283,24.601743139813138,2096503.4793425049,1.2078029589190071,2
200,1.1432137722793243,0.0824286311567455,26.511496746901585,3.333259140407878E7,0.2019048916754408,1
200,1.3787643683893822,0.06965455553957703,20.69263264617172,2.055329764812962E7,0.2616193197199114,1
200,1.154212035565886,0.06814770089953313,18.649278577505733,1.739177333261184E7,0.30745330209076377,1
200,2.114624834126315,0.0699699851473644,13.716545219374275,1.3136080244159669E7,0.5141740937988701,2
200,2.329390178263226,0.07002452940056822,11.619014673503719,1.1960698255290039E7,0.626560353314317,2
200,0.47132497947244123,0.059498067371185785,29.327499004706365,2.9184845826707296E7,0.4618367837001033,2
200,1.058672991746129,0.073898235173597,28.046938782660405,3.1620944423943244E7,0.22358058300012257,1
200,0.49800296966739044,0.017086590632394507,24.815979727763185,4146705.600852027,0.7637683092885165,3
200,0.4868687988894394,0.012385933622851827,25.63012996890723,3183757.7188032577,0.865809946627367,1
200,0.523492560953098,0.012430466060110543,24.645228446292606,2925107.8464437053,0.9059611582942504,1
200,1.1143684459661296,0.08248816008845437,26.651272706769642,3.343880093268704E7,0.21165764181218996,2
200,0.5247109310959285,0.012474772320676624,24.635043246417286,2947452.77668052,0.9116620534001574,2
