evolution$generation,alpha,beta,tsteps,popfit,indicsfit,evolution$samples
100,0.7196436505110126,0.040736463264379436,61.138075962485956,1.4817225864033527E9,1.0408784450025428,3
100,0.8590902052246091,0.03538256994224806,33.27738773011227,7.426958967082071E8,2.219520954971249,5
100,0.832434189727736,0.040579386420044154,54.138422018921695,9.367358097532659E8,1.6221837926996359,1
100,0.7952327098448162,0.03555958916091919,33.20204193079232,8.331488933571203E8,2.027135197238052,2
