evolution$generation,alpha,beta,tsteps,popfit,indicsfit,evolution$samples
200,0.8647321882696462,0.0035860151504966777,26.638100632038697,3.764956290587523E7,2.3813182534276276,1
200,1.8531035212155436,0.06140460466343663,55.9415137163081,1.239677846299479E9,0.6489698264330922,1
200,0.8667444281658663,0.012365672459331959,26.55468409257149,9.586422858532016E7,1.835330671936938,5
200,0.37188156551284385,0.009569722229021969,7.444699227032534,8.875718388797782E7,1.193594572404603,1
200,1.5040770627664792,0.06632475804239207,17.93576461088845,5.377189172407889E8,1.1459864347324809,1
200,0.30878007712126704,0.01213811218851006,26.538417808340117,2.6637076855016613E8,1.2304475049233403,2
200,1.5044355771778086,0.07302212312339738,30.011148306225927,9.347748402104506E8,0.8133591474166377,1
200,1.533699721306563,0.0708162771892459,36.425396451837706,1.0483972352080835E9,0.7408897701251899,1
200,1.5166414894160207,0.07177832300700819,41.08444630650717,1.141746973636888E9,0.6841553024476719,2
200,0.3002073986323777,0.06209300360266189,15.111734912031913,6.880939960151026E8,1.023293688064457,1
200,1.5173258723924457,0.07511681612068412,17.494787501286645,5.828339379222349E8,1.102045778120324,1
200,0.8698429057198107,0.0751522693255981,18.602208827977996,6.974405568168823E8,0.9320506086117306,1
200,0.6998283184699987,0.03182520005978678,15.827309649800622,2.1191669333237416E8,1.3407834450870215,3
200,10.0,0.08113591111677959,92.205955200713,3.015629998453467E9,0.8449777069443201,3
200,0.29995522478722914,0.0,26.40553527378706,6.838607724419023E7,1.5295847461278784,3
200,0.9717431629140544,0.0,43.1367083511598,4.749571846148599E7,1.3102008110435472,1
200,0.8019283534724166,0.006163990305047613,19.76187734571285,3.9134280512696065E7,2.248773340480564,1
