evolution$generation,alpha,beta,tsteps,popfit,indicsfit,evolution$samples
500,0.060134548937889096,0.011524693768227515,2.885061998901353,5.243340496676246E8,0.5313874993845051,1
500,0.5058901771654787,0.02759428766810286,16.78611890474466,6.199153230811793E8,0.3145463770508885,1
500,2.0444662293718796,0.09544722724200544,70.48052494910142,1.9523539357451763E9,0.7362217380103384,5
500,0.5369974070447093,0.016697471896950134,19.94091424830813,6.877529908942316E8,0.3692330830198533,4
500,0.5733782486734569,0.0430386028080357,54.18792754313493,1.0409613456903436E9,0.32610175032293665,4
500,0.4041990072297904,0.0195162556374546,17.093624239075098,5.510651317879204E8,0.4350656203643194,1
500,0.0545506142805727,0.005892187808866945,2.7857605827134053,5.3428462388000524E8,0.5362809008822365,3
500,0.4617628343151031,0.01659098421825103,20.095898684841888,5.839675828881325E8,0.3653330847424332,2
500,0.17219692553151947,0.011749145172679326,3.7349307366598756,5.377252986469845E8,0.44938037623539584,1
500,0.46176283431510307,0.016590984218251028,20.095898684841885,5.867355834369442E8,0.36187822774297046,3
500,0.44813483699558293,0.028770026404063703,13.677753571963555,5.777110586541151E8,0.34444846488937364,1
500,0.03240886255562585,0.014706170053871976,5.637422940812423,5.748659053282268E8,0.8851358035015591,4
500,0.47290402154423644,0.02623604233648611,15.95907505090064,6.05122045586783E8,0.32168044216309666,1
