evolution$generation,alpha,beta,tsteps,popfit,indicsfit,evolution$samples
400,0.0545506142805727,0.005892187808866945,2.7857605827134053,5.3428462388000524E8,0.5362809008822365,3
400,0.5109394405100197,0.027463338270751772,17.684463005690066,6.263967674705293E8,0.3176481630011069,1
400,2.0444662293718796,0.09544722724200544,70.48052494910142,1.9523539357451763E9,0.7362217380103384,5
400,0.3949894912402229,0.02119359699721771,17.192656568721414,5.462742418755347E8,0.4817041249087051,1
400,0.46176283431510307,0.016590984218251028,20.095898684841885,5.874189849526784E8,0.3607056278157773,2
400,0.5040865913892282,0.027454744480849898,17.548955755156335,6.239840077864959E8,0.32046813733745544,1
400,0.05850582542717958,0.006397589225103881,2.656550605715178,5.389948587529123E8,0.5327826624264259,1
400,0.5733782486734569,0.0430386028080357,54.18792754313493,1.0414138274245942E9,0.3257071473583722,3
400,0.5369974070447093,0.016697471896950134,19.94091424830813,6.877529908942316E8,0.3692330830198533,4
