evolution$generation,alpha,beta,tsteps,popfit,indicsfit,evolution$samples
100,9.210866464589378,0.058278463802366856,77.59627638658415,1.5475140178251749E10,1.8637015716459835,3
100,0.5442377983883406,0.021111184531014595,19.821071074908243,6.640421312203096E8,0.3830641072605956,1
100,0.8264310426144172,0.039370923455081155,52.35810557723579,1.0872948073540392E9,0.7681288246999571,2
100,2.0444662293718796,0.09544722724200544,70.48052494910142,1.956840459012917E9,0.7367678771641235,2
