evolution$generation,alpha,beta,tsteps,popfit,indicsfit,evolution$samples
700,6.552484971155969,0.08113611184805085,52.811720613257144,2.124865847529463E8,1.4657007216845372,8
700,0.0,0.09595472240222434,81.16286493460998,2.124865847529463E8,1.4657007216845372,8
