evolution$generation,alpha,beta,tsteps,popfit,indicsfit,evolution$samples
200,0.5877314329861427,0.035373435639670305,96.60211746650742,2.3545986244394946E8,1.0894364602523303,5
