evolution$generation,alpha,beta,tsteps,popfit,indicsfit,evolution$samples
400,5.021727096004111,0.020871276167272815,79.39598941371207,2.3545986244394946E8,1.0894364602523303,8
