evolution$generation,alpha,beta,tsteps,popfit,indicsfit,evolution$samples
300,6.497655606568859,0.08453454273482186,50.5002899745308,3.251484508219209E8,0.908556858998152,5
