evolution$generation,alpha,beta,tsteps,popfit,indicsfit,evolution$samples
1000,5.438318740358008,0.032973403451985676,9.82717859159524,3.251484508219209E8,0.908556858998152,10
