evolution$generation,alpha,beta,tsteps,popfit,indicsfit,evolution$samples
100,5.120101213356905,0.04814944513063142,59.33938839224765,3.251484508219209E8,0.908556858998152,3
100,0.4287803167738313,0.0199737558090904,36.894924341694555,3.251484508219209E8,0.908556858998152,3
100,3.953191088612973,0.018687121417505014,16.905639363468858,3.251484508219209E8,0.908556858998152,3
100,5.438318740358008,0.032973403451985676,9.82717859159524,3.251484508219209E8,0.908556858998152,3
100,6.497655606568859,0.08453454273482186,50.5002899745308,3.251484508219209E8,0.908556858998152,3
100,5.7264417346933545,0.07389969362729368,20.594946910002115,3.251484508219209E8,0.908556858998152,3
