evolution$generation,alpha,beta,tsteps,popfit,indicsfit,evolution$samples
500,3.953191088612973,0.018687121417505014,16.905639363468858,3.251484508219209E8,0.908556858998152,6
500,5.438318740358008,0.032973403451985676,9.82717859159524,3.251484508219209E8,0.908556858998152,6
