evolution$generation,alpha,beta,tsteps,popfit,indicsfit,evolution$samples
100,2.5899233402899124,0.09918965300874227,49.84219114853947,1.3203436179192939E9,0.6960091128532743,3
100,1.0544519201683844,0.06921807698188041,88.0377454017909,1.3297808356609E9,0.40433446343175217,2
100,1.31904965304944,0.1,32.87606873294575,1.0487469723759307E9,0.7211759623941085,2
100,2.1110537404676757,0.061744485650565534,73.075090960652,1.2248828604399078E9,0.7006012735102706,3
100,0.1803971960215267,0.03387502208032889,83.44729187824873,1.5740406337726874E9,1.0822256318370234,4
100,1.8474211647702699,0.06545918933093618,80.57204413413291,1.218303187787347E9,0.602363989916005,2
100,1.0544519201683844,0.06921807698188041,88.02726562710686,1.3307713662711349E9,0.40385297074428766,2
100,1.3255787743473957,0.09440838227607179,33.53282599845599,1.0386373634211478E9,0.7394588001844828,2
100,1.0463396336250148,0.06932617445661869,88.14103333567458,1.335306017323222E9,0.4003992870530494,1
100,1.3172861569054923,0.09999814732349899,32.93018776529117,1.047972622778261E9,0.7217110422290193,1
100,1.289296756015481,0.07419748177184238,98.5334191565815,1.3754939023794906E9,0.3977889843213847,1
100,1.3209053230253445,0.04110311425843746,100.0,1.1125126733204746E9,0.6342143284757913,1
100,1.4174093734305726,0.1,49.473219493412245,1.1845639335713344E9,0.5563186374047048,1
100,1.5703490416444819,0.1,100.0,1.5388094154863667E9,0.34713774957488874,1
100,1.3812707574419982,0.08287573609660097,31.452036777401926,9.766451938819555E8,0.8535086815086139,1
100,1.3140558030713017,0.0948141926287144,37.39031024816082,1.0771906030913768E9,0.6836495621554541,1
100,0.6925596150833047,0.06537107000851622,93.94610707470875,1.521133940483044E9,0.36006237842811833,1
100,1.060810439712603,0.1,89.52468425531053,1.6106241686218956E9,0.3019904696632428,1
