evolution$generation,alpha,beta,tsteps,popfit,indicsfit,evolution$samples
400,0.7348324909365066,0.003974060557089606,62.911201782847584,3.840936378382157E8,1.3654761559678572,2
400,8.60440872403866,0.08153639669287366,24.23091168958315,4.9261539289393555E10,5.303389290503822,7
400,0.7971243330081302,0.060358198097507636,45.78909917568505,7.679365808987521E8,0.449668726719382,1
400,0.6673132757564266,0.06319828771453821,10.046287166155743,4.733094034176815E8,0.730856950574028,2
400,0.581095901220235,0.06005023532366466,5.310842259764942,4.1125483271466494E8,0.9317264947910915,1
400,1.0066900993811079,0.011869587000027264,62.13170297195519,7.362444628323777E8,1.8722068141679782,6
400,0.7532091822933866,0.06261012662152157,27.451426153374964,6.543299900274993E8,0.5304974963934371,1
400,0.6539948839644258,0.06683383750288427,14.957511240061324,6.073136836009313E8,0.5418931351683621,1
400,1.0012503353124202,0.011668508817628065,73.221826010056,6.822096387559526E8,1.7552036378168254,5
400,0.6717391451187228,0.04112874639453973,24.949020348146792,6.265393966029778E8,0.5396940109446144,1
400,0.7150421522019383,0.0419552172489584,24.71527316911582,5.561098039695561E8,0.570457564504082,1
400,0.7345923138499717,0.053402310880068575,8.243684820154844,3.975018389999569E8,1.3324809494602063,1
400,0.7964372920917582,0.06068325320652676,41.212612436145115,7.3190692408723E8,0.46345713270174044,1
400,0.6661612721191866,0.05865138537557581,18.845566257777865,6.385088811307901E8,0.5559959620365059,3
400,0.6564525993275063,0.06450146336399291,12.751379464001015,5.441242228315341E8,0.5902712877455127,1
400,0.7253439569049069,0.03652529756222982,28.396676253589426,5.483487391955523E8,0.6318309962841677,2
400,0.5869356829242839,0.05928332262328311,8.303659922979092,5.067834733029883E8,0.6568907434125001,2
400,0.7913753282541764,0.059063064379526235,40.61625285370674,7.208730049015975E8,0.4711330458415422,1
400,0.6629017813603779,0.06410702744255412,11.206132645634634,5.0490538052861506E8,0.6707927791524609,1
400,0.7913787162102021,0.0590643991651764,40.45828047055488,7.208860953504796E8,0.47243203913423265,2
