evolution$generation,alpha,beta,tsteps,popfit,indicsfit,evolution$samples
300,7.184681642534761,0.06961788071464325,33.51863892253945,2.3138583759167152E10,1.4806235263543663,6
300,2.812361391934279,0.09510273712488021,69.36185600007545,3.292679669976576E9,0.1402724540803795,1
300,0.6581219524169422,5.183157035605388E-4,75.61656456772852,5.958992439307679E7,0.42923870626319244,2
300,2.790238109468264,0.09591291235414448,69.31270033728777,1.960397639136097E9,0.17301370556186021,1
300,3.0295407051009526,0.08764704285542729,65.80964013790012,5.469772141695355E9,0.1793233663533605,3
300,0.8718371658112246,0.006855431895689339,69.89789957773952,1.4836382179627895E8,0.4068632535809698,2
300,3.14607630131981,0.1,69.27988811578145,4.522272970750341E9,0.22049738587881834,2
300,0.8149286780248622,0.008677669987317461,69.10410286598571,2.1736587118495464E8,0.35138130272348134,2
300,0.6059885150628455,0.005315078051757873,69.08166759415641,1.6766488742509162E8,0.18008474767234423,1
300,6.99051136743536,0.1,80.59832189253733,4.549299283988067E9,0.20728440716331617,3
300,2.9847094934509895,0.1,64.06693865377416,4.569104046200399E9,0.1768900429470018,2
300,1.7794985431322536,0.07051880461086653,55.275743062382084,1.1587063288264966E9,0.5954360863527436,4
300,0.8437160551178282,0.006950365618264243,69.77247560163956,1.5656174122737312E8,0.3884630262260187,3
300,0.8549129793120985,0.05439880578178399,8.507997462793774,1.5652584878261402E8,0.3994858791902185,2
