evolution$generation,alpha,beta,tsteps,popfit,indicsfit,evolution$samples
100,7.184681642534761,0.06961788071464325,33.51863892253945,2.3138583759167152E10,1.4806235263543663,6
100,3.1679652781619283,0.07819926983169007,70.03090779309889,6.249823889672852E9,0.21252614325690344,2
100,2.6074904955573235,0.08928909336897173,74.56544322254636,1.4970228292218857E9,0.6379006234009204,3
100,0.8437160551178282,0.006950365618264243,69.77247560163956,1.56462174904748E8,0.38387374045312295,2
100,0.8718371658112246,0.006855431895689339,69.89789957773952,1.4782926298718697E8,0.405680533516079,1
100,2.974907355245881,0.1,64.03679160989677,4.551248813909943E9,0.1765872521763798,1
