evolution$generation,alpha,beta,tsteps,popfit,indicsfit,evolution$samples
700,5.58799818661222,0.01708609624880241,56.472222743025014,2.761976302606091E8,0.9801500561027972,10
700,0.9000414836595927,0.09111574750892287,80.9257154405408,2.761976302606091E8,0.9801500561027972,10
