evolution$generation,alpha,beta,tsteps,popfit,indicsfit,evolution$samples
100,6.149825804013911,0.020165494085118342,31.833216734843592,1.3462670589737125E11,4.6250352885009,3
100,1.5248182716034209,0.02116774913483901,73.20737136380951,1.5076385823028688E9,1.3924835694361697,2
100,2.0887091432187583,0.06594241493773126,33.40342888415557,2.4327752295024786E9,1.2524190695235582,2
100,1.2485384091872251,0.07535784932651123,70.75347277662398,2.1100359668892033E9,0.6933197929053416,1
100,0.0,0.05944923822502627,1.0,7.11977347524197E8,1.804623825042042,2
100,0.649566528354939,0.0,9.17534240274102,5.482605345569009E8,1.3177385365240746,1
100,1.217476394681582,0.07607377441540542,64.02014188678956,2.0354407630788484E9,0.7302135006487018,1
100,0.0,0.07810624337915878,10.917377741613578,1.1154206678698432E9,1.2287183145273717,1
100,0.4096187607433424,0.04632938824960106,31.593208583578786,1.1158520711410985E9,0.8351472424527822,1
