evolution$generation,alpha,beta,tsteps,popfit,indicsfit,evolution$samples
100,0.7160185944094755,0.013437379328497867,45.53263572760721,6.137416359998014E9,1.4393457015585867,2
100,0.8452524641281101,0.020619876576006058,85.59453259630908,1.6382849627991686E10,1.1533316741620496,3
100,4.1760500031537955,0.08580761610447368,94.75147906527896,8.012629738267036E10,1.0728528923346474,3
100,2.9589608741544593,0.090917067913817,43.45335826251589,3.47807830776362E10,1.066460394090744,2
100,0.7537881111560683,0.0526404964007053,63.722099732711186,2.818156948957518E10,0.844327362275749,1
100,4.1789064566229985,0.1,92.48847586282282,7.731785573853493E10,1.0125007577953338,2
100,0.7023939844026519,0.020505884005280806,85.17944570545565,1.7076629048688383E10,0.9855898338319321,1
100,0.8435437485376502,0.020834797423564862,82.59480011835097,1.6051802455762032E10,1.165575690221958,2
100,0.8780403726431771,0.0,100.0,2.6843634498999505E9,1.072803999797551,1
