evolution$generation,alpha,beta,tsteps,popfit,indicsfit,evolution$samples
100,2.8217175781028714,0.06932479281316735,30.48674263448876,1.2013239701140883E9,0.9504550402841189,5
