evolution$generation,alpha,beta,tsteps,popfit,indicsfit,evolution$samples
100,9.203522920340452,0.01763296927864131,68.76837237571719,6.751321194891113E7,3.1679440660014286,3
100,9.249799707415875,0.03755992322923232,17.018928365571547,6.549677151867748E7,2.972481341679583,1
100,4.465759891272702,0.04873140128269374,4.366160535911511,4.345022493143875E8,2.066249261760129,3
100,1.4666220147381277,0.01344793464183266,33.21556390824801,7.96197090616953E8,1.1182519853396133,1
100,9.258286235789843,0.04634837951576751,15.840439727074278,6.634624417201464E7,2.908241567137978,2
100,0.0,0.014306541179409979,1.0,6.867991606645182E7,1.1781284533164214,2
100,1.2034197923260959,0.014075950435721485,38.03523577026639,1.2724197118423288E9,0.8465395525455871,1
100,0.04332000917525066,0.0,100.0,6.597421512235423E7,1.2105240650946112,1
