evolution$generation,alpha,beta,tsteps,popfit,indicsfit,evolution$samples
900,0.5673336394758177,0.012292058990409705,99.59213370014349,6.901603332950015E9,4.184153434889914,10
