evolution$generation,alpha,beta,tsteps,popfit,indicsfit,evolution$samples
300,9.723566629093321,0.06388878981816071,44.23210921871468,4.408566555948379E7,0.48892017410055133,9
