evolution$generation,alpha,beta,tsteps,popfit,indicsfit,evolution$samples
200,0.7899716273792843,0.08314167338230571,54.86758428643101,3.7403177584057336E9,0.5010450382136596,1
200,0.6043480672958954,0.008291341269687348,49.420322380299716,4.402125105471275E8,0.9212744023946781,1
200,1.296761260008865,0.06979345383815876,27.81082945915755,2.0083722542545056E9,0.7851380979765672,1
200,1.014961850967818,0.08343770816551166,49.91897086487915,3.4765395615739794E9,0.534744277141739,2
200,1.403030530262863,0.0457035803217317,41.90858014021005,2.0171957554887414E9,0.812493671646006,2
200,0.5984043546167132,0.1,34.55897049534655,3.2948531118413925E9,0.6327698132098444,3
200,1.840789011535764,0.04822709908908987,94.1987098440913,3.818715867363572E9,0.6886273249452077,4
200,1.3917193425210979,0.1,68.59141513114008,4.505548093278885E9,0.5128812721323348,2
200,0.7745902824489338,0.029324791998154943,82.27879003294464,2.362850191238176E9,0.6036974258278044,2
200,0.7943082576361349,0.028555816604116366,83.24622659913965,2.3157235644942584E9,0.612555786237339,2
200,1.0657838053981459,0.0277158811115512,83.6957368393012,2.244197026681715E9,0.6916112307728162,1
200,0.9127789481827295,0.08691557688035585,36.41766762500553,2.923219627737973E9,0.5702329634959494,2
200,1.1948827049819386,0.096470006130518,22.472153021332797,2.208153933403556E9,0.7264787751607089,1
200,1.4471660868768224,0.08841421988817807,35.24210121710772,2.9831345224325604E9,0.6836129823342366,3
200,1.7072484241833652,0.03209865994278629,87.35323687325302,2.822028564034015E9,0.7699081868438881,3
200,1.4018356539628452,0.06180231993397434,33.76396413736299,2.2039476969359508E9,0.7811110070207988,1
200,6.611582521705897,0.0782888044430688,100.0,6.779935588441378E8,1.8609809024732256,2
