evolution$generation,alpha,beta,tsteps,popfit,indicsfit,evolution$samples
100,1.164436116262093,0.034824999174849956,22.77345055364364,2.248056670924018E9,1.070664820919424,5
100,1.1887849610460344,0.06154413562003134,44.3819107064142,7.737897141423827E9,0.7396521909701412,5
100,1.0642997952012245,0.03435940629485233,22.462222918475693,2.1784402141606917E9,1.0743263194960293,3
100,0.8036360186468855,0.08813426181328787,42.876855327252215,1.0394757223788172E10,0.6899612035680401,3
100,1.0849013957960592,0.0606605056963349,40.007151956214024,7.379571602724448E9,0.7702961064046934,1
100,1.3133546087548167,0.06154225220087696,44.45894797804682,7.571976237540976E9,0.7494467414635727,1
100,1.1717433664946433,0.0732750114585504,44.30419749137885,8.665679335456356E9,0.6853414064499774,1
100,1.032199665515377,0.03446530477552865,22.49532512581458,2.223942436044139E9,1.072673089487827,1
100,1.0604732527662906,0.060447569372452686,22.593028138105232,4.528977463554272E9,0.9183240353452174,1
100,0.0,0.06973815176909857,1.0,1.4861578183929565E9,2.0106317684625097,1
100,1.0754213767864993,0.03500041489825086,21.209063497452355,2.0876570009829867E9,1.0817673606379778,1
100,1.0033980659596062,0.034327412649121744,25.464459545591538,2.7270146741839867E9,1.032625688924575,1
