NA;NA;NA;NA;NA;NA;NA;NA;NA;NA;NA;NA;NA;NA
NA;0;0;0;0;254.729598999023;27084.0078125;86696.6640625;1963.62719726562;1744.69616699219;0;118.379165649414;719.794555664062;NA
NA;0;0;0;0;0;0;4632.201171875;24628.94140625;2503.23071289062;1332.37524414062;0;0;NA
NA;0;0;0;0;0;0;0;19631.158203125;847.282592773438;25238.0546875;0;0;NA
NA;0;0;0;0;0;0;0;1578.89404296875;7327.30712890625;2621.36743164062;848.356079101562;0;NA
NA;0;0;0;42.8044281005859;0;0;0;346.024475097656;1280.53576660156;7673.8779296875;571.39599609375;0;NA
NA;0;0;15022.9013671875;879.789489746094;0;0;0;0;158.704284667969;43459.93359375;2139.20263671875;415.349151611328;NA
NA;0;0;0;56143.6875;1343.33020019531;0;0;0;0;493.191497802734;44133.08984375;8007.06591796875;NA
NA;NA;NA;NA;NA;NA;NA;NA;NA;NA;NA;NA;NA;NA
