NA;NA;NA;NA;NA;NA;NA;NA;NA;NA;NA;NA;NA;NA
NA;0;59.527961730957;0;0;438.360168457031;32344.00390625;84928.546875;3043.71240234375;2572.52392578125;0;245.194793701172;1294.32836914062;NA
NA;0;0;0;0;0;0;13373.853515625;35828.95703125;3637.92431640625;5610.31298828125;73.6821975708008;217.227630615234;NA
NA;0;0;0;0;154.299041748047;0;0;37287.41015625;2951.28247070312;15157.6015625;278.281982421875;0;NA
NA;0;0;0;18.4969329833984;0;2769.13061523438;0;2758.283203125;22634.12109375;5637.43408203125;3375.978515625;0;NA
NA;0;283.893493652344;0;515.010559082031;0;133.231231689453;79.5221176147461;1241.08947753906;2372.82641601562;20692.61328125;1593.439453125;0;NA
NA;0;0;19486.728515625;2672.68041992188;0;0;0;0;1177.46179199219;51186.51171875;2844.14526367188;6453.65478515625;NA
NA;0;0;0;65132.32421875;2164.06005859375;0;1408.44567871094;0;0;1227.01416015625;42369.3671875;10216.91015625;NA
NA;NA;NA;NA;NA;NA;NA;NA;NA;NA;NA;NA;NA;NA
