NA;NA;NA;NA;NA;NA;NA;NA;NA;NA;NA;NA;NA;NA;NA;NA
NA;0;0;0;2039.599609375;4121.96630859375;0;11074.58203125;0;0;0;0;0;0;0;NA
NA;0;0;0;1013.35986328125;6803.205078125;5524.0029296875;0;0;1461.70446777344;865.160888671875;5142.98095703125;2270.42553710938;0;0;NA
NA;0;0;0;4968.705078125;2287.04223632812;12966.140625;2794.38623046875;12957.763671875;2441.04467773438;460.723937988281;2053.72705078125;26.923095703125;0;0;NA
NA;0;0;0;0;0;6882.208984375;873.064819335938;9996.1865234375;4059.74389648438;14447.01953125;349.322052001953;1121.95056152344;3.09157180786133;18.1172332763672;NA
NA;16.1231670379639;0;0;0;0;6003.6845703125;4600.6240234375;1494.83959960938;6040.513671875;5974.3154296875;0;0;6.14348077774048;0;NA
NA;3.83747267723083;0;0;0;0;0;71.3029022216797;2609.69921875;593.655883789062;7429.97021484375;0;0;0;0;NA
NA;NA;NA;NA;NA;NA;NA;NA;NA;NA;NA;NA;NA;NA;NA;NA
