NA;NA;NA;NA;NA;NA;NA;NA;NA;NA;NA;NA;NA;NA;NA;NA;NA;NA;NA;NA;NA;NA;NA;NA;NA;NA;NA;NA;NA;NA;NA;NA;NA;NA;NA;NA
NA;0;0;6.66284656524658;11.0843944549561;749.596801757812;0;53.1201248168945;11.676607131958;887.927673339844;0;0;0;0;0;1.39264500141144;45.7147598266602;258.031311035156;15.9766759872437;166.044769287109;0;0;0;3.70180010795593;0;1250.447265625;4341.52685546875;5460.5078125;69.5123977661133;0;0;85.0614471435547;0;0;261.816802978516;NA
NA;0;0;43.4250030517578;270.371215820312;233.772796630859;0;773.084594726562;954.3525390625;361.194763183594;35.2133445739746;0;0;0;0;0;561.15625;1215.58618164062;2680.21826171875;69.6550827026367;261.450408935547;0;0;0;0;939.751953125;894.232299804688;4392.181640625;922.245483398438;0;0;0;179.421981811523;0;0;NA
NA;0;0;0;0;680.540832519531;0;532.455261230469;4446.05712890625;3743.81201171875;53.8425140380859;0;0;0;0;0;0;823.324340820312;3317.82470703125;17.1328468322754;1414.90185546875;53.2965812683105;0;0;0;0;2239.15454101562;4654.11865234375;6106.484375;0;4.06253671646118;0;0;30.8234596252441;0;NA
NA;0;0;0;0;535.94970703125;0;0;262.033020019531;6728.9091796875;948.50048828125;3.74338579177856;0;0;0;0;0;125.522583007812;544.398742675781;76.5380401611328;140.919952392578;99.1974868774414;3.93104481697083;0;0;0;0;4058.49658203125;4422.1044921875;4788.02197265625;28.2392425537109;0;0;67.9878692626953;0;NA
NA;0;0;0;0;571.453857421875;314.922302246094;0;0;21.8807945251465;2435.07153320312;2548.95751953125;41.5970726013184;0;0;0;0;0;212.757385253906;1619.08642578125;2.01078081130981;385.779968261719;256.248504638672;24.9833488464355;0;674.890991210938;0;0;3469.50512695312;4034.33715820312;1990.16418457031;0;0;0;154.585830688477;NA
NA;0;0;0;0;0;591.38232421875;0;0;0;52.5922966003418;720.679260253906;98.1482925415039;80.2280349731445;0;0;0;0;0;1228.34313964844;1302.71960449219;2539.96606445312;152.362182617188;323.280517578125;0;26.4777317047119;0;0;0;2289.16552734375;7352.59228515625;275.638000488281;0;0;0;NA
NA;0;0;11.7026309967041;0;0;910.559326171875;0;0;0;41.9328269958496;503.150726318359;9125.7841796875;35.9188461303711;0;0;0;0;0;0;992.1455078125;3272.19677734375;4027.982421875;2064.37573242188;1844.97436523438;0;0;0;0;0;2842.041015625;6747.4013671875;29.3863391876221;275.794464111328;2.90636587142944;NA
NA;NA;NA;NA;NA;NA;NA;NA;NA;NA;NA;NA;NA;NA;NA;NA;NA;NA;NA;NA;NA;NA;NA;NA;NA;NA;NA;NA;NA;NA;NA;NA;NA;NA;NA;NA
