NA;NA;NA;NA;NA;NA;NA;NA;NA;NA;NA;NA;NA;NA;NA;NA;NA;NA;NA;NA;NA;NA;NA;NA;NA;NA;NA;NA;NA;NA;NA;NA;NA;NA;NA;NA
NA;0;0;3.88959765434265;5.54470729827881;394.422729492188;0;31.0101585388184;3.89514374732971;261.561889648438;0;0;0;0;0;0;15.8491039276123;139.433609008789;0;48.3532218933105;0;0;0;0;0;386.902404785156;2189.57885742188;3302.41528320312;41.3062362670898;0;0;51.8313522338867;0;0;114.367706298828;NA
NA;0;0;25.3503932952881;130.745727539062;134.457717895508;0;423.027008056641;454.625915527344;210.856155395508;20.5566387176514;0;0;0;0;0;309.730285644531;682.656433105469;392.170532226562;0;0;0;0;0;0;157.724578857422;411.588958740234;2676.3330078125;545.622436523438;0;0;0;109.228256225586;0;0;NA
NA;0;0;0;0;352.305603027344;0;310.833648681641;2207.865234375;1801.46997070312;28.4095363616943;0;0;0;0;0;0;287.809387207031;361.014770507812;0;387.501770019531;22.5660362243652;0;0;0;0;562.483520507812;2381.47338867188;3580.75952148438;0;0;0;0;18.7689476013184;0;NA
NA;0;0;0;0;312.873596191406;0;0;87.4103469848633;3488.43505859375;551.038208007812;0;0;0;0;0;0;0;177.952651977539;0;0;3.40787672996521;0.301993250846863;0;0;0;0;1424.82299804688;2050.58349609375;2740.5205078125;17.2073040008545;0;0;41.369499206543;0;NA
NA;0;0;0;0;226.456939697266;183.843490600586;0;0;0;1169.99255371094;878.255187988281;0;0;0;0;0;0;1.01981520652771;794.489624023438;0;141.671997070312;81.1338043212891;1.20796155929565;0;411.238159179688;0;0;1892.55261230469;1845.93933105469;1192.03747558594;0;0;0;94.1953582763672;NA
NA;0;0;0;0;0;244.096099853516;0;0;0;30.7020263671875;248.205902099609;28.0823726654053;0;0;0;0;0;0;485.276550292969;511.131134033203;1438.36694335938;14.9370603561401;115.343688964844;0;16.1339454650879;0;0;0;1094.736328125;4020.85913085938;41.5161666870117;0;0;0;NA
NA;0;0;6.36622714996338;0;0;216.39958190918;0;0;0;24.4792995452881;203.546340942383;4982.97412109375;2.39277076721191;0;0;0;0;0;0;463.331451416016;1874.21618652344;2049.14477539062;719.874877929688;811.531494140625;0;0;0;0;0;1410.81848144531;3279.3779296875;0.21963457763195;66.7362670898438;0.885482728481293;NA
NA;NA;NA;NA;NA;NA;NA;NA;NA;NA;NA;NA;NA;NA;NA;NA;NA;NA;NA;NA;NA;NA;NA;NA;NA;NA;NA;NA;NA;NA;NA;NA;NA;NA;NA;NA
