NA;NA;NA;NA;NA;NA;NA;NA;NA;NA;NA;NA
NA;0;0;0;0;0;1448.23974609375;1433.19555664062;1849.4658203125;1069.9345703125;0;NA
NA;0;0;0;1285.31506347656;0;24060.5859375;55755.28515625;5635.3486328125;173.888061523438;0;NA
NA;0;0;0;0;24011.740234375;113841.953125;52107.32421875;1554.27404785156;0;0;NA
NA;591.398742675781;0;0;5647.90966796875;35338.8359375;65555.796875;0;3381.97705078125;0;0;NA
NA;0;0;5798.9921875;79487.953125;10720.9951171875;0;0;0;0;0;NA
NA;NA;NA;NA;NA;NA;NA;NA;NA;NA;NA;NA
