NA;NA;NA;NA;NA;NA;NA;NA;NA;NA;NA;NA
NA;0;0;0;0;719.18603515625;0;71232.375;28137.0859375;34.2218170166016;0;NA
NA;0;0;192.474731445312;0;0;0;21813.68359375;58218.125;179.638198852539;0;NA
NA;75.5047912597656;136.725875854492;258.359069824219;0;565.399780273438;0;5958.359375;63147.2421875;53503.7890625;1974.5166015625;NA
NA;0;0;92.5222244262695;2.67166566848755;0;0;28.5214328765869;8904.8359375;71591.6640625;38814.296875;NA
NA;0;6384.013671875;0;717.965454101562;0.986092209815979;0;4920.2744140625;4594.63330078125;48925.0078125;66905.2734375;NA
NA;0;0;3016.2255859375;3774.90551757812;2283.9921875;0;0;4708.53369140625;4515.53759765625;64092.59375;NA
NA;0;17.6395015716553;0;8274.4248046875;0;0;7301.10546875;0;0;15220.25;NA
NA;NA;NA;NA;NA;NA;NA;NA;NA;NA;NA;NA
