NA;NA;NA;NA;NA;NA;NA;NA;NA;NA;NA;NA
NA;0;0;0;0;269.545013427734;0;31659.578125;12418.7451171875;150.835525512695;0;NA
NA;0;0;0;0;0;0;6186.18798828125;41312.796875;0;0;NA
NA;126.185050964355;0;0;0;256.945922851562;0;4244.2294921875;29329.44140625;48330.49609375;1357.67956542969;NA
NA;0;0;0;0;0;0;0;1472.16979980469;64213.46875;30003.095703125;NA
NA;0;2021.62780761719;0;0;49.5587425231934;0;1988.2763671875;2362.9248046875;33500.16015625;60894.87109375;NA
NA;0;0;2410.80517578125;2098.89306640625;2411.03076171875;0;0;4381.91845703125;2821.47290039062;56836.00390625;NA
NA;0;102.51782989502;0;6026.87060546875;0;0;2934.40673828125;0;99.0568237304688;7003.5400390625;NA
NA;NA;NA;NA;NA;NA;NA;NA;NA;NA;NA;NA
