NA;NA;NA;NA;NA;NA;NA;NA
NA;0;0;0;0;110960.4375;19575.693359375;NA
NA;112.111572265625;0;0;0;19521.375;54328.84375;NA
NA;34.6447219848633;80.011604309082;0;0;0;49977.0703125;NA
NA;181.928497314453;1305.2421875;0;0;3.105708360672;9061.2666015625;NA
NA;0;1965.3779296875;0;0;38.8991394042969;165.848648071289;NA
NA;0;4521.56640625;59.906322479248;0;0;0;NA
NA;0;295.04833984375;56125.71875;0;0;0;NA
NA;NA;NA;NA;NA;NA;NA;NA
