NA;NA;NA;NA;NA
NA;3824.35595703125;0;0;NA
NA;154342.8125;136205.5;219.249984741211;NA
NA;44011.640625;74377.5625;6353.3876953125;NA
NA;NA;NA;NA;NA
