NA;NA;NA;NA;NA;NA;NA;NA
NA;0;351.216491699219;39.8994216918945;9297.7626953125;451.927429199219;0;NA
NA;0;4867.44384765625;31631.515625;11351.00390625;24.5122032165527;0;NA
NA;0;2718.04443359375;68143.2578125;56282.65234375;6979.6533203125;0;NA
NA;0;8234.49609375;66416.1171875;33127.3984375;66971.96875;15537.248046875;NA
NA;0;4869.0791015625;15807.98828125;6781.39501953125;12548.8994140625;17749.130859375;NA
NA;0;219.680130004883;0;1475.50366210938;189.697982788086;0;NA
NA;NA;NA;NA;NA;NA;NA;NA
