NA;NA;NA;NA;NA;NA;NA;NA;NA;NA;NA;NA;NA;NA;NA;NA;NA
NA;0;1219.99816894531;0;103.769409179688;427.253967285156;12711.654296875;14988.5673828125;9316.400390625;0;0;0;0;0;0;0;NA
NA;252.191131591797;4145.779296875;226.599380493164;5562.91650390625;11567.4150390625;10954.5908203125;29025.8828125;24648.26171875;1218.12475585938;0;0;0;0;0;0;NA
NA;0;1192.16577148438;2565.0947265625;16568.607421875;35809.62890625;8759.162109375;23249.95703125;37548.890625;26514.66796875;475.802154541016;0;0;0;0;0;NA
NA;0;0;8426.9248046875;17524.2890625;43414.55859375;20171.794921875;6683.2099609375;18069.48046875;19926.263671875;4247.9541015625;85.3543014526367;3844.85522460938;1803.26208496094;246.632507324219;0;NA
NA;0;0;12623.8212890625;50315.390625;38777.890625;7715.1337890625;2611.1533203125;1950.81811523438;1844.62084960938;32580.08203125;9480.33984375;6366.5712890625;1246.54052734375;74.0299911499023;0;NA
NA;0;0;1609.31079101562;18065.98046875;8884.0830078125;0;737.8056640625;1282.51818847656;0;0;84.2928085327148;0;0;0;0;NA
NA;NA;NA;NA;NA;NA;NA;NA;NA;NA;NA;NA;NA;NA;NA;NA;NA
