evolution$generation,alpha,beta,tsteps,popfit,indicsfit,evolution$samples
100,2.1767947131267884,0.07872904027831912,19.245926460398152,4.289453176650945E8,0.40237520722443754,2
100,2.746892896064621,0.09600515588443957,17.640747111522526,4.7521003352467203E8,0.39249804611859784,2
100,2.0465594974103873,0.02948971691848339,23.72108276055035,1.940234013169568E8,0.5669443921998534,3
100,1.085279124882239,0.027716096240014435,43.2475325306929,3.354311058025094E8,0.44259892557656094,2
100,1.3097633214591702,0.05562206527438249,6.0691646625586335,1.2843216659403399E8,0.8063023415060904,1
100,7.66902447776893,0.08960757956973531,46.63819554774721,1.5142132337693456E8,1.2117113154887407,3
100,2.114066105595432,0.07710568397938532,22.21096143048989,4.621231782509875E8,0.3859841202225364,1
100,2.0046469375258282,0.03861079474868252,21.40377819345741,2.343393210510042E8,0.5137597374373348,1
100,1.2250602661905687,0.05443209884165343,11.430625105981909,1.6826605001702735E8,0.5918660481468512,2
100,1.095627801541631,0.03215118784689994,43.25399157068308,3.839055861317635E8,0.4217582496783149,1
100,1.9608757337578588,0.07675020606060656,22.653399596005254,4.6451065142152303E8,0.3827480726866519,1
100,0.8480303474651008,0.00699502625163384,43.336334349354736,1.2220708938316512E8,0.8694915688738429,1
100,2.1720785558110958,0.07890047762364227,19.424972190567537,4.338692299720591E8,0.40034815357632186,1
100,1.935992961525494,0.1,14.08865942178183,4.0815420415841365E8,0.4081646490356169,1
100,1.0831281895159632,0.032340363362868094,42.43360929925954,3.8062196271394336E8,0.4240085635408429,1
100,2.340801141696164,0.07304320397747836,22.07679246035305,4.4981101577884215E8,0.3954569877067831,1
100,1.0403000871313046,0.03899394042828163,43.79099027970085,4.4539990490722907E8,0.39929612070718246,1
100,1.3084937418160372,0.055648868207465396,6.029160225696295,1.2827219892970651E8,0.8069465040185251,1
100,1.3108258549937581,0.05515618518025738,8.191652573028827,1.3446475560793257E8,0.7115638159745797,1
