evolution$generation,alpha,beta,tsteps,popfit,indicsfit,evolution$samples
100,0.9999844272717651,0.002386520751153576,53.046867545981286,3.224572415079545E8,2.2393599010288763,2
100,5.513801676483105,0.08353916495679344,37.2026228532832,1.8742165255668663E10,1.2410606415846424,2
100,4.934743146654428,0.04139629759665005,95.72389359144911,1.9327161620411804E10,1.0162299967129167,2
100,0.6523535945041359,0.00865478771058963,7.573782808367898,4.919475172254129E8,2.2293107855718435,2
100,6.440367043253142,0.05641251694697365,89.01336662937926,2.1183134505551453E10,0.7976274756049786,2
100,0.7278035625052393,0.06442451391387859,4.528028340320606,1.4662926211411824E9,1.6392148031890952,2
100,1.9600641218330583,0.03849861136886276,81.87389601871347,1.4583191850594988E10,0.23071508873851407,1
100,0.5735212274567809,0.044176034679810676,50.600011567691034,1.4098657719067791E10,0.3263678725842787,1
100,6.5365972807685555,0.09914328538142557,100.0,1.4871382701774979E9,2.3964881565318756,3
100,0.5549543246022772,0.03725819413933413,18.41153079947522,4.800142998507525E9,0.7677494848139673,1
100,0.3749299878347028,0.03419570990624719,16.71079660413097,4.262813542283159E9,0.9874467719322865,1
100,0.9748238417387991,0.063131007024181,3.657299671468325,7.240772935577838E8,1.9149818621585069,1
100,0.5094995467369474,0.014613397110953455,15.723735000943734,1.5062789635976293E9,1.2383804622696377,1
100,0.42274015415944416,0.029157176582573552,56.79993482279348,1.174689480070326E10,0.5613712052049731,1
100,0.707561107745823,0.06397045048192458,4.499372964895796,1.481321280521817E9,1.6276601420126284,1
100,0.1432800106705915,0.07578960867594287,1.0,1.500169324942267E9,1.2819579481978163,1
100,1.207300148586815,0.027991550665390733,4.573183340982099,2.3254649409170526E8,2.313456146470039,1
