evolution$generation,alpha,beta,tsteps,popfit,indicsfit,evolution$samples
700,5.054683786297389,0.04807300488460318,55.55603672117602,9.243241215312132E7,1.0752279705734484,9
700,2.5483605467840813,0.047365559062398865,69.08455184804063,9.243241215312132E7,1.0752279705734484,9
