evolution$generation,alpha,beta,tsteps,popfit,indicsfit,evolution$samples
500,2.136285398390641,0.01393333931514605,18.51298132837117,5.812228960053806E8,1.4894361298494556,1
500,3.032214330472657,0.0,5.026568304824811,4.9567283455291376E7,1.6083601262160758,1
500,2.663144302004227,2.7407680494335926E-5,55.0533300292,5.546451543702425E7,1.543162754483998,5
500,2.7113563234828493,0.013781945711505495,17.011398757907504,3.877518108566925E8,1.5289983525367878,1
500,2.210561202512249,0.009399694155193986,26.06850735063712,4.8124410929719156E8,1.5052424994526121,1
500,2.128863144184266,0.013788080156630932,18.307219442075496,5.467491153032609E8,1.49378463057454,1
500,2.7488018985587264,0.013684511190410038,17.581758011188423,4.20492163763705E8,1.5256569374065212,1
500,6.42851267553929,0.005528299907127696,50.514372376037706,9.383648211487436E7,1.5367584347833585,2
500,3.8026459151262157,1.9883312696663245E-4,22.801943097099862,5.341622609703221E7,1.5639933039342977,4
500,6.762938408276167,0.008276189563906114,48.98394793865783,9.448105342295885E7,1.540116875195427,3
500,2.968422378163844,0.011992693595109218,41.864740165619295,9.550916825438091E7,1.5430374786755436,5
500,3.100020787280744,1.1315430794115655E-4,52.68180431108352,5.448352913266856E7,1.557345240791484,3
500,3.2214292640780515,1.6008715271957328E-5,52.63133874684939,5.4063403203578174E7,1.5464244702874277,2
500,2.950389015460129,4.931114285411244E-4,22.222864879673523,5.3901021055262394E7,1.5614103088871965,1
500,2.9511661026935396,0.009300049436552894,41.990769121163964,9.483614751634708E7,1.5407230698007763,4
500,2.9477985349893014,3.0791952282292756E-4,26.376806027764776,5.401722947254093E7,1.5593013689745154,1
500,2.794520890418697,3.243934527862479E-5,21.452092577203956,5.467096720012189E7,1.5408360059859172,2
500,3.104669118136841,3.152782013367242E-7,54.28140921818516,5.417158553273901E7,1.5390319676749813,1
500,2.947847950308624,2.291491703021663E-5,21.346608660652798,5.410990458431636E7,1.5413897645633923,2
500,2.7119829175949066,1.8195316147798129E-6,24.271419688542696,5.449370560224584E7,1.534145111945681,1
500,3.071971390422872,1.6670652503862424E-6,63.092390271310826,5.433662989401722E7,1.53846487829746,1
500,3.0940136871013344,0.0,54.312173300036164,5.417483837295496E7,1.6059193955406537,5
