evolution$generation,alpha,beta,tsteps,popfit,indicsfit,evolution$samples
200,2.968422378163844,0.011992693595109218,41.864740165619295,9.550916825438091E7,1.5430374786755436,5
200,3.0940136871013344,0.0,54.312173300036164,5.411401611129724E7,1.6059193955406537,1
200,6.315478973690838,0.007925400270558556,48.817163008993745,9.439191425742218E7,1.5396760653702135,1
200,2.670309591853215,0.0,54.3011092987398,5.5481367596526735E7,1.6001501177928774,1
200,2.6810679185731594,0.0,24.11055708933258,5.460347130966149E7,1.6012420909009975,1
200,3.126381823249556,0.0,54.187080658440955,5.4203673563171014E7,1.6058296087631982,2
200,2.7431423058720235,0.0,24.17474974349317,5.449216355465661E7,1.60163920140001,1
200,2.9583217560635573,0.009596927031867285,41.89939263329024,9.492737547546333E7,1.5410086918554338,2
200,2.9399467188499906,0.0,21.613805321431542,5.4378237421142206E7,1.6040270971421249,1
200,2.889478608360661,0.012036096420711295,39.82219779566864,9.548894564187108E7,1.543051482697392,3
200,0.8536706232777191,0.011465982029902226,42.15404189093709,9.615657814778054E7,1.542197690652264,3
