evolution$generation,alpha,beta,tsteps,popfit,indicsfit,evolution$samples
100,0.5832239537901818,0.025209401592878503,49.86874571335191,1.857686848796873E9,0.5308841652274428,4
100,0.6264937597433029,0.08209485252110596,5.5522552333303254,1.2557576254710217E9,1.265408908290685,2
100,0.6470407625286057,0.06240017998456329,15.220773664312606,1.5885499789563403E9,0.8119334596608109,2
100,0.4876335018512379,0.02423822693640842,50.07841129839342,1.8542042823846827E9,0.5183499464467115,2
100,0.626446975604104,0.08209485252110596,5.546547584012775,1.254861198278624E9,1.2732670353787687,2
100,0.5717989385010759,0.02283781980705961,53.58394504533449,1.8354172245558286E9,0.5317488958468712,2
100,0.6433362250275225,0.06677252762391901,15.86087524255155,1.6590288827006626E9,0.7365910356319926,2
100,0.5593763888681131,0.025160347978056226,49.54090952023806,1.86474209467252E9,0.5116547485360192,1
100,0.5058525625702118,0.00833516968524582,37.866148523481435,1.1580083179524899E9,0.8900637337218299,1
100,0.6464660707739278,0.057516592091669864,15.371207553673031,1.510275145611609E9,0.8053726266438641,1
100,0.576878725460598,0.022340495874768013,53.76700677081372,1.8058269771200032E9,0.545044884543269,1
100,0.6426489090248956,0.06748412170013063,15.103736046534117,1.6626742538997796E9,0.708760725865517,1
100,0.4978354454485664,0.024331176918837346,50.09631087103519,1.8517387307834077E9,0.5148847699615576,1
100,0.41682334293370044,0.010784818761595365,38.63475765681729,1.1755205584590077E9,0.8392677264114157,1
