evolution$generation,alpha,beta,tsteps,popfit,indicsfit,evolution$samples
500,0.28332220151702914,0.0035048336608884735,68.50732038277218,6.900767835124788E8,0.9436958764265683,2
500,0.6747015360590527,0.00862488653978119,65.96681834324006,1.0508974785994922E9,0.24770780984168608,1
500,7.828346970219986,0.0922045902819328,83.95799716554157,2.299649055806002E10,0.5219790576699359,8
500,3.174469405369873,0.08892926897174123,99.45370945792551,1.2330926438244282E10,0.3309733106256897,2
500,3.47722776923725,0.1,97.90434863072458,1.3915911768574795E10,0.32301498716483246,2
500,1.3614984075244214,0.08994437112957887,52.82792120798485,1.7653611186387272E9,0.3793930010020902,5
500,0.5623023074206513,0.0038750642558937082,74.31320755724477,9.013191487830766E8,0.3413555952619347,1
500,0.45332004672799603,0.08962998542849666,30.145972711041686,1.0283247111932547E9,0.8636968849464214,3
500,0.22435100222641388,0.05221450836347694,65.92100566503942,1.1164072444005618E9,1.3004692351595097,4
500,0.6712101732510807,0.008820498627918887,65.9558833060748,1.042771912364119E9,0.25140700183764175,1
500,1.1283599996830995,0.09567785685653697,32.39478037432001,1.5480016282523503E9,0.34708513695848414,2
500,0.6226979718841436,0.09221667868127018,65.51919649843592,1.2258477084849873E9,0.6904275354330549,8
500,0.6835306946517017,0.08925311504224015,33.05687183584065,1.1363886984055967E9,0.48425549249745264,2
500,0.8357059828429276,0.09072805321096603,32.81544374299858,1.3027014145546126E9,0.3720334355526771,2
500,0.49127980744553634,0.06125087680557213,52.895912073895786,1.0641808012486771E9,0.8240537705759885,2
500,0.8945339022919695,0.0901107329907705,33.03637245179084,1.3421188172474542E9,0.35025850354723115,2
500,0.8429858678742418,0.08821329949940185,41.94849898438933,1.2891264040500975E9,0.39221365692399063,2
500,0.8785314309123,0.09006846833475643,32.119556159279,1.320295100242943E9,0.3505527514363257,4
500,0.6408375430523241,0.08973962507338241,30.102639270029385,1.0924710450555124E9,0.5267598718648794,3
