evolution$generation,alpha,beta,tsteps,popfit,indicsfit,evolution$samples
1000,5.81927071033582,0.1,64.63395323174126,5.67336081146022E8,2.1848681891901895,10
