evolution$generation,alpha,beta,tsteps,popfit,indicsfit,evolution$samples
900,2.223501611611793,0.014376251661508483,1.0,1.2873227479320447E9,3.764567547566905,8
900,6.058741170558097,0.06419402677554863,67.48188124059435,1.2873227479320447E9,3.764567547566905,8
