evolution$generation,alpha,beta,tsteps,popfit,indicsfit,evolution$samples
900,3.37171527057728,0.010486871257086873,17.107177357852198,7.276345880988606E10,5.847318465167437,10
900,6.39502300528393,0.0,1.0,7.276345880988606E10,5.847318465167437,10
