evolution$generation,alpha,beta,tsteps,popfit,indicsfit,evolution$samples
400,0.3001647607290126,0.029595083490252784,28.13129942788246,2.3116122958669467E9,0.16585876270722344,1
400,0.5851307758557128,0.08697959023925797,44.26444312899444,3.625636080234977E9,0.023967260483977005,1
400,2.486322144412545,0.09352326810909661,5.696267063535237,5.37564193516041E9,0.7582359270150489,6
400,9.491398718766535,0.07304907364003721,89.41609714434495,6.87485094146287E9,0.12938347028547004,5
400,0.3343972134381423,0.0852665628356236,80.18702843317621,5.539396719935879E9,0.25900347465153745,5
400,0.531629550201827,0.049124342686159866,86.32120507529238,3.791345766046229E9,0.03475288824030131,2
400,0.6007702226791303,0.0857349763287395,33.035360220980515,3.0919758799276714E9,0.03032877663125484,1
400,0.392163229904137,0.1,21.921745232320173,2.8631994882746305E9,0.0663711313611824,4
400,1.4329546017215389,0.019885180370538925,68.86266958947257,2.8170864289240265E9,0.3605043989731627,5
400,0.39553409511702603,0.06880072785090674,23.502476513759483,2.536471706640745E9,0.06998285467023456,1
400,0.5374434918947475,0.04012343750893166,84.72353566184741,3.3688455649246573E9,0.02711046166673008,1
400,0.0,0.027529904951997072,78.90509945815516,3.2174517673794036E9,0.2786029070997496,5
400,0.13695997115011788,0.009131588604980544,81.21959096762615,2.3479853192768297E9,0.2726596304022593,2
400,0.6043869129332439,0.08499494169799558,30.159794069249262,2.9526749803739305E9,0.03730521755522245,1
400,4.37127229571373,0.1,99.13399213538764,5.404614815959177E9,0.056246474106439966,3
400,0.36461076448941093,0.03711735369588646,27.06431519081465,2.3135824313424077E9,0.11408761144749416,1
400,0.37621400732183125,0.044740160925816445,28.067432349756128,2.367889548698349E9,0.09409782482897056,2
400,0.360999710651776,0.04489201432920225,27.245725420132025,2.358504656862712E9,0.10238041789359345,1
400,0.36099971065177594,0.04489201432920224,27.245725420132025,2.3601398736007166E9,0.10086814839049728,2
