evolution$generation,alpha,beta,tsteps,popfit,indicsfit,evolution$samples
100,6.424350095218683,0.08022272954283521,77.61602241616274,1.9752017674589314E10,3.5744945187120023,3
100,4.934686197175067,0.08127261601377699,60.41476528076165,1.9752017674589314E10,3.5744945187120023,3
100,7.9739562896497995,0.024856738689451686,50.82111244352066,1.9752017674589314E10,3.5744945187120023,3
100,3.7984448369285384,0.0615170499886315,52.642908886741644,1.9752017674589314E10,3.5744945187120023,3
100,8.484087404580423,0.09923441431621605,1.0,1.9752017674589314E10,3.5744945187120023,3
