evolution$generation,alpha,beta,tsteps,popfit,indicsfit,evolution$samples
100,1.6090454520129982,0.07776513748590211,43.50472408053422,4.287785665358298E9,0.37774239720322594,5
100,0.877236767245349,0.0,1.0,4.72266560358946E8,0.9690888299846251,2
100,1.4081188262260298,0.09458280925133047,50.43314365850443,5.009195774191447E9,0.2879087252723369,1
100,1.9700271341730007,0.055160806193932356,37.178277422450776,3.862848667250201E9,0.587506220392258,1
100,0.10869512994255398,0.0,1.0,1.0275549830992634E9,1.4473526723708472,3
100,1.6656437698465523,0.09581054426885711,47.65130456088584,4.780130348571709E9,0.33480220755782664,1
100,1.6144588841054945,0.07189900311843385,41.97980611300291,4.1173462170346212E9,0.40231923725170543,1
100,1.5293200816250563,0.04427185490761663,7.299181824946764,1.1998510915232396E9,1.1476609087343541,4
100,1.638028842612442,0.0975578845022394,47.35128111999388,4.810897624764332E9,0.32821847210266675,2
100,1.396626890853354,0.09969833632511577,45.97458323205511,4.937456344860502E9,0.29015662279381693,2
100,1.6086279891737634,0.07791738635120622,43.436703267671945,4.286634345979167E9,0.3773946355542983,2
100,1.6092353531048633,0.07779302468251373,43.50408219857101,4.2945841129378095E9,0.37650732757478467,1
