evolution$generation,alpha,beta,tsteps,popfit,indicsfit,evolution$samples
700,4.330376435052158,0.06980925514796096,77.15349982570766,1.2930888953763556E9,2.344032271551244,9
