evolution$generation,alpha,beta,tsteps,popfit,indicsfit,evolution$samples
300,6.4977321007649635,0.01582422867070901,43.09893505358742,1.2930888953763556E9,2.344032271551244,7
