evolution$generation,alpha,beta,tsteps,popfit,indicsfit,evolution$samples
1000,6.414127807196911,0.0143722181993662,56.461536165068566,1.2930888953763556E9,2.344032271551244,10
