evolution$generation,alpha,beta,tsteps,popfit,indicsfit,evolution$samples
200,9.477934699291549,0.07940099385718256,94.59751955387273,1.2930888953763556E9,2.344032271551244,6
