evolution$generation,alpha,beta,tsteps,popfit,indicsfit,evolution$samples
300,0.9030208058375013,0.03574139327051972,96.5939807424719,3.377959223963059E9,0.3220236286072692,1
300,0.8259578125965876,0.007711799901800445,23.888081955656528,5.188136593685838E8,1.0737406684474373,1
300,6.874643140810253,0.08419177519290831,94.66662289435648,1.766153099282724E10,1.8414363419729716,5
300,5.8917764876932965,0.1,95.95965151326023,1.3191385972237942E10,1.5791613036039966,4
300,0.9042591180990496,0.03688363051667838,56.312158138095874,2.505848576797375E9,0.4386432346164116,1
300,0.8493924548229521,0.024485715553390908,16.740616009991122,7.279332920969967E8,0.8733463429867135,1
300,0.8830897784458737,0.031845227738186786,54.72597495043556,2.2860456078427176E9,0.4612704811859777,1
300,0.9412299604933179,0.03500375668537091,48.729138533421896,2.0738938196867678E9,0.5429994106760375,1
300,0.7617251793485735,0.03581575149030818,56.26153464270194,3.0585089613443933E9,0.39339020399140623,3
300,1.232728990952591,0.026224100581702395,26.847360062670507,1.1206586562089477E9,1.302885516550222,2
300,1.278870995434924,0.0261913950219107,24.819351697097314,1.404211297010383E9,1.411550598059126,3
300,0.5973380903121941,0.006134343990101024,19.65362009311486,1.6376032250071259E9,0.8575429417215833,1
300,1.1202082738872179,0.03645990035802945,46.35989520555246,1.7805235650863712E9,0.7818171405284033,1
300,1.144261009598648,0.03745525324254353,56.27690507388069,2.1229599602665815E9,0.7250353342193241,2
