evolution$generation,alpha,beta,tsteps,popfit,indicsfit,evolution$samples
100,0.6401743271938476,0.02918081540178188,9.632176908884215,5.0827562290233636E11,3.3776243766548184,3
100,1.0800253679863971,0.023902847986138703,21.17203610507257,1.2000644802193198E12,1.8569467152743973,2
100,0.0,0.0724312092169219,29.67538200664222,3.0586275192712695E11,6.160916859793385,1
100,0.9376859099559899,0.024900127100770664,10.89668416749609,1.076236284155562E12,2.130169686780516,1
100,0.0,0.018365799459573062,10.955654548943839,2.9397947261434216E11,7.089917505950674,1
100,1.3085661001069164,0.02980253012927251,7.059982874279215,2.1684822569530864E12,1.8343298749999577,1
