evolution$generation,alpha,beta,tsteps,popfit,indicsfit,evolution$samples
500,7.235465249436137,0.029543620611850497,37.45713133742605,5.021426043926432E7,1.3571719622829133,6
