evolution$generation,alpha,beta,tsteps,popfit,indicsfit,evolution$samples
200,1.2975887295798183,0.05478278816441884,92.256753374015,2.1613027947220173E9,0.6056314015708738,1
200,0.7800812540466601,0.0,1.0,8.087384470308679E8,0.9384971928278931,1
200,0.9405180752447762,0.020774471370417325,66.95983046948564,1.3122743436222153E9,0.699743973529338,4
200,2.0016828936027053,0.053444644336330296,67.22349629983083,2.5335368302372556E9,0.6797043847423538,3
200,0.763474484395934,0.015460312137529256,63.10386061431844,1.0544395533509998E9,0.7178361162124648,1
200,0.8545227283606205,0.024648378692658235,16.986748469803878,8.454703207632096E8,0.8796275306324848,4
200,0.843390716220968,0.05848337844035106,33.93040402934579,1.5337239990153313E9,0.6484750182944989,1
200,0.765766028493776,0.016789429383277668,63.96281781592135,1.1053792864308922E9,0.7055570537447824,1
200,0.7459880364880591,0.020089636256634628,67.14302513469701,1.248030068953952E9,0.6798483768707382,1
200,0.7328663457467854,0.020294238533081405,67.82365717034496,1.2593486823167005E9,0.6793665645477704,1
200,0.7306527888992822,0.020363149938590123,67.5917444659938,1.2613535720174966E9,0.6781146159352522,2
