evolution$generation,alpha,beta,tsteps,popfit,indicsfit,evolution$samples
200,0.6744781037463141,0.0073955021414880825,12.712192347313994,1.0970312492837718E9,0.7256416577943944,1
200,1.1240316008931879,0.039889217543600676,80.93804257530712,4.536792983397E9,0.2522118873454404,4
200,1.0159827963717931,0.033267981445183545,61.27624335652664,3.493772374587411E9,0.2480312109009999,1
200,0.9936279401754676,0.033111061829367225,48.32667102936379,3.079891858920593E9,0.26049572240002083,1
200,0.33113615039170785,0.021441869513956182,26.967925329599932,1.4508393524460437E9,0.6205136036165211,1
200,0.9942251091359166,0.009278291670411883,58.967716313091415,1.6871683279424036E9,0.5065819519221201,1
200,0.6946927897155175,0.006599900501257867,18.53678581718562,1.1077124738707762E9,0.6941061858382879,2
200,1.084186239166338,0.037568321135230925,71.8697448489126,4.1642324180316353E9,0.2483427272845859,2
200,0.5608478591576471,0.03935437034838649,81.47672665670788,3.9092597432973537E9,0.3865603003616572,3
200,0.5003705911432652,0.033381799319027294,71.89642195848639,3.4824032049538727E9,0.4229644830247311,2
200,0.4037231522300079,0.03256799092144814,71.74683707973844,3.4785652132219944E9,0.5214354036550943,2
