evolution$generation,alpha,beta,tsteps,popfit,indicsfit,evolution$samples
300,0.5063740368319045,0.02591325452778333,26.247627109207716,2.3440183406803794E9,1.0248020684188062,3
300,0.6798383658238061,0.02783040886196288,39.03732771198497,2.6965866991216025E9,0.649660572224677,1
300,6.089567634109303,0.06102985103655545,25.89645966239646,3.286798031681218E10,2.154353682445773,4
300,2.9993917314686818,0.03111781491563106,9.877323373970091,1.8242367045951508E10,2.203715595413959,4
300,1.0241945451449546,0.025565762846324225,30.604432194904014,2.4833443027152233E9,0.9354513768547114,1
300,1.7035258560605993,0.031750894434756004,34.25975152501634,5.313512662496922E9,0.9393988682528158,3
300,6.408320616214686,0.052879670813161965,96.85918539006296,1.1510024689000008E10,0.9270099296983699,3
300,4.928918852490556,0.08241979397255504,59.32150196378068,1.1512892583432087E10,0.9216079170542935,2
