evolution$generation,alpha,beta,tsteps,popfit,indicsfit,evolution$samples
300,7.805966355742261,0.04968661781833419,66.10832551832759,6.842615116023884E8,3.458719175273076,7
