evolution$generation,alpha,beta,tsteps,popfit,indicsfit,evolution$samples
100,0.07260722768153816,0.09427983261697166,99.35959023799023,1.3627259954602876E9,1.9910579833302209,4
100,1.8314864930625707,0.026222945283400523,44.3476471699703,7.56347167777196E9,1.8607041860616411,5
100,7.592189336504513,0.06939042667692634,68.2158897334758,8.097355618875092E9,0.7277634220265736,2
100,1.9660970928594466,0.09455998655773011,100.0,1.3529316579844477E9,2.023940027644268,3
100,1.033075103420259,0.028946219064863745,95.59874592135819,3.13641711275864E9,0.4213251272192844,1
100,1.0421632683593613,0.01790304583775817,31.820482205769462,7.891669193045936E8,0.9751526149252063,2
100,0.9029595590183993,0.02407209716606161,83.61102070788735,2.5440863778434753E9,0.4375976030298151,1
