evolution$generation,alpha,beta,tsteps,popfit,indicsfit,evolution$samples
100,0.167547259526315,0.012281713635890125,25.376081019164623,2.260425255933237E9,2.4287644727671234,2
100,4.555164725635308,0.08406243520076032,74.05918282073947,2.78500756880393E10,1.5043567088072822,5
100,2.193562539358569,0.09540310133638688,82.41405882973764,2.1876991623681396E10,0.6446188929329604,3
100,0.0,0.09410037224600723,22.05742371356639,1.6046334002842115E10,1.5946948668533438,1
100,1.307445090641968,0.09557244239932575,73.31426539432482,2.000848934012641E10,0.4971499483369027,1
100,0.4817430580463027,4.895980473800607E-5,25.238056777865676,1.0294531223612309E9,2.375983851802473,1
100,1.758445785117467,0.09315695892437997,77.84446201214075,1.976859539115295E10,0.5349180825576451,1
100,0.0,0.0939914290317703,23.19420673477938,1.6464923616130749E10,1.5739625647984234,1
