evolution$generation,alpha,beta,tsteps,popfit,indicsfit,evolution$samples
300,0.02004890402216055,0.055229804826146534,1.9071967348200287,5.147981186755716E10,0.3253320258603949,3
300,0.11200442642086275,0.0168835359841642,29.529417277080306,3.2679425749333416E10,0.9061549982362448,1
300,8.499309080476294,0.08896505280088249,100.0,3.1391860312588806E11,1.5155849668278116,4
300,2.222034661340205,0.018576353833995397,98.74631565652146,5.2806446233569824E11,0.5921093368432213,4
300,0.18612764769474432,0.08728402938677621,8.922796945568283,4.053864868128878E10,1.0229201973512916,3
300,0.38656600196988605,0.1,5.507769997478828,3.769074066686035E10,0.41097477473046173,2
300,0.38995911480575973,0.09986939755005679,5.936895642238049,3.642894212699119E10,0.38616410171339083,1
300,0.0,0.09006238981535375,5.682734152688959,3.658405810541396E10,1.2094397598307576,2
