evolution$generation,alpha,beta,tsteps,popfit,indicsfit,evolution$samples
100,7.407033335573907,0.014900198867334647,21.30740494232797,9.184779976534709E10,3.9201130349031272,4
100,2.7076255129700586,0.019771562508743446,66.1454459383328,9.184779976534709E10,3.9201130349031272,4
