evolution$generation,alpha,beta,tsteps,popfit,indicsfit,evolution$samples
600,9.996089441904825,0.02963498829545872,97.08562983851648,1.0910940405297218E8,1.8351528618522974,6
600,0.013471469213190701,0.039250928145806066,39.50940634535749,1.0910940405297218E8,1.8351528618522974,6
600,5.958561998959957,0.03348576389777537,97.67479920844099,1.0910940405297218E8,1.8351528618522974,6
