evolution$generation,alpha,beta,tsteps,popfit,indicsfit,evolution$samples
900,0.013471469213190701,0.039250928145806066,39.50940634535749,1.0910940405297218E8,1.8351528618522974,8
