evolution$generation,alpha,beta,tsteps,popfit,indicsfit,evolution$samples
100,4.870678494615968,0.07820202944794048,98.85377294826037,1.0517036052569054E11,3.2323841230004446,3
100,1.1476541291448066,0.04820527432828537,60.500370073788815,2.553992849851301E9,0.517822386658207,1
100,0.6400139443877234,0.05172794866247124,100.0,4.558022848559994E9,1.0168747199117405,2
100,0.6928896076501321,0.01758042260514591,18.610834055705716,1.9671431288331761E9,0.9697890464594632,1
