evolution$generation,alpha,beta,tsteps,popfit,indicsfit,evolution$samples
500,3.135344808899827,0.0376253576886501,60.832985716978065,4.5947975956238106E7,2.3099625703392346,7
