evolution$generation,alpha,beta,tsteps,popfit,indicsfit,evolution$samples
100,3.1931685986701597,0.06911654925684159,33.62377431613906,2.6451605702141248E7,1.118662667450932,3
100,7.701557703879365,0.08932211783304843,93.87789722392823,2.6451605702141248E7,1.118662667450932,3
