evolution$generation,alpha,beta,tsteps,popfit,indicsfit,evolution$samples
500,4.387079563110844,0.047072576072607814,24.33087682730274,2.6451605702141248E7,1.118662667450932,7
