evolution$generation,alpha,beta,tsteps,popfit,indicsfit,evolution$samples
600,4.4156037374013515,0.08041049235115197,100.0,1.4748364960723682E10,2.549685640684332,6
600,9.691244222439927,0.07725468781033971,100.0,1.4748364960723682E10,2.549685640684332,6
