evolution$generation,alpha,beta,tsteps,popfit,indicsfit,evolution$samples
500,9.36633160658133,0.028324770189220014,100.0,1.4748364960723682E10,2.549685640684332,5
500,4.486033265885496,0.08051945946038591,98.32471786151528,1.4748364960723682E10,2.549685640684332,5
500,6.500346298430393,0.009983601788648122,57.48081004223258,1.4748364960723682E10,2.549685640684332,5
500,3.093140188889596,0.029830703275013495,18.34838124646505,1.4748364960723682E10,2.549685640684332,5
