evolution$generation,alpha,beta,tsteps,popfit,indicsfit,evolution$samples
100,4.300812167436801,0.04371478562626152,53.52747984699803,6.4751186346849434E10,3.1380876283599837,5
100,1.4494641950445475,0.012480816157963481,90.1973005056334,2.0884507859386847E9,1.5058661060194731,3
100,0.8497470384212225,0.09490231639607807,19.78669455610747,1.3539620213136892E9,1.1436940718155226,2
100,1.336376394211853,0.052134401287651566,100.0,2.4569471993897934E9,1.023123768992189,2
100,1.2622369757443506,0.05221503076020348,99.98952474341176,2.383169360151786E9,1.009788739224811,1
100,0.44456659759963607,0.0676796303945839,6.416869964822123,7.50005655095087E8,1.487382516149872,1
100,0.8078731465238396,0.046277298271282075,79.04886844606473,1.997182315710129E9,1.1057994883816429,1
100,1.088367103205711,0.04838858855228341,100.0,2.2266183550335493E9,1.0140992691123925,1
