evolution$generation,alpha,beta,tsteps,popfit,indicsfit,evolution$samples
200,0.44456659759963607,0.0676796303945839,6.416869964822123,7.50005655095087E8,1.487382516149872,1
200,1.2020586065413346,0.05230082096373681,99.9897530001023,2.3461588880021687E9,1.0024800953706443,1
200,2.5930916832119486,0.06512688414606908,1.874166847377352,2.4842796879057552E10,3.023694930680255,5
200,0.9262277666583457,0.09232633677214118,19.480171031306003,1.2604881072459295E9,1.1500552325956612,1
200,0.9904083086116675,0.025604789912522016,100.0,1.5449008206315386E9,1.10415131332739,1
200,0.0,0.02819230137737035,28.552843514004284,1.5612150526817796E9,1.9500089758702848,4
200,1.4494641950445475,0.012480816157963481,90.1973005056334,2.0884507859386847E9,1.5058661060194731,3
200,0.8356237423091142,0.0949705833454896,20.217311041275725,1.347084653538043E9,1.1464276093777395,1
200,0.8032006512516197,0.04913168888380376,82.10019215284922,2.1240319235276623E9,1.1031358152708974,1
200,0.8597277042929075,0.1,40.68644325634839,2.153698706033688E9,1.074500161383755,1
200,1.0672933787802343,0.047645994750659684,100.0,2.201578982668743E9,1.0168114494613147,1
200,1.0602410024317308,0.0474830108993405,99.96549667846094,2.1955251179974E9,1.0195614875215464,1
200,1.1430872496513231,0.05549282795001579,81.1722059663105,2.1705380676686745E9,1.0232270506224166,1
200,0.8497470384212225,0.09490231639607807,19.78669455610747,1.3539620213136892E9,1.1436940718155226,2
200,1.1025924381899184,0.04883714369552078,94.97838508636546,2.175398079955324E9,1.0196318291415851,1
200,1.2622369757443506,0.05221503076020348,99.98952474341176,2.3838846589337397E9,1.0097673957261823,2
200,1.088367103205711,0.04838858855228341,100.0,2.2266183550335493E9,1.0140992691123925,1
