evolution$generation,alpha,beta,tsteps,popfit,indicsfit,evolution$samples
200,10.0,0.06318487171976055,1.0,9.788608822474411E7,1.028763235224986,5
200,4.448588127813588,0.06438757412384832,61.00408091630996,9.788608822474411E7,1.028763235224986,5
