evolution$generation,alpha,beta,tsteps,popfit,indicsfit,evolution$samples
900,9.801328780919027,0.09829472875902179,43.74738331618319,9.788608822474411E7,1.028763235224986,10
