evolution$generation,alpha,beta,tsteps,popfit,indicsfit,evolution$samples
200,0.7349217667364358,0.03029983160969369,33.837933397250545,6.805845229593029E10,0.5042458346586592,1
200,0.5011909717517632,0.03003793596907738,50.619305748896764,7.68966626639378E10,0.24485583345223766,1
200,1.8231588199183695,0.04420012228537454,53.31800682428496,7.871923383071628E10,0.5753121142867424,4
200,5.342017559073811,0.06549758888718667,77.85863026859863,1.6002688553241266E11,0.3471776538019411,4
200,4.976218063996408,0.08726461313008971,69.55053289181892,1.4398283496019833E11,0.40845458360659553,3
200,0.5726365924345939,0.03995714506054243,42.85221824129951,7.886687806412222E10,0.2766199975104102,2
200,4.986768372455974,0.06185659840093891,96.831937827691,1.4669301110494437E11,0.3911010004272319,3
200,1.6763664548277752,0.042783163970175314,39.1820262819113,7.678322786491794E10,0.6452330724698401,2
200,4.578177881925195,0.08466017595291632,62.05058259103605,1.5287446283569733E11,0.34812290537613605,3
