evolution$generation,alpha,beta,tsteps,popfit,indicsfit,evolution$samples
100,3.5269132651856627,0.08932470422879149,96.80224234506797,4.022682524842506E9,2.036040937547673,4
