evolution$generation,alpha,beta,tsteps,popfit,indicsfit,evolution$samples
500,9.828449998879158,0.04285039816590273,82.61437724916523,4.022682524842506E9,2.036040937547673,7
500,8.75903021446312,0.007980630105767729,12.567254031534006,4.022682524842506E9,2.036040937547673,7
