evolution$generation,alpha,beta,tsteps,popfit,indicsfit,evolution$samples
300,8.75903021446312,0.007980630105767729,12.567254031534006,4.022682524842506E9,2.036040937547673,6
300,6.392799568200804,0.06014726631507777,16.52966252210485,4.022682524842506E9,2.036040937547673,6
