evolution$generation,alpha,beta,tsteps,popfit,indicsfit,evolution$samples
100,7.004225016933323,0.04018581134121344,75.74013322589013,9.119712552394982E7,1.722969603152092,4
