evolution$generation,alpha,beta,tsteps,popfit,indicsfit,evolution$samples
300,0.4971858301416835,0.09924856672439504,100.0,2.333907271440627E9,0.41052085957806944,1
300,0.4406215386643867,0.0,97.53836365540357,4.5574390671781164E8,1.0331295134061158,1
300,0.3982493373329807,0.08633926091206413,93.32766968850244,2.231582565275935E9,0.4790008302401287,1
300,0.39763631604356364,0.08405315786255348,31.08522323095991,1.4737944128467093E9,0.5761938758212408,1
300,0.12216744262964191,0.005144944251887069,100.0,7.548827382333088E8,1.011412522461682,2
300,0.611230259273214,0.1,36.594591600895434,1.6026034833541203E9,0.5538003050344771,2
300,0.5180182072840345,0.018720383899504263,79.42680789071164,1.0117396126384754E9,0.63660459706336,2
300,0.6113760027801102,0.09437316934463948,36.677711968189115,1.5667895597723348E9,0.5655755169443416,1
300,0.39705414230738156,0.08486977349413946,31.86059709684164,1.5023735567976842E9,0.5721994296517539,1
300,0.6141997717394742,0.016243297631248176,81.99930370007687,9.00133626831147E8,0.8585565757781783,1
300,0.5221302320097867,0.015987477352605712,85.00596987049408,9.547388241096138E8,0.6514267792815095,1
300,0.4803021044993122,0.019171861516141947,76.52933359196163,1.0221204064867997E9,0.6208211845473005,1
300,0.48062724739312396,0.09983713454596446,38.750422617419595,1.7060302648543577E9,0.500584407449774,2
300,0.641482193654975,0.017084888974090367,81.98734897628806,9.188163614997752E8,0.8695974823113402,2
300,0.3976363160435636,0.08405314821942406,42.697487496744486,1.6984805049037516E9,0.5457142083403203,1
300,0.651583044796157,0.09578344883355458,45.0051154155862,1.6929449257648942E9,0.5530540055330401,1
300,0.16709116603531415,0.006825826876906459,99.34156263296613,8.182030012585795E8,0.9360705109977374,1
300,0.16737771834629156,0.0068657044965149535,99.34016164216135,8.201986337214025E8,0.9343917394371297,2
300,0.6213962300881068,0.017031588525589093,81.73307712411055,9.247774306569855E8,0.8391452621051279,1
300,0.39763631604356364,0.08405315786255348,42.697487496744486,1.695549680647311E9,0.5474706540261549,6
300,0.27704468208949345,0.019664671164610775,97.51644370791847,1.3263954218629735E9,0.708899753098257,4
300,0.1702411196865011,0.006922249542890374,99.345829634425,8.195862634720753E8,0.9333398321571611,1
300,0.13848257016248391,0.0,98.53553315518398,5.42997157678687E8,1.2474394344394342,3
