evolution$generation,alpha,beta,tsteps,popfit,indicsfit,evolution$samples
100,8.425815067801242,0.1,94.92740117924153,1.3072210082551217E9,4.109100885919525,7
100,0.9023300234911319,0.08560383549006972,66.16548845586124,5.261773512348513E9,0.4021305931776139,3
100,0.6689851328524793,0.013645619052668537,69.31367014805068,1.50466646276194E9,1.0967987880322219,1
100,0.6851720327241172,0.08870249461301971,76.88002267250731,1.2490855274449718E9,4.0957986611233554,2
100,1.285943280426669,0.07739929615025919,81.31816431979225,5.383526178537385E9,0.39617064715548017,1
100,1.073005171910294,0.07801254147977812,81.28416422155709,5.468951937609411E9,0.3688791835982547,1
100,0.0459846405557696,0.08843640628218491,99.73814996894413,1.2516944788526034E9,4.0787739668283205,2
100,1.2337254020165236,0.08242378907743224,66.67506611098682,5.038355572412858E9,0.4444811483369425,1
100,1.2892294900393981,0.1,79.41336960211557,1.247526141358804E9,4.054405170129516,1
100,0.0,0.09205189551298766,94.60154346739942,1.255266129922025E9,2.4926936324618345,1
100,1.235530026107736,0.08334672320145656,66.68034604612407,5.090716779760915E9,0.438140889933546,1
100,1.2490032187394382,0.08481215888826886,66.99568241173138,5.123826912345751E9,0.4331797315753321,1
