evolution$generation,alpha,beta,tsteps,popfit,indicsfit,evolution$samples
200,4.658088121845701,0.0751522077726392,70.75961806208818,1.5801471994350135E8,1.5085344400566074,5
