evolution$generation,alpha,beta,tsteps,popfit,indicsfit,evolution$samples
900,4.658088121845701,0.0751522077726392,70.75961806208818,1.5801471994350135E8,1.5085344400566074,10
900,9.592696892984542,0.019663591987047438,91.69563357318114,1.5801471994350135E8,1.5085344400566074,10
