evolution$generation,alpha,beta,tsteps,popfit,indicsfit,evolution$samples
100,0.4940476300624841,3.12833129017176E-4,25.89010078487158,2.0449968205629425E10,1.317519645224907,3
100,0.402135885719872,0.019657288526561057,33.09309318471737,6.6791552428166065E9,1.2872704521564922,2
100,0.15229086992613494,0.0042056147370928,54.0209184332203,5.449868710132024E9,2.0717437952254385,1
100,0.402135885719872,0.019657288526561057,20.69449196407458,7.748882194828249E9,1.3283138668834957,3
100,0.62139274688137,0.0049982942995545135,55.53371190429324,2.5595186065030914E10,1.1748231817289847,2
100,0.7040357561961244,0.035724258109966475,100.0,2.0560722514967484E10,0.3313063932786415,1
100,0.2731371194028525,0.01965933065858741,31.97164899043642,5.770677309911203E9,1.5714043736645593,2
100,0.14415395588945037,0.0037563276633848664,53.75753896762177,5.431293398001029E9,2.100646696167699,1
