evolution$generation,alpha,beta,tsteps,popfit,indicsfit,evolution$samples
300,0.3765426296695762,0.03868928350503134,5.8275958370371015,1.0686784921559595E8,1.17926977724437,6
300,0.393849897298717,0.09915013563847004,10.324732866211548,1.0686784921559595E8,1.17926977724437,6
