evolution$generation,alpha,beta,tsteps,popfit,indicsfit,evolution$samples
1000,4.822177363031041,0.010233716462286803,17.83947450164456,1.0686784921559595E8,1.17926977724437,9
1000,6.359756311620821,0.022598139689873134,1.0,1.0686784921559595E8,1.17926977724437,9
