evolution$generation,alpha,beta,tsteps,popfit,indicsfit,evolution$samples
100,1.3118724968479478,0.06393183628907755,49.67727837611763,4.1246256707688963E8,2.349180910861897,3
100,0.7009601668146659,0.06182218698424713,10.532367571101034,3.204784644426968E9,0.670270526736287,2
100,0.0,0.062108573735417276,62.116757948529724,4.135387427866317E8,1.7630950211964187,3
100,0.5437489985315879,0.06134460147621268,10.227911119282894,3.2590370898488073E9,0.6422196528303046,1
100,0.23909052989719598,0.0614116032548911,1.0,3.902109638200865E8,1.482597516247133,1
100,1.3409249289699756,0.030018101778280612,49.69684195541499,8.486143220338115E9,0.33870107812548955,1
100,0.538082092797945,0.06139090946218757,10.274689129784134,3.2669635417221513E9,0.6386954314769309,1
