evolution$generation,alpha,beta,tsteps,popfit,indicsfit,evolution$samples
100,6.213401652366349,0.09247459972451762,9.926870390532551,3.6868826361603467E11,4.020399687789825,4
100,0.5539000681858375,0.03403410280015045,56.80046903046253,1.2796672539326363E9,0.2971689716557705,3
100,0.7699865415799099,0.03614230005505335,53.42032922170215,1.3289104462203872E9,0.21300394474213313,1
