evolution$generation,alpha,beta,tsteps,popfit,indicsfit,evolution$samples
900,0.6369854773977157,0.0020411156502509577,47.2314012454501,9.698076237158815E8,1.0865967713076916,8
