evolution$generation,alpha,beta,tsteps,popfit,indicsfit,evolution$samples
500,5.02705265933497,0.09990466044523674,51.56950013945877,9.698076237158815E8,1.0865967713076916,7
