evolution$generation,alpha,beta,tsteps,popfit,indicsfit,evolution$samples
100,9.60067028156013,0.051177394528045685,71.9093577372696,9.891645570558628E9,1.4753656824819665,2
100,0.0,0.08278140546170881,48.69085067155057,1.5515552314340206E10,2.864541381575748,4
100,0.19696449713699882,0.0225408806091163,62.59829485393695,5.338054956696645E9,0.7957666800668358,1
100,0.20282253546891416,0.023035044242571787,62.9418624314248,5.386060891182429E9,0.770804694581999,1
