evolution$generation,alpha,beta,tsteps,popfit,indicsfit,evolution$samples
1000,3.318028970407525,0.08827015353274195,16.509489406825807,1.5430192755338296E8,1.3951584350997537,9
1000,5.007388435965363,0.07217396011506463,20.18100889762119,1.5430192755338296E8,1.3951584350997537,9
