evolution$generation,alpha,beta,tsteps,popfit,indicsfit,evolution$samples
500,3.318028970407525,0.08827015353274195,16.509489406825807,1.5430192755338296E8,1.3951584350997537,8
