evolution$generation,alpha,beta,tsteps,popfit,indicsfit,evolution$samples
1000,6.038902427498502,0.014915185923191177,57.39732500705118,5.093425284481423E10,1.33111165776476,9
1000,0.0,0.0592428080865027,1.0,5.093425284481423E10,1.33111165776476,9
