evolution$generation,alpha,beta,tsteps,popfit,indicsfit,evolution$samples
400,2.385957832215906,0.09287290653480174,36.92439880871702,5.093425284481423E10,1.33111165776476,5
400,0.0,0.0592428080865027,1.0,5.093425284481423E10,1.33111165776476,5
400,0.08255877476343633,0.020020776784621264,82.74008291678527,5.093425284481423E10,1.33111165776476,5
400,6.038902427498502,0.014915185923191177,57.39732500705118,5.093425284481423E10,1.33111165776476,5
