evolution$generation,alpha,beta,tsteps,popfit,indicsfit,evolution$samples
100,8.769568913905173,0.022616390183276394,4.861048173332667,1.1437502043459229E11,4.0077993622695045,6
100,1.8156205564052985,0.09681745758824252,100.0,4.987610176105295E9,0.20978556531708423,1
100,0.6658468357525081,0.0,77.46831450213337,1.375579625618964E8,1.218538460155832,1
100,8.811107198083052,0.022872282461227703,4.9049726687864155,1.1232640551344571E11,4.0021439496767774,3
100,1.658047526621747,0.05975443629586463,100.0,3.7592393379790454E9,0.2595430086480988,1
100,1.8952351693901255,0.05480723038190524,41.32698885755665,1.8903804944964416E9,0.5743063562445986,1
100,2.080439128863292,0.06805803875315844,38.6754513584414,2.180759755063132E9,0.5515854481295068,1
100,0.8126592770837071,0.01569307563435418,77.19232582877207,1.2186259711588635E9,0.6177307392707706,2
100,0.4946689770107563,0.004699270260728525,77.32253692143067,4.241191935484848E8,0.9207126260878765,1
100,0.3700396721755195,0.0,73.25911272282774,2.0054408898673457E8,1.2814212668401872,2
100,1.6714809453947095,0.05096563421708925,97.45851341854406,3.320565725953585E9,0.3016167139413308,1
100,1.6556320647865232,0.05067478955818769,98.85526306453248,3.347212921891023E9,0.2979361667898025,1
100,1.8414911354188013,0.051133613923295664,100.0,3.3486101057349973E9,0.3084962283202219,2
