evolution$generation,alpha,beta,tsteps,popfit,indicsfit,evolution$samples
800,9.443116390063219,0.03488758889377376,62.91738372421545,1.6809872369847572E9,1.7012910315954228,9
