evolution$generation,alpha,beta,tsteps,popfit,indicsfit,evolution$samples
200,7.920350207455511,0.0815586757085731,17.153507854394203,1.6809872369847572E9,1.7012910315954228,8
