evolution$generation,alpha,beta,tsteps,popfit,indicsfit,evolution$samples
500,6.757821565871119,0.0286641397084769,8.007769289615071,6.595326010615607E9,3.527465225330862,7
