evolution$generation,alpha,beta,tsteps,popfit,indicsfit,evolution$samples
200,4.40981020890238,0.0901720226504371,28.638273860451875,1.0755009430941182E8,0.9937630157514752,8
