evolution$generation,alpha,beta,tsteps,popfit,indicsfit,evolution$samples
400,0.39292958842871345,0.008854008032199224,38.326461498253735,6.801278930823525E8,1.15359346512701,2
400,1.3664169158868122,0.09397299238179342,30.929685490079784,1.9874059616394582E9,0.4671930473924496,8
400,1.6665465070369312,0.1,88.0805869830497,3.399057619051077E9,0.3295179874562255,1
400,1.8806885368450856,0.09258130690259783,58.81098526364326,3.091903365379595E9,0.36198699875267026,1
400,1.2601895299470653,0.1,34.79376672485355,2.0672237740645375E9,0.42676744833138097,1
400,0.8076416176142026,0.08934922680678797,30.308557536724095,1.6449573041556027E9,0.48862202854914993,2
400,1.2591351336921166,0.1,52.3925028852019,2.5156132250647793E9,0.36420625662734346,1
400,1.2841530293722707,0.09154411780422322,50.5305211609044,2.3867668817803683E9,0.37850651425642323,1
400,1.2456254414841754,0.0931944222382621,53.788032623000355,2.4356087656539307E9,0.3700281549702076,2
400,0.710519725638538,0.01707978536621458,53.93351131809728,8.945338474498761E8,0.6818530901674725,2
400,1.2233360649769758,0.1,52.43515267113257,2.4850470010229154E9,0.3659351801080917,1
400,1.3309668610523828,0.09339844236230546,35.14286431763924,2.0637384656797976E9,0.4392266835150859,1
400,0.8255101723192773,0.08721206400377905,18.228873359041327,1.2189860266602585E9,0.5763787271158953,1
400,1.0753231031867172,0.1,30.499736369412886,1.852712878222381E9,0.4495458465970198,2
400,0.5843223016705713,0.013547563760582505,53.80171567647208,7.606334574000794E8,0.7669588748424343,1
400,0.748292528634221,0.02173135449174974,55.933503393524546,1.0110714148213203E9,0.6306031698796055,1
400,0.828009283209495,0.08685007605154488,29.95219235955477,1.5947984707214599E9,0.49054374341300955,2
400,0.8255277580588506,0.08767682893963055,18.74257970012991,1.2665797875223947E9,0.5648764544799691,1
400,0.6826313305054139,0.04261243506556394,41.95322897089794,1.216903240801919E9,0.5857100257837936,1
400,0.642471626368923,0.024515884201121625,42.2461558340853,8.941093544146281E8,0.674661482751417,1
400,0.8280267363559064,0.011170943984730987,56.82460981899771,9.718101884733744E8,0.8423431021701858,4
400,0.7654229151840825,0.09217103685992273,18.682863422482285,1.267466178660296E9,0.5575961674408975,3
