evolution$generation,alpha,beta,tsteps,popfit,indicsfit,evolution$samples
200,9.901377418219221,0.06640446289341913,47.99036888596883,4.8759810758461237E11,3.5554641135872362,5
200,0.1958931090289644,0.0,82.22468532146118,4.4275020387793326E8,1.4612328579545741,1
200,0.8358317431874851,0.08246749341724087,100.0,1.3547230226912846E10,0.6914825211890643,1
200,0.7906226059739752,0.07417706921040049,88.27161568549904,1.2494492767417559E10,0.7263483343060819,1
200,0.5142795280288013,0.04282022193044069,21.39889221357022,3.3988479461445384E9,0.998737080421713,1
200,0.3802353614554943,0.04362514353901619,23.734199441488926,4.1301698749312625E9,0.9715346039569921,3
200,0.0,3.6624005518516963E-4,1.0,7.417899121762697E8,1.7291947940894583,2
200,0.5579246646974676,0.02799256798133325,25.300809368147483,2.485972585129742E9,1.1437637438228003,1
200,0.5134265930886374,0.05689273212578547,55.08593324713414,9.215245484461054E9,0.7647122167777859,1
200,0.23979911034710397,0.011826340722516163,37.97568174888669,1.8351274750466528E9,1.2137675196581728,1
200,0.5707685216918269,0.02780402790287136,24.546530541119846,2.3469193566421466E9,1.1811704340136115,3
200,0.4525847085646272,0.031640996743864745,21.8805877287515,2.603098707268782E9,1.0098834979383893,1
200,1.5462106636765682,0.030683164937214125,67.90376419767973,6.6538673801923065E9,1.156823282515481,4
200,0.5635134691802727,0.02835767090352096,23.426069904262594,2.2960434468686676E9,1.1784494270035233,1
200,0.16591380955656482,0.029735278019525788,1.491081022958093,5.153811642531954E8,1.2758626162751148,1
200,0.6047400282255595,0.027111523540601364,17.99494134705812,1.5982224327666326E9,1.3333125905221768,2
200,0.5519526831101924,0.025413709906538302,23.61705473931113,2.0282164705242012E9,1.1929884105829651,1
200,0.5643395903808192,0.05656825769265792,54.96751476023642,9.136043138058113E9,0.776060000355659,2
200,0.49777631030631275,0.03150784260476818,37.515923452129876,4.437966637258077E9,0.9325487394116803,3
200,1.7001919339877025,0.04240133643469544,75.59558690863538,8.917382952755222E9,1.0431288176714413,4
200,0.6855688599034665,0.04343153557364128,98.49227256778339,1.0518684171353052E10,0.7797134957650449,3
200,0.5696685289293497,0.054458596293109666,53.51235006460706,8.800886254360662E9,0.7913746456971854,1
200,0.6226084058234591,0.029728906566576993,25.096952782211392,2.6026054181015625E9,1.2242949824310225,4
