evolution$generation,alpha,beta,tsteps,popfit,indicsfit,evolution$samples
100,1.8641471285567657,0.05144161649196373,33.67490279896604,4.4762528300035965E8,1.7554894160306274,3
100,8.761378235522326,0.008317908762645043,69.54076297748891,4.4762528300035965E8,1.7554894160306274,3
