evolution$generation,alpha,beta,tsteps,popfit,indicsfit,evolution$samples
400,8.761378235522326,0.008317908762645043,69.54076297748891,4.4762528300035965E8,1.7554894160306274,7
