evolution$generation,alpha,beta,tsteps,popfit,indicsfit,evolution$samples
100,1.089737538971458,0.001380795414166358,71.41480889437615,3.235279716146699E7,1.0648351408073937,4
100,0.8536247004979748,0.0,58.36477776144403,2.847328030037446E7,1.1194228808330173,1
100,0.9680473214392239,0.1,88.3782761489364,5.0811949668983823E8,0.3953357523012789,1
100,1.5363815851286784,0.0327081207242651,100.0,3.69479569005972E8,0.4858694727314902,1
100,0.6879623739438612,0.05898275621961733,90.41741733650092,4.50323757872547E8,0.462837120475504,1
100,1.1526732590594908,0.02023475954137243,66.01756550635896,2.02096529885564E8,0.6097779834799512,2
100,0.19211832347744803,0.008428160030120901,66.14765617271065,1.0709268276721421E8,0.9497170176498876,2
100,1.4805969019019305,0.0021700513793470265,95.05119362939459,4.462391734129048E7,1.025525354975841,1
100,0.9869610182841061,0.01612994261931021,54.69157607288104,1.348924082484236E8,0.6877977408918399,1
100,1.1542579222151594,0.022077133733345307,69.1533179920861,2.2701079042828584E8,0.5864201124565681,1
100,1.1576503003537266,0.021884960544176976,66.1428320979202,2.1684620350484195E8,0.5957480623721163,1
100,1.3074574125725502,0.06892501997399413,86.33253033256575,4.590482798562312E8,0.4174625924187584,2
100,1.3713429875962273,0.0688803329653862,89.62699047920259,4.6398243246457785E8,0.41448180765189824,1
100,1.0694338940131973,0.07098105401195033,100.0,4.8109248664864755E8,0.4054174582287126,2
100,1.3581915573133814,0.07845994742732465,87.57534929062679,4.77063289885369E8,0.4062798949184453,1
100,1.5601378866942337,0.07219470693768713,100.0,4.8343712262807834E8,0.40495434942972686,2
100,1.3581915573133814,0.07358676100427085,87.57534929062679,4.693766303215164E8,0.4113122285432606,3
100,1.3574144433755082,0.07987540960237467,87.48116650250138,4.791038031783048E8,0.40485077278624254,1
100,1.3555196552583701,0.07959074637023335,87.57508796157742,4.782831572234477E8,0.4050700672167323,1
100,1.2626151430873833,0.0022224022306287818,71.33643162720355,3.743190050821761E7,1.0332430099303118,1
100,1.3581015568730725,0.07370160403076438,87.62164470917294,4.700321473534119E8,0.4108823769457351,1
