evolution$generation,alpha,beta,tsteps,popfit,indicsfit,evolution$samples
100,0.47029810699803276,0.025532273076135394,5.266093912946362,1.2713032728348265E9,0.8518343591902993,4
100,1.1948608239456004,0.04904903110864911,37.00120941582925,3.4303737372558646E9,0.7720647343651649,1
100,1.0835100154914257,0.1,30.599626711190066,5.00906272464615E9,0.6317038327538292,1
100,1.0973359440513282,0.09715014779077419,31.36205491842382,4.991561391936132E9,0.6339040051199882,1
100,0.5395380152260174,0.01835553887160257,13.136680515519432,1.346817077728399E9,0.826408264070791,1
100,1.380170333171884,0.1,34.41213104480335,5.492956282400884E9,0.6502316755857185,2
100,1.0793860987847537,0.09595805073753705,31.135814006353495,4.9475714296145E9,0.6346799694085995,1
100,0.9670269305999935,0.08154713230135435,48.6253220756593,6.060324645041392E9,0.5710442157108413,1
100,0.45664574975865346,0.023433253727128966,1.5216964925019116,1.2617896370109372E9,0.9957600195653309,1
