evolution$generation,alpha,beta,tsteps,popfit,indicsfit,evolution$samples
100,1.997177706778428,0.07834563986605288,76.15718050046384,6.761778548745706E9,0.24616774117632162,5
100,1.311074694473009,0.07535873766904458,6.741042187701111,1.323455683355929E9,1.0216801470482515,3
100,0.9158869601122821,0.04655503900182019,60.21173158436959,5.124156786118596E9,0.27163380711437785,1
100,1.188752119611678,0.06189463981413497,54.978222852075916,5.467801322700109E9,0.27069192013849824,1
100,1.7600985013977444,0.058119999145992064,21.147558149577616,2.746082308809733E9,0.7315427348823282,2
100,1.8353042272948472,0.1,82.99255447888955,7.768320554373156E9,0.2174685477109185,2
100,0.9253445592221993,0.05162651681187256,64.44242113902331,5.699795706971161E9,0.2440961373333486,1
100,1.1440609175361602,0.04586030467959772,58.69436201332182,4.795558474947857E9,0.31835158163638444,1
100,1.393788144929693,0.07866583338856695,77.11991652296037,7.050754169259225E9,0.20811473486951954,1
100,1.4929759744083753,0.0788456086096112,76.13349318480311,6.947409772583019E9,0.21221541949830286,1
100,0.924540847606013,0.047294942166585696,57.192435231583566,5.018291764951538E9,0.2805794272527847,1
100,1.8547767135023372,0.07915704291317535,72.09674302384788,6.666793496288309E9,0.23909047695162275,1
100,1.1827579174889657,0.01830357666641857,53.42652658311332,1.8586500058453727E9,0.6982442084828786,1
100,1.3612473807351502,0.07529201009370429,14.344179146645045,2.2490566707643075E9,0.6822465840547924,1
100,1.7732739106559137,0.07723515585491637,74.19047675530297,6.672647628562343E9,0.2326447901840625,1
