evolution$generation,alpha,beta,tsteps,popfit,indicsfit,evolution$samples
100,0.7150117098854647,0.07390818005231374,60.038664140307915,3.3499564780202394E9,0.5776995774428854,3
100,0.12303845048607931,0.027846583903398982,38.96394595554749,1.4287462006065197E9,0.6546097767809147,3
100,1.4634334352789757,0.0702076514152764,72.83890945983283,3.344422266959757E9,0.6361260000755471,2
100,0.8271941661964188,0.027032590467593168,10.48726325340753,3.7744265169671035E8,2.077582740306247,1
100,1.789412995420463,0.07893129298859808,79.32293682292546,3.6584847903501105E9,0.5550930815416899,3
100,0.07265341515427792,0.009913278091695378,39.689080051511446,5.609153615032544E8,0.8090734409618086,2
100,0.7255206178277755,0.08564451562704435,58.20973210174987,3.5883830845293984E9,0.5294461532132485,1
100,0.7966352405290242,0.026752092590432076,10.513264392715703,3.6826400830038923E8,2.1105347815816953,3
100,0.0,0.006863433040065716,42.561034412348256,5.532089159972776E8,0.8384987328591568,1
100,0.0,0.07405980578544817,60.12456510055574,4.633298990590577E9,0.5278134845293512,1
100,0.44632526373358483,0.02849179340376777,39.044154566847546,1.2101658307402623E9,0.7387551775339698,1
100,0.7257930841405082,0.08552116005410797,58.21087220545465,3.5850005673263392E9,0.5326288033847,1
100,0.0,0.1,16.190381560587763,2.59926076980391E9,0.5900502682918229,1
100,0.08124278181911582,0.007593356065321111,73.64916067428332,7.579729703863078E8,0.76135424221954,1
100,0.9020649071622266,0.04005052293558219,8.353916349604193,4.2867687862691015E8,2.0633599238369578,1
100,0.0,0.09463877503511775,47.00772181962324,4.660574259896916E9,0.5276202997812341,1
