evolution$generation,alpha,beta,tsteps,popfit,indicsfit,evolution$samples
100,5.65473319282193,0.015469933596983166,41.15852568509483,1.930613184808422E7,0.9590794987921631,3
100,3.5666179521512986,0.0899247433593605,91.02732988381658,1.930613184808422E7,0.9590794987921631,3
100,8.913567634785533,0.01027230485505064,12.581061351131526,1.930613184808422E7,0.9590794987921631,3
