evolution$generation,alpha,beta,tsteps,popfit,indicsfit,evolution$samples
800,7.838101559604498,0.058223410575565904,66.00069520394214,1.930613184808422E7,0.9590794987921631,9
