evolution$generation,alpha,beta,tsteps,popfit,indicsfit,evolution$samples
300,6.187716823032215,0.08181611671420297,83.41005890079556,1.930613184808422E7,0.9590794987921631,5
300,5.65473319282193,0.015469933596983166,41.15852568509483,1.930613184808422E7,0.9590794987921631,5
300,8.907872048403059,0.0827947728388136,25.917755706181932,1.930613184808422E7,0.9590794987921631,5
