evolution$generation,alpha,beta,tsteps,popfit,indicsfit,evolution$samples
700,7.349354793159904,0.09131942852529086,78.86467272215397,1.930613184808422E7,0.9590794987921631,7
700,7.838101559604498,0.058223410575565904,66.00069520394214,1.930613184808422E7,0.9590794987921631,7
700,8.907872048403059,0.0827947728388136,25.917755706181932,1.930613184808422E7,0.9590794987921631,7
700,3.5666179521512986,0.0899247433593605,91.02732988381658,1.930613184808422E7,0.9590794987921631,7
700,5.654733192821931,0.015469933596983166,41.15852568509484,1.930613184808422E7,0.9590794987921631,7
