evolution$generation,alpha,beta,tsteps,popfit,indicsfit,evolution$samples
200,4.4291510708276345,0.05805366087230388,40.130503330769656,4.5437075139006966E10,3.497914939581083,5
