evolution$generation,alpha,beta,tsteps,popfit,indicsfit,evolution$samples
200,0.04984733464809876,0.002553923153013038,59.100351840156456,5.339324508823142E9,2.6829613043545004,2
200,0.7527186345682163,0.040585045090681754,91.25002407695536,3.122759077895417E10,0.4350194316674961,1
200,0.4396137355174692,0.037348324494777874,59.63449461861798,1.857996605958944E10,0.9738056218319258,1
200,0.5761936485267888,0.05022394040385291,84.4083612310668,2.9391538375262074E10,0.4701864371342123,1
200,0.013625117197474675,0.005064527670883727,58.95932567885375,6.118226668795339E9,2.5972810295695723,1
200,0.0,0.0,58.82179054022365,5.5167413372782755E9,3.041711794546971,3
200,0.4173009232015548,0.0056048381438348165,58.79098464928619,6.255264430284248E9,1.6734495433101928,1
200,0.27452214996739555,0.050181518249410466,77.9084445794427,3.1142207865885586E10,1.1858333796082994,3
