evolution$generation,alpha,beta,tsteps,popfit,indicsfit,evolution$samples
300,2.858080442259665,0.062914499658036,33.05359844961873,1.739588522791852E8,0.9937013535672778,5
300,8.352868282514503,0.030540147065208224,37.58275263137367,1.739588522791852E8,0.9937013535672778,5
