evolution$generation,alpha,beta,tsteps,popfit,indicsfit,evolution$samples
800,8.751763880785107,0.060513460598314354,100.0,1.6666432494020134E7,1.5224924733320173,8
