evolution$generation,alpha,beta,tsteps,popfit,indicsfit,evolution$samples
200,2.945158684352727,0.03191178185546137,8.602856359968111,1.6666432494020134E7,1.5224924733320173,4
200,9.044466890157139,0.023708147184268794,62.84493942212183,1.6666432494020134E7,1.5224924733320173,4
