evolution$generation,alpha,beta,tsteps,popfit,indicsfit,evolution$samples
1000,4.926587853739317,2.3190942095316914E-4,13.93122091288544,1.287675476541517E8,0.9325512740806801,9
1000,0.0,0.0058384423501262675,32.251644283400644,1.287675476541517E8,0.9325512740806801,9
