evolution$generation,alpha,beta,tsteps,popfit,indicsfit,evolution$samples
100,0.5003787356047118,0.0813818648139964,12.376276925692821,1.3855316328761091E9,0.619732467866605,1
100,0.31395366720222695,0.021266309396121553,18.933404928901417,1.0739368225388315E9,1.1054669870322402,4
100,0.5003787356047118,0.0813818648139964,12.37627692569282,1.3852301521306217E9,0.6223720072783299,2
100,0.5551167189954008,0.027653799071851677,8.877204202886679,1.690779049983006E9,0.7982636591177066,3
100,0.5365913584161482,0.0812921410064289,16.949096374720316,1.503124445073548E9,0.5616210125832631,1
100,0.5676953383855688,0.08311211034993078,11.44449206788605,1.5276104477512214E9,0.5451187088008617,1
100,0.5003787356047118,0.0709939540212853,12.376276925692821,1.3692823923261428E9,0.6395076367338582,1
100,0.6307703473029653,0.06347358578998451,31.88169227211863,1.830426231668289E9,0.4428130141717075,1
