evolution$generation,alpha,beta,tsteps,popfit,indicsfit,evolution$samples
100,0.6196341791357884,0.023921455126507188,56.03960646310307,3.6393484070393555E10,1.0279155299110545,3
100,0.9377759026364798,0.010212157418477608,94.1642315660447,2.6667273772445904E10,1.9560624571898122,1
100,1.0029815944594715,0.015483898904518893,83.75403680396013,2.909707975195248E10,1.6974464565750893,1
100,0.6329546537874187,0.06065167017983164,51.57273938828409,5.476776812638621E10,0.6007565737678192,1
100,1.145761001727565,0.013948246849603866,56.77677079958272,3.3458956213017807E10,2.508519118768537,2
100,0.9475610161415887,0.010408835529392826,96.40663581384838,2.6887010893855717E10,1.9270671965936639,1
100,0.6282181380886722,0.05948444361080532,48.952984240465575,5.3462620056813774E10,0.6080630219318022,1
100,0.8148851093304811,0.010309114689972495,94.19430016546977,2.7631715089131557E10,1.7538387406899445,1
100,0.9375749688641678,0.008981700964110337,98.72961121743602,2.63448207048973E10,2.0562631306987327,1
100,0.6506184649955361,0.022877183324039194,53.68662175668135,3.4159851154435123E10,1.1569327217804166,1
100,1.0374280122359048,0.09656929015496084,93.36991868685062,6.928794448683722E10,0.4044542381239653,1
