evolution$generation,alpha,beta,tsteps,popfit,indicsfit,evolution$samples
300,3.342574606935209,0.045040819180964614,88.9034547213032,3.327509261447885E9,1.7022109034834814,5
300,1.6098005469843368,0.09704337248308342,85.00724850596772,3.327509261447885E9,1.7022109034834814,5
