evolution$generation,alpha,beta,tsteps,popfit,indicsfit,evolution$samples
200,3.342574606935209,0.045040819180964614,88.9034547213032,3.327509261447885E9,1.7022109034834814,5
