evolution$generation,alpha,beta,tsteps,popfit,indicsfit,evolution$samples
1000,0.29701745407145985,0.08728882417209648,19.480423465858593,3.327509261447885E9,1.7022109034834814,9
