evolution$generation,alpha,beta,tsteps,popfit,indicsfit,evolution$samples
100,2.1169998189606654,0.04270249822168673,83.75842401235391,5.170767276996274E9,4.243854106594695,3
100,1.0120503435366257,0.07987110510920865,6.059773192459045,5.170767276996274E9,4.243854106594695,3
