evolution$generation,alpha,beta,tsteps,popfit,indicsfit,evolution$samples
300,7.942331399887177,0.082547915688793,92.36665878102102,5.170767276996274E9,4.243854106594695,4
300,8.949102525765491,0.08791686764450035,36.856796691826936,5.170767276996274E9,4.243854106594695,4
300,3.855330126965171,0.04201709114150126,21.764752095717864,5.170767276996274E9,4.243854106594695,4
300,2.1169998189606654,0.04270249822168673,83.75842401235391,5.170767276996274E9,4.243854106594695,4
