evolution$generation,alpha,beta,tsteps,popfit,indicsfit,evolution$samples
400,3.7984826795301867,0.04184041305966202,21.991182277446292,5.170767276996274E9,4.243854106594695,4
400,7.942331399887177,0.082547915688793,92.36665878102102,5.170767276996274E9,4.243854106594695,4
400,8.949102525765491,0.08791686764450035,36.856796691826936,5.170767276996274E9,4.243854106594695,4
400,4.982587741040206,0.08682220224285858,92.33989978920451,5.170767276996274E9,4.243854106594695,4
400,6.942402266202885,0.06882909424279328,69.90979001318614,5.170767276996274E9,4.243854106594695,4
400,3.855330126965171,0.04201709114150126,21.764752095717864,5.170767276996274E9,4.243854106594695,4
400,2.1169998189606654,0.04270249822168673,83.75842401235391,5.170767276996274E9,4.243854106594695,4
