evolution$generation,alpha,beta,tsteps,popfit,indicsfit,evolution$samples
900,7.13294770776484,0.09796109972305711,3.211299016149056,1.032381963302405E9,1.5271151507929301,12
