evolution$generation,alpha,beta,tsteps,popfit,indicsfit,evolution$samples
200,7.098392582404465,0.09801106821098582,3.0674646340532323,1.032381963302405E9,1.5271151507929301,4
200,1.5407757963522273,0.045177126716223426,37.08124629665046,1.032381963302405E9,1.5271151507929301,4
200,3.972047243878929,0.08526173115133667,43.871553579395425,1.032381963302405E9,1.5271151507929301,4
