evolution$generation,alpha,beta,tsteps,popfit,indicsfit,evolution$samples
300,3.972047243878929,0.08526173115133667,43.871553579395425,1.032381963302405E9,1.5271151507929301,4
300,6.887364921733852,0.08206623610249567,5.780200125381618,1.032381963302405E9,1.5271151507929301,4
300,1.5407757963522273,0.045177126716223426,37.08124629665046,1.032381963302405E9,1.5271151507929301,4
300,7.257447518367668,0.09842304862806012,2.033420317619955,1.032381963302405E9,1.5271151507929301,4
300,8.647728971585419,0.046740844132018115,74.5084321337756,1.032381963302405E9,1.5271151507929301,4
300,7.098392582404465,0.09801106821098582,3.0674646340532323,1.032381963302405E9,1.5271151507929301,4
