evolution$generation,alpha,beta,tsteps,popfit,indicsfit,evolution$samples
100,9.510019156081857,0.08184826342538278,64.36616339403147,1.398483249276422E9,0.32477013088329876,3
100,9.510302249466815,0.08183936795749935,64.36627836477587,1.399789157252599E9,0.3247499782017883,3
100,0.5674231547796658,9.53601392871957E-4,81.81385149702211,9.300005171806823E8,0.15497017349727388,2
100,2.348506555716345,0.0,52.184873904104684,2.3684179001814127E9,0.12947796547782303,2
100,10.0,0.07948575802122687,63.46192575628931,1.3947557581989625E9,0.326261534773344,3
100,1.3800031733840057,0.0,79.13889029964882,8.787987944035336E8,0.08895083933884332,1
