evolution$generation,alpha,beta,tsteps,popfit,indicsfit,evolution$samples
200,1.3800031733840057,0.0,79.13889029964882,8.793336763460718E8,0.08897111516484049,2
200,1.1046328615821837,6.818882445758906E-4,72.3833127081193,7.43939821126275E8,0.3027973697598201,1
200,0.31776891448822625,5.730826995637032E-4,71.93511472930044,1.0790728352959743E9,0.26744490906515006,5
200,0.9657743776164978,0.0,71.31136757606315,7.695606345486015E8,0.09675361545374998,1
200,9.502382359074264,0.08020509320901366,14.657207171815426,5.533572441954393E9,0.16295027776219967,3
200,0.962498911187635,0.0,71.31265463887301,7.671835796872584E8,0.09767534713079072,1
