evolution$generation,alpha,beta,tsteps,popfit,indicsfit,evolution$samples
300,0.8900014056865868,0.04254800557433369,35.098708111795645,4.948766683299897E7,1.0808250415967993,5
