evolution$generation,alpha,beta,tsteps,popfit,indicsfit,evolution$samples
900,8.687698155110716,0.007106651621654402,39.736836100250436,4.948766683299897E7,1.0808250415967993,8
900,7.813286446487913,0.06429886136561781,61.31720474461866,4.948766683299897E7,1.0808250415967993,8
