evolution$generation,alpha,beta,tsteps,popfit,indicsfit,evolution$samples
400,1.2868985273933675,0.07600064384465416,43.50398150752842,8.009000049681622E7,1.2883051814236175,5
