evolution$generation,alpha,beta,tsteps,popfit,indicsfit,evolution$samples
600,8.86250419260261,0.022069571141363764,1.0,8.009000049681622E7,1.2883051814236175,8
