evolution$generation,alpha,beta,tsteps,popfit,indicsfit,evolution$samples
100,1.6259914401286424,0.07082421228689295,94.32726190867521,1.1510249864864376E10,2.0190630326615717,3
100,0.5462259423928861,0.060448183866068095,45.697282702979095,9.009819206861877E9,0.9221836176369299,2
100,1.768807454906438,0.03887563095510258,43.024863012483635,1.2968429727740612E10,1.4470434033899375,3
100,0.5462259423928861,0.1,31.34148493608156,9.37530097361775E9,0.8713793981752056,1
100,1.455670724394421,0.06695346278545085,88.62406980675051,1.4173982250054825E10,0.6142505720307168,2
100,3.490614164858891,0.059017067355628,93.70129351168127,1.3169473103299713E10,0.7886166778432484,1
