evolution$generation,alpha,beta,tsteps,popfit,indicsfit,evolution$samples
100,1.497600383272415,0.08523174101015679,83.29538057242458,2.6665316050324955E9,0.4321401224663312,7
100,0.3810108911500931,0.0019048816953176175,22.85908917907678,3.167536776404055E8,0.8384438143114165,3
100,0.8388158406814916,0.04862580096653346,22.282150226379308,8.610814795480051E8,0.9991618844587726,4
100,0.737244581775065,0.04146992756171884,37.06881251455171,1.1047084125045342E9,0.7218808697347684,1
100,0.4784104107288342,0.058396253211613874,32.64960693410761,1.3967442097991583E9,0.5614839787789516,1
100,0.29554671259617654,0.0,5.93879041009888,2.980399687724432E8,1.1758391121465208,1
100,1.2612564785173999,0.08022760277115773,56.34822586657907,2.1693377055954313E9,0.49905792301452145,1
100,1.2097637267728425,0.08508857568698447,87.26733855337763,2.7095640024276886E9,0.39747977534877243,1
