evolution$generation,alpha,beta,tsteps,popfit,indicsfit,evolution$samples
100,3.757976004393868,0.061368832321488945,52.23578929963102,2.1591467993011646E9,0.7381694488048651,4
100,1.9349264135911137,0.009183306373092526,36.34080063969686,1.0527708560693579E9,1.0377136569557,1
100,3.835483985253907,0.054767208007623136,92.41956663854991,1.9124507179832807E9,0.6585343167496202,2
100,1.4310665836248244,0.006137894263589323,39.08716311338602,7.655924350983497E8,1.0659149545640265,1
100,0.49150149448455205,0.04486451280346336,85.44312995652137,1.4412999944001024E9,0.6133208552845436,1
100,2.354215630450675,0.1,52.444215582377296,1.5269784040089357E9,0.5540900891515277,1
