evolution$generation,alpha,beta,tsteps,popfit,indicsfit,evolution$samples
100,8.893435630613366,0.09712005524828621,44.7078844290501,6.42303472878457E10,0.6861841035334991,4
100,0.9746940518146787,0.04840509059652157,8.010136358657295,6.782974749647899E9,1.7601341958170107,2
100,2.49432488945457,0.0844051867662797,48.48817687270464,3.4589502914921326E10,0.33564030904356806,1
100,8.893435607989597,0.09712005524828621,49.880431581501604,6.296330920433177E10,0.5901164373800042,2
100,2.785587601652188,0.06826665958323529,29.218588265844698,2.8554493542275787E10,0.8852371295562455,1
100,2.9453768206658637,0.056956681348088824,31.646570466335795,2.4828972089297287E10,0.9579110210224023,2
100,2.9554187957683915,0.07539305928814688,31.796203515555987,3.670985619787033E10,0.9457815544041008,2
100,2.6302657019400333,0.071854749475815,32.87428327294074,3.013160297163965E10,0.7306760947951523,1
