evolution$generation,alpha,beta,tsteps,popfit,indicsfit,evolution$samples
800,10.0,0.08780790209521162,1.0,1.091614691610544E9,1.5306700618072764,8
