evolution$generation,alpha,beta,tsteps,popfit,indicsfit,evolution$samples
100,2.809461425467903,0.05490901845625902,24.412320869668722,1.091614691610544E9,1.5306700618072764,4
