evolution$generation,alpha,beta,tsteps,popfit,indicsfit,evolution$samples
900,6.630287117344822,0.06674321300150142,80.91972857008295,2.4650298715043062E8,2.3677947690833547,8
900,1.4267613052955164,0.0869431447810449,3.2876649647472163,2.4650298715043062E8,2.3677947690833547,8
