evolution$generation,alpha,beta,tsteps,popfit,indicsfit,evolution$samples
100,0.33283214153280394,0.0932916862848464,73.31799699386491,2.440051988747479E7,2.2175362046165223,2
100,8.390453077807631,0.09055790308375988,70.29231445534585,2.370084238723561E7,2.2364065709998435,2
100,0.9180441857359845,0.09355088162001146,92.2429422239967,2.4380858034529023E7,2.2199943307766428,2
100,4.920406857745705,0.03777924320082158,68.45354198434089,1.8842305316444304E7,2.527231946690821,2
100,1.9980829495462826,0.06171830609461346,19.959101984369603,2.4840703862241474E8,0.7138337040614633,1
100,0.22768361041699992,0.01772335438091388,77.844238543206,3.0718970322235066E8,0.6203200982527564,3
100,5.4392156540338865,0.09856356678525784,100.0,2.479151633554767E7,2.2012554512293505,2
100,5.43539289816392,0.1,100.0,2.4944627639710534E7,2.1953538632658285,2
100,0.6803642334082466,0.1,78.08941895089934,2.5068086361256704E7,2.1928582884215233,2
100,3.1689548744658156,0.07593751314731852,51.972335194145074,2.210093592272331E7,2.3005504819328118,2
100,7.955738128791655,0.05257325959111443,100.0,2.0241451646143764E7,2.4268380879316522,2
100,5.174428091861251,0.038636020425837074,64.64735872449339,1.8861328941296518E7,2.520973019512796,2
100,5.152836105930412,0.08347367747048429,51.9632914274179,2.278746775929651E7,2.26685899677564,2
100,1.9783955532649133,0.06015457193368349,31.00317939406293,3.6560700296649075E8,0.4909659053381542,2
100,2.0408907406013994,0.06163013665290493,18.09720635435741,2.1819514708551767E8,0.7834213979365514,2
100,0.0,0.0,27.515993413156654,1.3633192188396027E7,1.2527736011339368,1
100,1.6643624922863656,0.06185163150975792,17.988203661824556,2.2087790769420168E8,0.7724096258172628,1
