evolution$generation,alpha,beta,tsteps,popfit,indicsfit,evolution$samples
100,4.229662430993548,0.07417142954437105,49.63377601709751,1.3523033328568619E10,2.0747064920293736,4
100,0.4182433475191005,0.03097123297637726,27.17109837086115,1.5977282128221781E9,0.9019860015456128,3
100,0.5049368627322897,0.06148376778156211,33.2962987307711,2.722268022513725E9,0.7059221611055246,1
100,3.7198498933181225,0.006243464203526229,83.00252533215057,1.8130237866061404E9,2.518673258497844,4
