evolution$generation,alpha,beta,tsteps,popfit,indicsfit,evolution$samples
300,0.669788668339437,0.09461397836217349,54.586031876488256,4.384483402692807E9,0.6539140169127715,1
300,1.2744176473331972,0.015145499853313272,19.40100112912317,1.0135294916915612E8,2.580038638289091,1
300,0.5049368627322897,0.06148376778156211,33.2962987307711,2.722268022513725E9,0.7059221611055246,1
300,0.5732819534978479,0.03211156847432912,5.478043620454973,2.4803203190267026E8,2.1125797880701676,2
300,1.3101210432234243,0.03509981168456669,24.793089019794,6.294831616671008E8,2.058882428282385,1
300,0.5359077484858985,0.028387710456356265,30.85468697312555,1.294732375251731E9,0.873755373279923,1
300,1.2293875456649732,0.017435523795801978,19.33875196199677,1.3217742792315179E8,2.5143337583574294,1
300,1.2569779666214633,0.023209345559649874,20.43533234943588,2.405298531349814E8,2.363154357903402,2
300,0.31112460263391506,0.09426169652450773,45.53875783173019,4.943276691437305E9,0.8348157565348868,2
300,0.5135210809399844,0.058730407640561304,32.966025991412124,2.6043405384052167E9,0.709447018862143,1
300,0.5745738089159297,0.05085938343509372,9.396996480235089,6.592711774437101E8,1.452531218328986,1
300,1.32496037120585,0.015454011930622605,19.464082693123824,1.0677615555137356E8,2.576229989197857,1
300,0.8543086972120026,0.04702318350457001,23.777774933715254,1.1455401222550602E9,1.8062069863763874,2
300,1.5388972322929524,0.024055871838480694,44.8431477452768,8.002748408744802E8,1.9627462170344687,3
300,1.1727988422746505,0.03911299927064911,25.273634274882866,8.044995760756695E8,1.9594796668221905,2
300,0.4182433475191005,0.03097123297637726,27.17109837086115,1.5965851843971024E9,0.90145640700239,5
