evolution$generation,alpha,beta,tsteps,popfit,indicsfit,evolution$samples
500,0.6641534681196058,0.08859386854612232,94.70130417145639,3.4964493572449994E9,0.6868784041233974,1
500,0.7170374327679386,0.05884666163130802,85.53219527817063,3.2175437348971653E9,0.8385415329091396,1
500,2.076374930817555,0.0880768368828465,91.77288439160252,5.252298826348066E9,1.041461298284009,5
500,1.0364984745443988,0.08863231926663215,92.0702820131417,3.3852731149899864E9,0.7194311904032024,1
500,0.00727608471233987,0.057987651572136895,47.704452817540066,3.6944061180122585E9,1.9368081324650341,8
500,1.7390459169458028,0.08862881238469474,91.65303939198812,4.427176842287614E9,0.9354779325908579,4
500,0.9772954980505044,0.05749950288501792,47.77648177267625,4.369392959884674E9,1.3844503013129126,4
500,0.16892419601684633,0.05614621108931176,46.7619460391475,3.5712137836927648E9,1.7789467976728037,4
500,0.6979462686213018,0.06806334181444497,87.54928500741897,3.256152979905937E9,0.7752231598893562,2
500,0.7287126294787238,0.062017020904887456,92.4132725744022,3.236726333267072E9,0.7899107245384828,3
500,0.7031293560045759,0.06630115789033893,100.0,3.306250975512264E9,0.7396898034653965,1
500,0.7251226571546201,0.06278571818265082,92.61131321917627,3.2429398392684107E9,0.7846273874786237,3
500,0.7127677360519087,0.0667712021611354,94.89970577198139,3.2773709553257155E9,0.7528264673677648,1
500,0.7128406670815659,0.05909462900409961,100.0,3.2506052467022147E9,0.7769932116650323,1
500,0.7029890298086267,0.067176560484563,94.87129279125888,3.281983529999611E9,0.7510631822386351,3
500,0.696918143664716,0.0675551552499723,92.55807436272558,3.2758339104049287E9,0.7613899193168305,1
500,0.732218575516334,0.06172452544098356,88.34539706782328,3.2261829204926343E9,0.8072326078069961,1
