evolution$generation,alpha,beta,tsteps,popfit,indicsfit,evolution$samples
200,2.6741682024239988,0.06486959541595183,94.87129279125888,1.7186100847930428E10,2.018134709184289,7
200,0.49393456080636916,0.1,36.83332381033282,3.237297852603656E9,1.0776382319802575,1
200,0.7029890298086267,0.067176560484563,94.87129279125888,3.281978236061685E9,0.7510631822386351,1
200,0.16892419601684633,0.05614621108931176,46.7619460391475,3.5721123412754436E9,1.7790169555129234,3
200,1.7390459169458028,0.08862881238469474,91.65303939198812,4.427176842287614E9,0.9354779325908579,4
