evolution$generation,alpha,beta,tsteps,popfit,indicsfit,evolution$samples
400,8.055499128656956,0.020649274623352223,46.31934574226403,3485076.0715698376,1.0655741371322525,9
