evolution$generation,alpha,beta,tsteps,popfit,indicsfit,evolution$samples
100,3.298996604805098,0.06399513793853535,37.61205962349816,8.588475276005875E9,0.19738583662650538,2
100,1.9611408391965999,0.0359561552502745,32.890119474908495,5.593530317017818E9,0.4493556866757503,2
100,1.6290178320364266,0.034115868276577,34.111462333452856,5.595009749930299E9,0.42320764535606314,2
100,7.096738684631536,0.09757079372904343,90.52126834691522,5.007401428340813E9,1.8598735021341735,4
100,1.089764652347023,0.053852483650486394,40.7919433408458,8.501218786635179E9,0.13786230114325398,1
100,1.681883614163223,0.03410020853957354,30.662384471853656,5.314070649416744E9,0.5043691153653568,1
100,0.0,0.1,94.53094844408531,4.962809138697954E9,1.6041852884719887,1
100,1.457190156998226,0.05516916356038302,47.736511422099774,9.290484432774506E9,0.13362796810366956,1
