evolution$generation,alpha,beta,tsteps,popfit,indicsfit,evolution$samples
100,7.712678735147014,0.02047142198374652,89.26544963947289,8.155182433969237E8,1.5232541701175397,4
100,7.644497566822195,0.012291249727006105,23.371820531608716,8.155182433969237E8,1.5232541701175397,4
