evolution$generation,alpha,beta,tsteps,popfit,indicsfit,evolution$samples
100,0.5808921047974169,0.07551696451609556,33.51650052199537,5.750981268075237E8,0.7416697306723896,2
100,0.7815460239581706,0.03996883180954976,29.238092829788016,2.9745581769889E8,1.423491599985394,3
100,1.5344110251056087,0.0893090148360847,25.407469125016263,4.578439647952552E8,1.3172995750068137,2
100,1.5756447698323583,0.012451249929397236,80.65108209608287,1.930231481982915E8,1.7925011532893877,3
100,0.49748393821682946,0.032371318408900576,99.34525854380679,6.600269028854835E8,0.6691565246505673,2
100,1.4191450175263745,0.07554788729586846,34.71288402851148,5.104319069230911E8,1.2253667784978537,1
100,0.5808921047974169,0.07551696451609556,33.516494087382604,5.750062968642771E8,0.7526700124524973,1
100,1.2026806192749981,0.05080593778004401,47.15332947174257,4.809216969806526E8,1.2407728535778457,1
100,1.5201526602661517,0.0847307710436774,25.422547161781907,4.398133574884609E8,1.3422833065459945,2
100,1.2911558486094532,0.09212948547879463,25.361530505214,4.718363763679888E8,1.2617689022722753,1
100,0.7722378795695555,0.0392807876893897,29.22609512084453,2.945327109223825E8,1.421374422789142,1
100,0.7815468031282464,0.039968831809549764,29.238092829788016,2.979215342971586E8,1.4167024422388592,2
100,0.48370033126482076,0.03690367273107925,100.0,7.014795375505615E8,0.6674563328602057,1
100,0.5934324328720832,0.07658282943307054,35.59880197314245,5.978916389985238E8,0.7315166508820018,1
100,1.4062228848663274,0.08404909931581322,25.055163002925386,4.361540971054E8,1.3284000726560992,1
100,0.5431257535096367,0.1,100.0,9.564475303793135E8,0.5614503694692079,1
100,1.3747699405638614,0.08395505268282231,27.13113404471509,4.60818440922936E8,1.288458179177813,1
100,1.3058026792502806,0.09242260168771398,29.15765139743758,5.2387082771663404E8,1.1876464931641535,1
