evolution$generation,alpha,beta,tsteps,popfit,indicsfit,evolution$samples
500,2.069402859877696,0.008894466480353214,18.092864273444366,4.8368668140338816E7,0.9141866234987228,6
500,0.887258545753399,0.003187043871621494,3.962033328809197,4.8368668140338816E7,0.9141866234987228,6
