evolution$generation,alpha,beta,tsteps,popfit,indicsfit,evolution$samples
100,7.970111111236844,0.07082917858937121,75.21193956051786,2.5995960788156166E10,1.89400543181541,3
100,1.1222195089376032,0.03064625533229778,30.977516916134157,3.3600101911940985E9,0.9459852056035822,1
100,1.3131819279400014,0.031655009690050175,17.200431213116005,3.4625311439738846E9,1.224594923030492,2
100,0.38527765160504446,0.03433569454903126,36.39378195006217,3.7393762775007973E9,1.0410217389988863,2
100,0.44296112939374577,0.1,55.862754451788625,7.259204069883589E9,0.811386923277712,2
100,0.0,0.03168138138659118,12.809227954093439,3.117714566506948E9,1.6633524644447846,1
100,0.0,0.01629305505876877,7.75991998709286,2.863691104788787E9,1.8455750256887329,1
100,2.0858913877273215,0.06842672655978474,28.1012803368579,4.601405628518224E9,0.8251128392979702,1
100,0.5314393371294467,0.1,55.10295438506125,7.00084556606975E9,0.7176399086695673,1
100,0.4496616849509426,0.03964669120624703,34.87473845995611,3.8242966665313535E9,0.9370633350084918,1
