evolution$generation,alpha,beta,tsteps,popfit,indicsfit,evolution$samples
800,0.6121007649468564,0.09921584427976408,99.88077882146571,3.978017669605798E10,0.46716573748781154,1
800,0.7322135302333019,0.09874313616376379,99.7610750709626,3.989775310968234E10,0.4620489461161581,1
800,1.043794651101131,0.0888685358586384,100.0,4.152528618626481E10,0.6969540554530241,7
800,0.43950359285531937,0.07311219722693074,70.00971926542319,4.0618700091755974E10,0.8866297631937301,7
800,0.5849488720005549,0.0959143225843883,71.23607711056425,4.018804859609723E10,0.5308147970166942,2
800,0.6479871032173921,0.07150434219596358,99.87747298399927,4.0238405959600815E10,0.49629584718126807,5
800,0.5934573219449021,0.09539376944308608,71.06552271006628,4.021715905216764E10,0.5237762665213219,2
800,0.5644707183067034,0.1,99.99947719527279,3.982674457764921E10,0.5335693592563975,3
