evolution$generation,alpha,beta,tsteps,popfit,indicsfit,evolution$samples
400,0.5644707183067034,0.1,99.99947719527279,3.983929077693521E10,0.5284444753099472,1
400,1.622649222050676,0.05447651542269059,97.38037335385374,5.804954383210924E10,1.376635532779288,4
400,0.3541069056185453,0.04638247210383908,47.14093286480519,4.277400984560048E10,1.5064680000933344,3
400,0.0,0.053846286022241,98.72358660464053,4.157677878526086E10,1.6332577557398973,3
400,1.4296285495867558,0.09788578271857203,99.57083338540708,4.504804476845589E10,0.7179708784942334,2
400,1.495166973442309,0.09992133396397472,100.0,4.569667120056477E10,0.7101204982509056,3
400,1.4330042178706428,0.09795624638066125,99.57498387821155,4.5063896327254745E10,0.7171925963982342,2
400,0.4316622824832923,0.1,67.83666499701764,4.0311537717903564E10,0.8364352081794405,2
