evolution$generation,alpha,beta,tsteps,popfit,indicsfit,evolution$samples
100,0.48508275578491356,6.001286643749993E-4,98.02272376784943,7.301259356532502E7,2.079744791683109,5
100,3.3575383614347354,0.034842471303109315,68.42320092913567,7.301259356532502E7,2.079744791683109,5
