evolution$generation,alpha,beta,tsteps,popfit,indicsfit,evolution$samples
600,0.48508275578491356,6.001286643749993E-4,98.02272376784943,7.301259356532502E7,2.079744791683109,11
