evolution$generation,alpha,beta,tsteps,popfit,indicsfit,evolution$samples
100,1.875143184249759,0.06212371541228219,74.5890910159548,2.581815444576112E10,0.9192107827654457,4
100,0.4188722874937545,0.06547973059111234,47.642995599160386,4.915619685512531E9,1.629597862479626,2
100,0.4794344068734843,0.061642012940068464,74.36429931732397,4.992415455889654E9,1.4575449736834227,1
100,0.6220927211693086,0.07824018566302371,85.6706895254008,5.08574310937901E9,1.1202834916865174,1
100,1.6918529840739902,0.06682559602517345,88.87262968537583,1.5305211802305496E10,0.49776053026619715,1
100,0.7900192361143745,0.06672113548855385,76.74145356735119,5.450068973814388E9,0.6019388806856227,1
