evolution$generation,alpha,beta,tsteps,popfit,indicsfit,evolution$samples
100,4.051779193729481,0.007821578719252242,10.003084177139787,4.274140666410939E8,2.244122694230268,4
