evolution$generation,alpha,beta,tsteps,popfit,indicsfit,evolution$samples
200,0.6792848457977587,0.07410316666001707,45.818459569578785,1.254123462370343E10,0.7460020923449101,1
200,1.1129646854040547,0.0683509129947265,3.766794534387596,3.7952817019576554E9,2.8140178746802897,3
200,2.950929648304015,0.021776472620992717,14.467537000510278,5.3697532867440466E11,5.033062675512799,4
200,0.8179476933412883,0.0620351917893512,19.775776582453606,5.701455556674715E9,1.7688654607398586,2
200,0.7479157767087834,0.07209756139961279,43.039584564049974,1.1564777198383327E10,0.9287713344606455,3
200,0.4653232181285654,0.062161146831352515,17.755285757219347,6.40019756156769E9,1.028721242810976,1
200,0.0,0.0895677706354682,100.0,5.342374216270546E9,1.7141198146968892,1
200,0.7286904667520712,0.07443026220501757,44.44333908027536,1.2191868110402094E10,0.8368035169002628,1
200,1.0717718657644424,0.07358243114545386,3.56974629105082,3.850805115967553E9,2.7689852356457503,3
200,1.1826076673686803,0.06841156376196207,5.528139669601118,4.337902763786957E9,2.6776279899674824,2
200,0.0,0.0675023310770285,1.0,5.009264786914777E9,2.057850375731277,1
200,1.162704220727367,0.06997252245295715,7.079939965279125,4.587801766077393E9,2.522878480241699,1
200,0.4479595594406388,0.04118529715613948,80.51706130562057,1.3575476228002253E10,0.8914367607801178,2
