evolution$generation,alpha,beta,tsteps,popfit,indicsfit,evolution$samples
200,8.964804985648225,0.01550937614159269,81.7529002660463,1.7818920490905702E8,2.911245374869744,4
