evolution$generation,alpha,beta,tsteps,popfit,indicsfit,evolution$samples
200,1.8856177584991918,0.07063480895779421,78.02597205236492,1.962871849659258E9,0.3613720138878765,5
200,1.3468643615083031,0.049461535443304894,82.81426759299657,1.7385982830626242E9,0.33736804672448145,1
200,0.46818863836526,0.0,67.16682645787353,1.281896888000579E8,1.3478066815760803,1
200,2.3551504475431155,0.025787081322373548,53.17588242211355,6.918869891507993E8,1.0096814028908483,1
200,2.2781390564475337,0.0660628893417745,67.40963879973427,1.605334533347138E9,0.3774307299989944,1
200,1.4915686228796186,0.028730319649859278,78.99586877816772,1.073006185097533E9,0.44236831148297767,1
200,1.6022234803201971,0.04774174438164811,82.18323208626705,1.6282546492878938E9,0.34200239081820205,1
200,2.9409292026797287,0.058385456370574296,74.64307979133787,1.37354577677814E9,0.4769174169829816,2
200,2.38766229954242,0.06350052476412658,78.45415906315073,1.7125410720328078E9,0.3773465405769142,3
200,1.5598691714906554,0.04818969254438404,86.00288676510027,1.6974232087308388E9,0.33838868463619204,1
200,2.384157510076266,0.02518484355985401,53.817562286123106,7.263966261487073E8,1.036523330268738,3
200,2.5489616831302597,0.06631072708775256,67.44151470816637,1.526255250119471E9,0.4058389417810132,1
200,1.216604066794518,0.045568867259597926,82.4026910497929,1.6806381577365184E9,0.33896492052575267,1
200,2.3329940286377187,0.028088284512465533,67.23397922453415,7.293997514122742E8,0.7673449485258211,1
200,2.4141811437585607,0.028796670822229305,80.12990227989009,8.499207299541503E8,0.6691583787825852,1
200,2.281843821485941,0.028166118947608357,67.46014389518885,7.335266807864501E8,0.7354796123786517,4
200,1.7089193490594234,0.07045359621582957,75.48665503169173,1.9611150224935799E9,0.35666662581264585,2
