evolution$generation,alpha,beta,tsteps,popfit,indicsfit,evolution$samples
1000,1.977933413349311,0.08526091168874582,17.667247488971995,1.025494706359626E10,1.8640840571210766,10
