evolution$generation,alpha,beta,tsteps,popfit,indicsfit,evolution$samples
800,7.605217227225732,0.087530043233431,67.75401927822355,1.0584038386122556E9,1.1023336145141713,9
