evolution$generation,alpha,beta,tsteps,popfit,indicsfit,evolution$samples
100,9.806394503732934,0.007658659285385361,64.11373111691938,1.0584038386122556E9,1.1023336145141713,4
