evolution$generation,alpha,beta,tsteps,popfit,indicsfit,evolution$samples
100,1.0076508543326712,0.07676917115149483,90.88361182904887,7.554854052759525E8,0.30086269609593935,1
100,0.8105936682932967,0.006322649105581846,92.35844751866942,4.296148643921255E8,0.9109916014681425,3
100,0.9079878876109488,0.05729223163774721,91.23572731189952,6.936223066296802E8,0.3657475618337114,1
100,0.8096117597499197,0.026089562832623148,92.41265955682049,5.47437659895204E8,0.5514937975168537,2
100,0.8085135176320141,0.02648492454070412,90.84571494981861,5.471680000117412E8,0.5606496009428777,1
100,0.7344573596736217,0.03343866211163845,32.68078360397063,4.784575792619511E8,0.7257221005314394,1
