evolution$generation,alpha,beta,tsteps,popfit,indicsfit,evolution$samples
200,9.016164170669892,0.0962491509927138,62.396605662845374,3.239626697349865E10,0.7231780080147321,6
200,0.6512994271966156,0.03322509537468592,26.76071045722469,2.1362579320545979E9,0.011322954504657503,2
200,0.21707116026944848,0.0016618431283522903,33.35896847660922,1.4703879801360173E9,0.6350121803534391,1
200,0.7712057586079035,0.00881386051888389,33.12196621929614,1.7339063814702363E9,0.3377254896111297,4
200,0.6905599317853146,0.03184736597743313,24.842393367246885,2.0408276938986104E9,0.028928157715572746,1
200,0.6830243875218986,0.018883586810080007,28.495559327705028,1.602695654959455E9,0.06232740326150553,1
200,0.5954785126943806,0.03612698628193425,25.302485342897995,2.244533605276292E9,0.029541795938066294,3
