evolution$generation,alpha,beta,tsteps,popfit,indicsfit,evolution$samples
100,1.5947707522063181,0.06369074095647909,74.45168365680844,2.1995765732889833E9,0.6721338446541085,3
100,1.1285445149544149,0.046625740242452834,49.98335528915654,1.2978507578773847E9,0.7362861391035886,4
100,1.5947711169003365,0.0636907409564791,74.45165800440564,2.1963029935844436E9,0.6715306006478572,2
100,1.834111857639105,0.0975130876072287,100.0,2.805024449722557E9,0.5954384482273609,1
100,1.5816951809273947,0.0593389034164058,78.4065906365958,2.165179293723518E9,0.6731840646282051,1
100,1.0823299115211364,0.03529701294917932,53.977812779492254,1.1074286771674647E9,0.7509087152270709,1
100,1.3244730215326315,0.1,80.03906493215759,2.335458460312632E9,0.6299792902763228,1
100,1.5695502764083265,0.06349268079905941,74.98231648944198,2.1796982125013285E9,0.6698148009100643,1
