evolution$generation,alpha,beta,tsteps,popfit,indicsfit,evolution$samples
100,7.474124608843611,0.05015293048772434,17.130612804347233,2.2628633232227192E10,4.248764906525613,3
100,9.135906536093703,0.0709045372053717,40.0751219106092,2.2628633232227192E10,4.248764906525613,3
100,1.2505877857004832,0.0657250454145836,63.37928316857539,2.2628633232227192E10,4.248764906525613,3
100,2.5105685382380596,0.09081255863660764,61.0379345147589,2.2628633232227192E10,4.248764906525613,3
100,0.4714086867469952,0.001071488540983681,61.17952731533243,2.2628633232227192E10,4.248764906525613,3
100,2.74704642013956,0.09966249041205794,1.0,2.2628633232227192E10,4.248764906525613,3
100,9.28444785927325,0.07689946408543086,40.71913550516218,2.2628633232227192E10,4.248764906525613,3
