evolution$generation,alpha,beta,tsteps,popfit,indicsfit,evolution$samples
200,0.6566921920504144,0.1,27.750846599258434,3.822073336947627E9,0.04552273627889509,1
200,0.8831887567430243,0.05303562209398165,13.392514736328994,1.255460653736996E9,0.5731707871943611,1
200,2.01771089097168,0.07033486260057449,77.61713335758438,3.754513787948483E9,0.3129155391847617,5
200,0.9570595779029458,0.0563692833584049,17.40556488696077,1.407551932920372E9,0.502130738532445,1
200,0.3607345265200321,0.002418378046394129,55.59643920349484,1.6304249642611246E9,0.5996614968748843,5
200,1.7750333392004873,0.030095617054320373,75.24635084823555,2.0302816148869882E9,0.4833897602706628,2
200,0.8889921931416672,0.07172668508595743,17.01591418764337,1.7477787572615206E9,0.33651664563228856,1
200,0.6592647926371065,0.06862131000042557,29.4170740719959,3.071860448059787E9,0.04688714336878208,1
200,2.0580849540624016,0.035182682888662616,56.938178203494324,1.8808651349883766E9,0.5642380954914451,2
200,0.8885493659152144,0.05690711388635814,35.34223018561777,2.5629867440999713E9,0.19752846519916903,1
200,1.7704054501394118,0.02841925782467454,94.14086074731372,2.284677160463171E9,0.4330933679859426,2
200,0.6595678219801372,0.0687879965038286,26.143478421617996,2.8637660384437675E9,0.05222358817326241,2
200,1.5405362136699052,0.03157396335656585,87.63764164677099,2.4965152024707384E9,0.3891412530093955,2
200,0.45431931291380234,0.06788405282251804,32.35378165212984,3.75948558788144E9,0.1637364325773828,3
