evolution$generation,alpha,beta,tsteps,popfit,indicsfit,evolution$samples
200,0.890575354335287,0.012823720275931972,81.93803894528402,1.466870164027205E10,0.9619267961351915,1
200,0.0,0.022981920265004202,1.0,8.650340019105734E9,1.5407877102109655,1
200,0.04000629884783568,0.0,86.36158241714705,8.960648463819662E9,1.6420059915916487,2
200,7.880131508275778,0.06757674822794661,92.47621144460122,2.145083439703958E10,1.2001259379391223,4
200,0.8250114776489006,0.01180566807430538,100.0,1.7824177804087395E10,0.9777590505690539,2
200,0.8644503360520377,0.009297111669797456,81.48289282126767,1.0745786945269625E10,1.0163673955660102,1
200,0.8266558842607297,0.00979476513961397,81.46107315048428,1.122160332804437E10,1.0022069481188403,3
200,0.9307418558109535,0.008107321996773047,81.26934983071949,9.965553870312946E9,1.0702427700426336,2
200,0.9219388961065089,0.008893908672878249,81.32602025055613,1.0358827807101933E10,1.0375684398783114,1
200,0.2870052908184746,0.04540987903306454,8.509983045741079,8.858571477695797E9,1.2057706769487702,1
200,0.9149866015078538,0.007371487846518037,80.11347478305355,9.731289580275711E9,1.104341025218284,1
200,0.9106248844875557,0.006840602974345242,80.73445769957647,9.680917831817278E9,1.1292873851650298,1
200,0.0,0.08364229744686302,88.2462585472134,9.057028696972355E9,1.4155244149337975,2
200,0.9210427545610123,0.06115659241110503,8.61682000322171,9.562365119274246E9,1.1416885171701283,2
200,1.1656909650788738,0.012034387060405598,81.29927703143026,1.2005522042963348E10,0.9900730349688981,1
200,0.9210427545610124,0.06115659241110503,8.61682000322171,9.544298797946102E9,1.1418996241354107,2
200,0.0,0.02272293958303221,1.0,8.651516623476088E9,1.5399521883642755,1
