evolution$generation,alpha,beta,tsteps,popfit,indicsfit,evolution$samples
400,6.862352954687245,0.04820630073327628,40.30393173521076,1.2352309226925974E8,0.6839362589397537,6
