evolution$generation,alpha,beta,tsteps,popfit,indicsfit,evolution$samples
200,5.81746565727946,0.06227514388251343,79.83191532199811,1.2352309226925974E8,0.6839362589397537,4
200,9.549247078540365,0.03141946946861889,9.966580769396495,1.2352309226925974E8,0.6839362589397537,4
