evolution$generation,alpha,beta,tsteps,popfit,indicsfit,evolution$samples
100,8.620894717276453,0.06414701335823259,83.91644635129335,3.6731484874475235E10,1.3127977606362164,3
100,1.1091252833708287,0.04867491780829112,71.42702613097184,6.476807950480161E9,0.35082209814671567,1
100,0.8949631247534323,0.02925456377498319,52.91949297772547,4.111116276584589E9,0.6352663681209707,2
100,0.9055607955005005,0.0324783951362933,53.27229475018921,4.482093405828039E9,0.5759894062610078,2
100,0.8916422918277402,0.01650383785719879,62.09695146334292,2.861556661183774E9,0.9225241359832309,1
100,0.6890043332946354,0.026078928162517445,39.376978038293196,3.424079979747185E9,0.5644199570618038,1
100,1.092798165198828,0.049347724882351195,77.1277341971003,6.762909485494142E9,0.31416047936174074,1
100,0.9230095878575253,0.041701284900658324,53.45832470594301,5.297134240294851E9,0.4500438832638021,1
100,0.869210304041347,0.01594489343582769,62.09532472286669,2.821604815376062E9,0.9248348395462205,1
100,0.6895495595471437,0.008179950741811815,39.43521118790142,1.7290479134300082E9,1.1468949560116877,1
100,0.9206899785107845,0.04067594335611026,53.60474254089818,5.228026532611963E9,0.46205894580092355,1
100,0.9940862423333732,0.041630283195472205,52.47902714720477,5.133751065488048E9,0.5093327088045266,1
