evolution$generation,alpha,beta,tsteps,popfit,indicsfit,evolution$samples
200,1.092798165198828,0.049347724882351195,77.1277341971003,6.775199730832076E9,0.31129437826530926,3
200,0.6843115249515261,0.00579347320856748,39.538126772229276,1.5988859133995986E9,1.2976950017683104,1
200,0.9208596350535613,0.04535221906811727,57.49788119178935,5.851062201919354E9,0.37858668647248644,1
200,1.1091252833708287,0.04867491780829112,71.42702613097184,6.478502596067519E9,0.3502755789970299,2
200,0.992877132701546,0.02838293736017621,51.482108062892145,3.7210800994578886E9,0.7788427569433193,2
200,0.9055607955005005,0.0324783951362933,53.27229475018921,4.482093405828039E9,0.5759894062610078,2
200,0.869210304041347,0.01594489343582769,62.09532472286669,2.821815755335636E9,0.924431484040074,2
200,0.8513742909761829,0.03598189147468266,61.03103322197539,5.393583508420736E9,0.41038032592950174,1
200,0.8960272705944894,0.03324349426082734,54.64353937296727,4.612739331163216E9,0.5384401391131628,1
200,0.6895495595471437,0.008179950741811815,39.43521118790142,1.7290479134300082E9,1.1468949560116877,1
200,0.8920917805870892,0.017306575424876295,62.60718231420768,3.01655673627417E9,0.8966645970505237,1
200,0.9230095878575253,0.041701284900658324,53.45832470594301,5.316812273865528E9,0.450927831237668,3
200,0.9206899785107845,0.04067594335611026,53.60474254089818,5.236444636353049E9,0.4578894926873388,2
200,0.923634603211444,0.040116405268320235,51.40594032763041,5.01630699717523E9,0.49065123564488244,1
200,0.8916422918277402,0.01650383785719879,62.09695146334292,2.861556661183774E9,0.9225241359832309,1
200,1.1241630308385633,0.048752145882608816,71.20837431492717,6.464179745554879E9,0.35686632528594897,1
200,0.9940862423333732,0.041630283195472205,52.47902714720477,5.1381672644603195E9,0.5052071322688904,2
200,0.8806859669552578,0.03480074915928333,61.5433692457512,5.269544715696724E9,0.43861027489521104,1
200,1.084408830927799,0.04886682590828826,77.33307736304843,6.766824643749277E9,0.3118277215578025,1
200,0.8949631247534323,0.02925456377498319,52.91949297772547,4.111116276584589E9,0.6352663681209707,2
200,0.6890043332946354,0.026078928162517445,39.376978038293196,3.424079979747185E9,0.5644199570618038,1
