evolution$generation,alpha,beta,tsteps,popfit,indicsfit,evolution$samples
200,0.8474294765021639,0.021713020846490738,9.087907581363897,3.0958357295999604E8,2.177484554468312,1
200,3.1351912598953966,0.03283616798290944,87.21627513960938,5.331925197996192E9,1.1165465063646476,1
200,7.412870117168078,0.06777311928648704,90.24212092964146,3.532198545167218E8,2.5582068106413844,4
200,2.539775403291531,0.09778986464906242,17.65106739285152,2.79104312656816E9,1.3472528849237413,2
200,1.0771724298134064,0.016357260450571103,67.180397105167,1.533016174467342E9,1.449823697863068,1
200,2.2830005633868566,0.1,13.914425684687625,2.1642604741673894E9,1.437038861966476,1
200,0.8788530564914167,0.013999388259176376,67.09855683096485,1.2609209302104127E9,1.5020673761399175,1
200,1.1792653166440494,0.01193301504710504,66.16854829282707,8.812902414309185E8,1.6696590863029022,3
200,2.5384225898732526,0.1,15.443702998737711,2.4632059385962396E9,1.4112624337937902,1
200,0.9640541073039506,0.006062992988202059,71.52277834739476,4.221066331894596E8,1.928064382145278,1
200,2.1460404296255398,0.024631420447315634,15.276219363266973,7.741200955179603E8,2.13065200733893,3
200,0.882089409563721,0.01245972746957942,66.39236962348046,1.0275825617315856E9,1.5752903863924776,3
200,0.0,0.003942936972481876,65.8211357740487,5.638973643351394E8,1.8580173129936113,1
200,1.1508430924598918,0.008700309384696308,78.48629355021173,7.127953004969414E8,1.7473521639217664,1
200,0.8490832904579813,0.021393782486109143,7.002844732903812,3.331054742642784E8,2.2407895216980025,2
200,0.7476168172066762,0.014475035499497847,54.99069801101218,1.0303168382431791E9,1.55805934988482,1
200,0.9316967793416686,0.008340314213781896,67.6453247300004,5.702688277226322E8,1.7934199926367633,1
200,3.071166070978322,0.07559473568591579,71.20914064457332,3.562288606130252E8,2.5349333536126446,4
200,1.0517225073251273,0.0036709104357592645,69.87948314161218,3.620634262661824E8,2.165570431900291,1
200,0.21419339594654696,0.08187279623696649,57.23571012155098,3.618726107406103E8,2.503574270155229,3
200,7.681846072071988,0.06503121649946213,91.49122534017094,3.516578646874039E8,2.566653911157373,4
