evolution$generation,alpha,beta,tsteps,popfit,indicsfit,evolution$samples
200,0.1395035769832982,0.0011648197042566034,79.94493592961979,9.032522707137021E8,2.0340402885471467,1
200,1.1535044135088013,0.04668683776813654,53.627361110529314,5.967350729507731E9,0.3881841396728358,1
200,1.3152346270047501,0.02624281629252505,100.0,7.3337855726772E9,0.5307702216359115,4
200,1.157535736916583,0.047253207745006715,53.53350190483953,5.843451175556451E9,0.39232298467011123,1
200,0.5342945661013493,0.025313759162312523,46.26852521185447,1.5740253628524728E9,0.8569432665593296,1
200,0.7161100424302169,0.04727044782523203,57.57113785873736,2.711022980496835E9,0.39600139851337274,1
200,0.5532819642746182,0.027296163645548717,50.980799261128325,1.7201370897490606E9,0.7793101442521929,1
200,0.6978303584085889,0.0469151292471402,55.671255920566814,2.6306035041707506E9,0.4213691846925728,2
200,0.6501821152941745,0.026872651226966533,49.5753653905968,1.9797859236939485E9,0.5706500614675768,1
200,0.5382815106374119,0.027344807721335643,46.11791032655193,1.6314661117676976E9,0.8218086546641252,1
200,0.5407236386820662,0.027291675147327027,50.3117699011126,1.7317039518218818E9,0.8173747494275279,3
200,0.518745700586898,0.027430962828429523,46.257289890373144,1.6464830331395292E9,0.8806723166237221,2
200,0.5521973033027054,0.02735311931332119,50.2957419586795,1.7564560367818367E9,0.7791386837536214,2
200,0.5872471672591424,0.02714124285567244,44.63589776157151,1.7472458193904328E9,0.7214563634158587,1
200,0.5521973033027054,0.02735311931332119,46.11405053228488,1.64719829888224E9,0.7949018740196722,1
