evolution$generation,alpha,beta,tsteps,popfit,indicsfit,evolution$samples
100,1.7045125742353529,0.0746974116216359,74.61402231662497,6.851027816406959E9,0.44296716687698345,3
100,1.5589052560368843,0.06679503712535666,68.31118506430944,6.282413704867235E9,0.4624554859809583,2
100,1.5522273601948777,0.03933306515451789,44.915122398948704,3.9984765921495547E9,0.7839246761185239,1
100,2.1393440972031574,0.014000788683261246,34.43952423652698,3.9639960991182365E9,1.5949952775391139,2
100,0.4878113384792204,0.02871114828039727,70.39828673953184,4.324307654630996E9,0.7771967060703304,1
100,9.196381180352937,0.08125513468480088,78.13374648488104,2.3180379341878276E9,2.2216521577075556,3
100,1.646689029242029,0.0745590206275427,72.25079215802663,6.767963221169702E9,0.4434058461892724,1
100,1.693030747161546,0.07459145109812008,68.29742656138625,6.604021508913093E9,0.45246138336673125,2
100,8.954505392166759,0.1,79.10452506734721,2.3046664386513815E9,2.1505564214830066,1
100,2.2114837858382193,0.018261119549625414,42.61830691263977,3.7380751118761945E9,1.3208341865676643,1
100,1.804649232397271,0.06085349451455335,52.70451867032374,5.456577742382283E9,0.5692895685309696,1
100,1.6737816309819433,0.07379193435463692,71.81561768592111,6.717822096756639E9,0.44663152193597655,1
100,1.5518968205775583,0.06623458688321118,68.36178910102228,6.267586437800279E9,0.4635919537029512,1
100,0.3622513967554944,0.07410194622484585,100.0,2.302205358295714E9,2.239073502538676,1
100,0.2387725670867908,0.07307124179441875,100.0,2.302025592724213E9,2.2391920449584686,1
100,2.124760835817805,0.017817647991556256,42.67402012641705,3.630666463905467E9,1.3242890819992155,1
100,1.6404703907721816,0.07399150960309323,72.87431733073247,6.775513665105713E9,0.4430459609284173,1
100,0.3549237825182979,0.07416597414651956,100.0,2.3016281113396835E9,2.239882105567489,1
100,0.5865302918787084,0.031821112806277516,73.59371044375484,4.635608753475265E9,0.6478337792274708,1
