evolution$generation,alpha,beta,tsteps,popfit,indicsfit,evolution$samples
200,7.927329864038464,0.018394954899205597,26.58769425285734,7.245883268995294E7,1.9701287959882166,5
