evolution$generation,alpha,beta,tsteps,popfit,indicsfit,evolution$samples
100,3.4981539658872896,0.08665204579246669,54.23019847201775,2.4892034528953735E10,0.4976745458592561,2
100,1.598815502670814,0.03153172678933249,63.710673244580974,1.4676271911914944E10,0.6609754275579354,1
100,0.046116984934105876,0.02548122985957986,64.34326684045965,1.6635329031798386E10,0.9746053615160695,2
100,3.7755899170664375,0.08293510565852745,60.789192532648656,2.9713679093036366E10,0.8018165453743216,3
100,2.80652392534827,0.0525880375749662,20.798442489814413,2.073850003365248E10,1.7701242370753592,3
100,2.7364887571817387,0.02826900625408026,60.01058547673055,1.160880729927053E10,1.0078540104961904,1
100,1.2004609948184808,0.007210412040033164,12.119379182766247,5.474385570070728E8,2.064556219817202,2
100,2.956505202078001,0.08665204579246669,54.23019847201775,2.402197602987916E10,0.4558672806510133,1
100,3.2086306584419133,0.09247289734578365,44.28481487644221,2.2935749560350834E10,0.5092911254811102,1
100,2.6565972346672484,0.049148893369837535,57.57541105934923,1.788566532860032E10,0.5974684803634864,1
100,0.0,0.05769437875678418,67.0474414744864,1.5829307788401098E9,1.7266698075579785,1
100,0.8092930179857433,0.021271074153326176,64.34617013308738,1.200532849530502E10,0.7365332442942357,1
