evolution$generation,alpha,beta,tsteps,popfit,indicsfit,evolution$samples
200,0.15728625382991052,0.03169715874543745,5.925530397565179,7.5990459884567995E9,1.5704922575165357,1
200,0.8512761265313915,0.1,91.21236640602591,2.4971560142680683E10,0.6799891329406719,1
200,1.0233412802016446,0.03137101182629197,2.6698981346330033,1.2044669680368347E10,2.837986427454999,4
200,1.1927013014251027,0.03424874099393649,61.9186694983437,1.4143011679896816E10,1.3154422662540695,2
200,0.04161039318496873,0.03169704451594143,99.9040130638397,1.7377407518389107E10,1.0655164416732208,1
200,1.1753233277516562,0.02731693775592019,12.260025721411441,1.0113508651770514E10,2.3062303198337455,3
200,0.019709305930436096,0.09974182151860093,8.690570505345491,9.295733035665699E9,1.3239565208935824,1
200,1.2220700310956147,0.053399717606659625,76.13692932113361,1.8527595812502823E10,1.0225412793099788,1
200,0.5969099494583792,0.054881885711569114,77.95415741484597,1.8910965487233543E10,0.8848332424179185,1
200,0.36949777364975095,0.1,47.230897344064665,2.021977618945377E10,0.8539327494515723,1
200,1.126868869805373,0.05194558139066219,90.89918868840556,1.948208557108187E10,0.9484699323926743,2
200,0.7881298305918591,0.1,24.806180175714832,1.5231752885178621E10,1.137937414043594,1
200,1.0217259741200833,0.09380692551420201,39.179571083234215,1.7800992902836063E10,1.0289596126872362,1
200,0.33573695772603607,0.09744883512168548,45.7360090530471,1.9828871865817966E10,0.8763061563609426,3
200,1.126868869805373,0.05194558139066219,74.37536927751201,1.809582766492398E10,1.03043162124444,4
200,0.07962495851181875,0.030496649994967054,91.1311958559813,1.6331105198713255E10,1.0793629348907312,1
200,0.0,0.05113833505861744,45.99626292703065,1.6307220140386309E10,1.1124447472128782,2
200,1.1008150431610182,0.04275892784531676,86.28938579774926,1.7739559973533947E10,1.0482010252748117,1
200,1.3370015737276004,0.04969007022108182,69.773234636001,1.7710943569969975E10,1.1034820005560428,3
200,0.3616256393758265,0.09735178221103562,43.78988303697724,1.938776022060119E10,0.8798848506732996,1
200,0.3274101182305316,0.1,75.30901347321863,2.423267108571269E10,0.7635487088197322,1
200,0.9708080077077539,0.05383537909749236,80.66735409402158,1.879153013972052E10,0.9623553946680269,1
200,1.0408150303277743,0.053555971913396797,80.79408601423854,1.8785561261104645E10,0.973360792094107,1
