evolution$generation,alpha,beta,tsteps,popfit,indicsfit,evolution$samples
100,6.46486246093292,0.06290859799909303,69.50303888241658,9.075188787761528E9,2.004448178254833,4
100,1.0529457296904932,0.024740054717632964,41.9633816038258,5.358364205325602E8,0.7500058394341685,1
100,1.846898791417575,0.03333834626518446,94.77372861136354,1.3013234299263008E9,0.6128006468102968,2
100,1.8238467607497504,0.1,7.50139801782418,3.539102621917517E8,1.0024622970958825,1
100,1.7865800575537403,0.03399445596034216,100.0,1.3395263780952537E9,0.60185334968289,2
100,1.3424996045679691,0.025485954116563556,23.409415227764644,2.085394521731157E8,1.0264233767335789,1
100,1.0691289991631967,0.01863465918100276,42.32997245906115,3.7371440403799915E8,0.8527419100776487,1
100,1.7868254793148208,0.030586262548411555,92.20869543857346,1.2062895635136085E9,0.6157729370050398,2
100,0.9063954769600208,0.0,37.631559581788416,2.4372653120776854E7,1.4025171690324243,1
100,1.293367064378947,0.03525106237526084,95.96659775129761,1.3636779054011307E9,0.5755901809871226,1
100,1.657705183684659,0.032845092143844734,100.0,1.3030294054231055E9,0.5904888535202298,1
