evolution$generation,alpha,beta,tsteps,popfit,indicsfit,evolution$samples
300,0.6803782949250387,0.06635152843459018,59.43577065970667,2.8975014274230026E10,0.30852013883821006,1
300,0.3599078699321996,0.04802549661174495,15.479333910519074,8.302638956983217E9,1.3666171740560356,1
300,0.4591832489724982,0.06580111631727334,44.453313914123115,2.298425210723964E10,0.928407356161765,1
300,0.5949245824986977,0.06500855090387163,54.37349217312657,2.489549427958726E10,0.4582260488960848,1
300,0.22571806954513968,0.04941284282595301,15.908454462579844,9.150675011847721E9,1.7445499443576342,3
300,0.6457204137106686,0.06695803500615548,58.5740265950131,2.737179073914444E10,0.33062002413622094,2
300,0.6822396138146944,0.06627096664787407,59.304248810091366,2.8677516570117516E10,0.3159980657618754,1
300,1.2393604170463446,0.06164095521159168,27.204431488740763,7.651270655483319E10,3.9072409045809455,4
300,0.5848346958498879,0.06228798808914702,52.610186592141744,2.3589639846884087E10,0.5345018264498552,1
300,0.7083391985953631,0.06691652998955845,59.00248873112993,3.004468813147572E10,0.3468357819267947,3
300,0.5888070596223126,0.06673095536440608,48.533302439279964,2.369177018488229E10,0.48138734767835994,1
300,0.6780686200246565,0.06631420475530296,58.728709839723194,2.8727402708611244E10,0.3102894741602076,1
300,0.5839089120162902,0.06201864409174379,52.59924254708266,2.3637847637130604E10,0.5053596701362518,2
300,0.6716007958045783,0.06634706888671851,58.722298797273304,2.786088346171386E10,0.32091953679643687,1
