evolution$generation,alpha,beta,tsteps,popfit,indicsfit,evolution$samples
100,0.3499803516531963,0.029872837664809637,84.41196693348485,1.7678023290003586E11,1.0591969860117274,4
100,0.7584724987265012,0.0013069975122811162,6.8786738294234935,3.583639406669887E10,2.5916075530355993,4
100,1.5368584065977564,0.04202435617624663,39.06369831899643,1.4120162383963898E11,1.222824638538956,1
100,0.22106053269721238,0.011542227452302569,9.615751756880389,4.845688234245441E10,1.6435543946414208,2
100,0.6153791380054794,0.03157366242865497,86.03497800056387,1.726046723824417E11,0.8323817560715048,2
100,0.732918555031338,0.0054401448339213435,6.325236547888164,3.5808531559242744E10,2.2454299879753576,1
100,0.6256053593246436,0.03499044400539636,86.17365292042699,1.8025237072576007E11,0.8123120730512275,1
100,0.2830305741884021,0.05492221433958926,17.147220254974265,1.056160372378353E11,1.274366827696358,1
100,1.4626313647001639,0.029772433639093255,84.29113390461357,1.700502057861138E11,1.032924706060642,1
100,0.7526079070096748,0.0,17.270673755967984,3.588034578301153E10,1.5484804033738657,1
