evolution$generation,alpha,beta,tsteps,popfit,indicsfit,evolution$samples
700,8.663979658898345,0.09892428614920397,80.71538134094263,4.946382262107642E9,3.1062510286981695,6
700,1.5119710630147207,0.026410479979054432,37.0975338101435,4.946382262107642E9,3.1062510286981695,6
700,9.865516396650237,0.03321369028900447,9.85040312580451,4.946382262107642E9,3.1062510286981695,6
700,7.165050615561155,0.014959639705137074,34.59265720825316,4.946382262107642E9,3.1062510286981695,6
700,0.0,0.009852951665781429,100.0,4.946382262107642E9,3.1062510286981695,6
700,0.046741994578618495,0.05257602679032883,26.27547890471776,4.946382262107642E9,3.1062510286981695,6
700,7.8710241354180415,0.09347905476748364,33.011304361879745,4.946382262107642E9,3.1062510286981695,6
700,4.967152524996835,0.09245699636282785,98.43441119038506,4.946382262107642E9,3.1062510286981695,6
700,8.208184187370634,0.03242162394781941,9.779282878457918,4.946382262107642E9,3.1062510286981695,6
