evolution$generation,alpha,beta,tsteps,popfit,indicsfit,evolution$samples
1000,7.165050615561155,0.014959639705137074,34.59265720825316,4.946382262107642E9,3.1062510286981695,8
1000,9.865516396650237,0.03321369028900447,9.85040312580451,4.946382262107642E9,3.1062510286981695,8
