evolution$generation,alpha,beta,tsteps,popfit,indicsfit,evolution$samples
100,1.5395315155138323,0.05305829476401483,90.69872144445932,1.2106446877949108E10,0.9637141292353106,2
100,0.0,0.07460388522331424,9.588897872933696,7.294064395203611E9,1.9021557870734722,2
100,1.78521523112916,0.08155590445237539,70.38813231743373,1.2506616980468987E10,0.9274627144195979,3
100,0.4161017212074569,0.032969717334575425,32.42202979516033,6.789786653646342E9,1.2545897666728723,1
100,1.2604152628249976,0.08010607106548089,70.24000183961782,1.1326888637460974E10,0.8269378723238264,1
