evolution$generation,alpha,beta,tsteps,popfit,indicsfit,evolution$samples
200,0.9284808504639142,0.05428778652702579,58.25382270534739,2.8738701814583497E9,0.8010788067663217,1
200,0.0,0.005837514664071123,77.40746886189204,1.1944833901367285E9,2.3477989907126395,1
200,1.6863184751818128,0.028512392927750676,18.31004133575301,1.1908922169509434E10,2.2461987635944274,4
200,2.1350822840249783,0.06855329878651269,53.7121984269077,7.962944569415207E9,1.2204300803518278,2
200,1.1679459173642348,0.038976569741125205,25.31194058074748,1.7545047123297958E9,1.3027383432803488,3
200,6.943102054392092,0.057416324298273286,99.3259361517691,3.4048133563430458E10,1.8093591172514216,4
200,0.0,0.005926717337733468,77.91194431080183,1.206339541114553E9,2.3371592984788667,1
