evolution$generation,alpha,beta,tsteps,popfit,indicsfit,evolution$samples
500,1.5523733018303367,0.0346117374712517,65.90921912951865,1.265027192553031E8,0.9337684765722882,7
500,1.4634577890275724,0.061818497090089956,57.10233321824796,1.265027192553031E8,0.9337684765722882,7
500,0.0,0.004553065500024419,8.497432748562243,1.265027192553031E8,0.9337684765722882,7
