evolution$generation,alpha,beta,tsteps,popfit,indicsfit,evolution$samples
200,1.4634577890275724,0.061818497090089956,57.10233321824796,1.265027192553031E8,0.9337684765722882,5
200,4.317968719541097,0.07259486499173869,100.0,1.265027192553031E8,0.9337684765722882,5
