evolution$generation,alpha,beta,tsteps,popfit,indicsfit,evolution$samples
200,9.014264857145866,0.04474720156586285,44.719990779784574,5.349417939187009E7,2.5992522635838196,5
