evolution$generation,alpha,beta,tsteps,popfit,indicsfit,evolution$samples
300,9.014264857145866,0.04474720156586285,44.719990779784574,5.349417939187009E7,2.5992522635838196,5
300,0.9348256688486603,0.024186339756808877,17.555527319912372,5.349417939187009E7,2.5992522635838196,5
