evolution$generation,alpha,beta,tsteps,popfit,indicsfit,evolution$samples
1000,0.289420601170846,0.08287801829713476,60.01420181191888,5.349417939187009E7,2.5992522635838196,10
