evolution$generation,alpha,beta,tsteps,popfit,indicsfit,evolution$samples
600,6.065400305460251,0.009883776311487291,40.134075162061194,5.349417939187009E7,2.5992522635838196,6
600,0.41282143747810807,0.07917183930975362,68.34316450895139,5.349417939187009E7,2.5992522635838196,6
600,7.585109339837781,0.05742764141917159,23.600479798569378,5.349417939187009E7,2.5992522635838196,6
