evolution$generation,alpha,beta,tsteps,popfit,indicsfit,evolution$samples
100,1.2562294090895065,0.005195716030890996,48.58163509672412,7.489582913922049E8,1.0648606827514382,1
100,1.0724068032871825,0.0814960615290826,37.991739648879786,5.207146138929672E9,0.43605782416084976,3
100,2.005100584414033,0.050453647327156494,22.590261367143842,2.0241637177612762E9,0.7266839993861384,3
100,0.1437228794576284,0.030454992147217676,78.7705924891007,4.900725820977812E9,0.5928370025446408,2
100,1.2562294090895063,0.005195716030890995,64.07869174961326,7.973457130250361E8,0.9891810802434209,2
100,1.141102237598028,0.005147651355462196,47.699644496187545,7.613407007356559E8,1.0548409390608235,1
100,2.613220896607218,0.06827155769569898,38.19427111283866,4.2440011862091637E9,0.6088046024286891,2
100,1.0770167606165664,0.08125867862602854,37.83439863193442,5.198397261850248E9,0.4367766226431789,2
100,1.3252306740917006,0.07875630968416758,54.56539225967499,5.769107415515855E9,0.3857476437163235,1
100,0.12304843826768366,0.02889749163661294,78.90403451458917,4.777012708942301E9,0.603561374577168,1
100,1.2877046678220163,0.008847288568724727,47.87009744830624,8.900806220853906E8,0.9226822708518951,1
100,1.813020436609463,0.05260883594046607,21.921537967472574,2.2020348301617537E9,0.675936858140899,1
