evolution$generation,alpha,beta,tsteps,popfit,indicsfit,evolution$samples
100,0.1937230086266295,0.020377303628291266,15.061258792842327,1.4109219482187605E9,1.854177208787743,4
100,1.0638932454923689,0.013279915114174612,99.07996755195032,1.1402808992297518E9,1.0857150433683307,1
100,0.5574097372027762,0.023726438858498084,16.02196577165319,1.2601196277036238E9,1.4196644878325286,3
100,1.5283808656770352,0.08198030507298643,21.445021519821175,1.5732848513028874E9,1.0395774410887135,3
100,0.8075035062724236,0.0689535866617637,42.08691518700372,1.2307961576486967E9,1.0809077898050121,1
100,1.6227052503012607,0.1,42.9889540916241,1.7418708089919708E9,0.966423697989018,1
