evolution$generation,alpha,beta,tsteps,popfit,indicsfit,evolution$samples
200,1.5623472985451492,0.04398472675844194,53.52150442959362,2.781372112781767E11,0.7185149770695087,2
200,0.0,0.09916595369640045,20.304637298137763,1.1926225520171541E10,2.457692919199235,1
200,0.725975251038441,0.1,18.88385609177739,2.2118661461860332E10,1.1621860120783554,1
200,1.4914528418932886,0.06386513182520942,36.240191623262255,1.0595366072551709E11,1.1523221142405757,1
200,1.3677154958794775,0.04367984559116358,53.529948358543955,6.155230746226086E10,1.4167186688700335,3
200,0.6493392364458892,0.07854551371746313,100.0,1.7195211761567055E10,1.506898320561847,1
200,4.400936808420808,0.08680938237116986,97.77226725733102,6.796493691353751E11,1.215367958607055,3
200,1.2174005818144549,0.1,20.089000538882743,4.389753665645078E10,1.4647979172846552,2
200,0.49617053208646456,0.08259153416971772,89.43672019040248,1.4077227307568619E10,1.8226011418155075,1
200,1.2456301344184917,0.09945140314003993,20.33099145712363,4.485719343890209E10,1.4665158118270356,3
200,0.4410344614992634,0.08301452648613727,89.66370923429861,1.3291422730714E10,1.9267514603936182,1
200,4.400936808420807,0.08680938237116986,97.77226725733102,6.795976359560262E11,1.2153712116546744,4
200,0.36564713270337473,0.07749294033854565,39.862632933429595,1.2620298543864489E10,2.0059994660721463,1
200,0.0,0.07795041192087623,48.78857754743463,1.221526738908486E10,2.4383809435398613,1
