evolution$generation,alpha,beta,tsteps,popfit,indicsfit,evolution$samples
900,0.0,0.0,44.16948096565929,7.318055556809828E7,0.9335036578073813,7
900,3.1293416054562657,0.06980533877767812,26.827847511534863,7.318055556809828E7,0.9335036578073813,7
900,9.06392876463688,0.0182109524955953,42.67935524691711,7.318055556809828E7,0.9335036578073813,7
900,0.14131432506317987,0.04102754021663191,39.93013903066728,7.318055556809828E7,0.9335036578073813,7
900,7.204990114394086,0.09675798985031252,73.73331687994458,7.318055556809828E7,0.9335036578073813,7
