evolution$generation,alpha,beta,tsteps,popfit,indicsfit,evolution$samples
700,9.098629565277989,0.001957225855274425,40.25874141987541,7.318055556809828E7,0.9335036578073813,6
700,9.470691609599983,0.0,28.21503789373828,7.318055556809828E7,0.9335036578073813,6
700,9.06392876463688,0.0182109524955953,42.67935524691711,7.318055556809828E7,0.9335036578073813,6
700,3.1293416054562657,0.06980533877767812,26.827847511534863,7.318055556809828E7,0.9335036578073813,6
700,9.474402125131192,0.0,34.28398418471296,7.318055556809828E7,0.9335036578073813,6
700,0.14131432506317987,0.04102754021663191,39.93013903066728,7.318055556809828E7,0.9335036578073813,6
