evolution$generation,alpha,beta,tsteps,popfit,indicsfit,evolution$samples
600,0.14131432506317987,0.04102754021663191,39.93013903066728,7.318055556809828E7,0.9335036578073813,6
600,9.470691609599983,0.0,28.21503789373828,7.318055556809828E7,0.9335036578073813,6
600,9.474402125131192,0.0,34.28398418471296,7.318055556809828E7,0.9335036578073813,6
600,9.06392876463688,0.0182109524955953,42.67935524691711,7.318055556809828E7,0.9335036578073813,6
