evolution$generation,alpha,beta,tsteps,popfit,indicsfit,evolution$samples
200,7.603768955269059,0.049729966181449405,91.20401432957976,7.398787094413934E10,2.4947725155567877,4
200,0.7694784589531569,0.0368548181826008,15.718045948141366,2.2786165889266877E9,1.067682989061011,1
200,1.11729299837305,0.09670116867807156,82.98537574827827,1.087179068740879E10,0.47159012790740945,1
200,1.132882007411564,0.026626825271580924,100.0,7.606232177502141E9,0.6714515576094754,1
200,1.1177668882183505,0.026669627162474875,89.6897441622663,7.002604343539072E9,0.6998288733233917,1
200,0.19156054892149665,0.03720885539413497,12.897200422142324,3.660679734754021E9,1.9132336300493604,3
200,1.1361645827551903,0.0270633743573645,92.28828023721174,7.261554196982687E9,0.694619313771996,2
200,0.7627173688905158,0.038563781625341166,15.633439362503815,2.3404408584817004E9,1.0437990951176779,1
200,1.3396149162839674,0.07849096886472731,78.19693231656036,1.0635240762510466E10,0.559866868223527,1
200,1.560996780978936,0.0877866570499991,83.57676222303591,1.140803759547237E10,0.6003292216267522,3
200,0.4801591181770776,0.03674970397768635,15.529946678455186,2.559237982544929E9,1.2736950990960498,2
