evolution$generation,alpha,beta,tsteps,popfit,indicsfit,evolution$samples
500,3.4788366387535308,0.04216250793784644,24.398383110035567,7.788334581057692E8,0.798590674979846,6
500,1.809465841129792,0.06537816640463519,75.1821805678245,7.788334581057692E8,0.798590674979846,6
500,7.30695022154825,0.036929447095401934,22.32063074741184,7.788334581057692E8,0.798590674979846,6
