evolution$generation,alpha,beta,tsteps,popfit,indicsfit,evolution$samples
800,7.30695022154825,0.036929447095401934,22.32063074741184,7.788334581057692E8,0.798590674979846,7
800,3.421870664334092,0.07321325789498535,47.318540107200604,7.788334581057692E8,0.798590674979846,7
