evolution$generation,alpha,beta,tsteps,popfit,indicsfit,evolution$samples
100,1.3580139753658438,0.04715160894945478,70.40664726086364,2.7087911823429265E9,1.100449252447896,3
100,1.0585640609394398,0.08832841081113152,46.78681219718026,2.7340932144289303E9,0.8976646182811957,1
100,0.43718209975195077,0.0087201783109636,11.454446174764199,1.0505823107691158E9,1.1692550458652946,2
100,0.34403990211656843,0.09032409175812801,70.06953371740728,4.0102939119040527E9,0.8266583277619022,2
100,0.4344483760087948,0.009711625286618876,27.46499727459472,9.986334441441501E8,1.0414043798778418,1
100,1.0555811733509166,0.1,51.5713172721103,2.947563508902746E9,0.7905202161422434,1
100,0.4865691237289792,0.09011289621417645,68.84025964248579,3.649715099986627E9,0.628210393145767,1
100,1.0622303429220172,0.08782665252601635,46.74865315597434,2.7257849771088033E9,0.904004722750174,1
