evolution$generation,alpha,beta,tsteps,popfit,indicsfit,evolution$samples
100,1.763916018645053,0.03245344893285753,17.957827700034354,2.5330393325306993E9,1.5611373554566381,3
100,4.426306360459867,0.0649245949730086,74.21394358387056,2.8525744660594134E9,0.8620909499579359,2
100,7.252808929815213,0.09691457125657024,62.854097670065514,3.1915207346940126E9,0.7888402086116127,4
100,3.8815112448283084,0.07519233312864944,94.2476597503391,4.195678728188013E9,0.5413033300027272,4
100,1.8485247337063222,0.1,19.987194581525486,1.9340205627437332E9,1.0020400321036367,1
100,4.4262011706752675,0.06514167209030795,96.0126183182615,3.4126603483139086E9,0.6648176765916992,1
100,0.0,0.005111335948090935,45.078434404294484,1.0222548598215487E9,1.9669425039911062,2
100,3.6380147624439707,0.07662798615565332,100.0,4.538986920501889E9,0.4946193969287693,1
100,3.3174880354757628,0.06058234354961648,74.45317335956109,3.0548200348601847E9,0.7554628421157972,2
100,3.3994972796018486,0.0758028259372399,81.39979194085004,3.950975169386085E9,0.5877549079434018,1
100,2.4067489263285515,0.08184381594328582,100.0,5.2601543103536215E9,0.417121618950839,1
100,4.491599230619639,0.08136446476765176,100.0,4.396736741723206E9,0.49625751912907534,1
100,1.5771278989002808,0.0989182379486841,19.74177607479568,1.989384354998849E9,0.9649167918341784,1
100,3.5178400352648453,0.05994139317639096,74.89029469722436,2.946621522553162E9,0.7790311541106693,1
100,3.4119548588936603,0.07500176840132675,78.95191742339115,3.824760277365565E9,0.6090123811923215,1
100,5.282168986913466,0.07565664909417771,95.60461042362863,3.5586942406827927E9,0.6499636638294315,1
100,2.9417925965226237,0.07835664047796766,79.80624551902491,4.1713167673152604E9,0.5594011829013479,1
100,4.478411047389864,0.08111707174010273,100.0,4.409040389316659E9,0.4958971221890503,1
