evolution$generation,alpha,beta,tsteps,popfit,indicsfit,evolution$samples
200,1.2943890338918709,0.06698554031999109,20.06833691388762,3.052257684232763E8,1.3461632584880403,1
200,7.530670333613476,0.07487212617782023,56.30646170978263,5.484742458492445E9,2.2535481907490644,6
200,1.2036875266336162,0.04589939113183564,61.46557684087855,6.003925731247122E8,0.7610376179142957,1
200,0.0,0.09579591155711387,60.750594754958584,1.7193745746917043E9,1.3001588733370655,3
200,0.766547389660444,0.06687263459948019,25.15386011632572,5.449451641105745E8,0.8601096003266006,1
200,1.7729653012822189,0.06023081356216708,61.831658097439934,7.592477842585552E8,0.7989741977866411,2
200,7.506861642916953,0.07528342632868341,59.19484236960433,5.173954847820924E9,2.1749535373186206,5
200,1.2472295479757087,0.06654337362907982,22.260534640263558,3.415238415810768E8,1.2455117921238084,1
200,1.2476592924351821,0.06655127174725194,22.3649447602525,3.4187541655337614E8,1.2401796648071048,1
