evolution$generation,alpha,beta,tsteps,popfit,indicsfit,evolution$samples
100,0.9027086495349401,0.023461862906747413,81.21236526810492,2.068315202615444E9,0.6037666738355446,1
100,0.8640328937398146,0.02129386355381297,81.74517531058753,1.9944392428199863E9,0.6174876955149065,2
100,0.0,0.023477609108526473,80.96387191692135,1.798849991015403E9,1.201289470090892,1
100,0.0,0.028745331513982748,76.1973028089801,1.8508618146506205E9,1.1732248094620243,4
100,0.9341290893193394,0.027629192217330508,77.52558896314663,2.1561057803238235E9,0.5739047383055746,1
100,0.0,0.028691437685524703,76.09145389202025,1.8499424015596113E9,1.1740717520142325,1
100,0.0,0.0411409032653194,77.73888160536261,1.986318671852202E9,1.1102546397725477,2
100,0.0,0.0,48.29884327790315,1.6879569137876375E9,2.0689984961647245,1
100,0.9048193344379468,0.07440282108283273,53.59371655791809,2.187203269550037E9,0.3750408550588075,1
100,0.0,0.022617152429218065,78.25709927978582,1.7685252009296906E9,1.2155348247899609,1
100,0.0,0.04497493197158005,52.359147651540454,1.8866873125065372E9,1.1638592101920417,1
100,1.3364786116379332,0.07592555992763358,95.05844935482895,2.869011919175535E9,0.36765390750273474,1
