evolution$generation,alpha,beta,tsteps,popfit,indicsfit,evolution$samples
300,3.431521101150233,0.0,89.72644713586199,2.687118747167103E7,0.46764966572092426,4
300,8.627934679062601,0.047800084899221724,99.68190507267383,2.687118747167103E7,0.46764966572092426,4
