evolution$generation,alpha,beta,tsteps,popfit,indicsfit,evolution$samples
100,4.5033148699931,0.0012057451806066323,31.181809916306555,2.687118747167103E7,0.46764966572092426,3
100,5.586386222178588,0.058409815971072955,34.8583732095677,2.687118747167103E7,0.46764966572092426,3
100,3.0164631318205504,0.05505112344797369,47.03112838435222,2.687118747167103E7,0.46764966572092426,3
