evolution$generation,alpha,beta,tsteps,popfit,indicsfit,evolution$samples
400,1.1489332316779517,0.01887851770210059,61.12079563215519,4.320350227875824E7,0.7154788397819756,5
400,8.651302712870677,0.05915814711843333,1.0,4.320350227875824E7,0.7154788397819756,5
