evolution$generation,alpha,beta,tsteps,popfit,indicsfit,evolution$samples
800,4.468182805899805,0.07138106443420714,65.04442205730099,6.442044840666372E7,1.1683548718329673,7
800,5.469132477109676,0.02608652433447178,7.131895801758277,6.442044840666372E7,1.1683548718329673,7
