evolution$generation,alpha,beta,tsteps,popfit,indicsfit,evolution$samples
100,0.5022928877045563,0.07379969314561292,46.21015926203219,6.442044840666372E7,1.1683548718329673,4
