evolution$generation,alpha,beta,tsteps,popfit,indicsfit,evolution$samples
900,4.468182805899805,0.07138106443420714,65.04442205730099,6.442044840666372E7,1.1683548718329673,9
