evolution$generation,alpha,beta,tsteps,popfit,indicsfit,evolution$samples
600,8.777603518197402,0.0036624170511013743,12.104095856045543,6.442044840666372E7,1.1683548718329673,6
