evolution$generation,alpha,beta,tsteps,popfit,indicsfit,evolution$samples
1000,6.990637384408009,0.0605788829073427,3.2731479994956376,1.5117788768595104E9,2.199998026834655,9
