evolution$generation,alpha,beta,tsteps,popfit,indicsfit,evolution$samples
100,3.553134659841264,0.09296148785234462,84.6874161722878,1.5117788768595104E9,2.199998026834655,4
100,6.990637384408009,0.0605788829073427,3.2731479994956376,1.5117788768595104E9,2.199998026834655,4
100,9.43637221232273,0.012792594251283242,63.94803776485872,1.5117788768595104E9,2.199998026834655,4
