evolution$generation,alpha,beta,tsteps,popfit,indicsfit,evolution$samples
500,3.3176671442007395,0.07920487578674662,14.194438413502114,1.9988371376073395E10,5.002404708964822,6
500,0.13940086666998974,0.024596740769215898,38.427273764059635,1.9988371376073395E10,5.002404708964822,6
500,9.916612930546304,0.05840969170693792,26.78181060612328,1.9988371376073395E10,5.002404708964822,6
500,1.0595343414850156,0.03308409452570362,38.21276470542591,1.9988371376073395E10,5.002404708964822,6
500,8.163219620876417,0.0746701408924336,76.99411820352181,1.9988371376073395E10,5.002404708964822,6
