evolution$generation,alpha,beta,tsteps,popfit,indicsfit,evolution$samples
100,1.3171106712580833,0.04598476502755231,25.941820393384102,2.101948573266288E9,0.051561764207309936,3
100,0.0,0.0,100.0,5.67674977311032E8,1.6587013697825992,2
100,1.0747267025914509,0.0433293072515079,24.970330400881632,2.341657453051538E9,0.0634452462652943,4
100,0.8525434121271341,0.033214144471035954,15.331340841787068,1.0907089993120034E9,0.2403741238104777,1
100,1.0768044111362627,0.03639859447483277,22.54985748838529,1.5628220159184976E9,0.09201901192495666,1
100,1.0766378326397517,0.03801761542895194,23.618677412888463,1.8164111201968882E9,0.07111210121163415,1
