evolution$generation,alpha,beta,tsteps,popfit,indicsfit,evolution$samples
900,9.519220339047532,0.045059276033573875,78.42771876595718,1.1548122621080544E9,0.5487953074680463,9
900,2.111203134196722,0.09214991524843158,75.07364015114925,1.1548122621080544E9,0.5487953074680463,9
