evolution$generation,alpha,beta,tsteps,popfit,indicsfit,evolution$samples
100,2.2169698458750986,0.04349969588353342,50.11591679032095,1.060085957282884E9,0.6568776525088695,2
100,0.34774618380277955,0.050074083998906185,1.5102975850170621,1.8863477138067675E8,0.7789930134360507,1
100,2.450870857760379,0.0552330826102599,61.415205670097436,1.3982455002355857E9,0.5088551150483016,1
100,0.5811685701596114,0.07480468296029714,40.119505731091216,1.6216006444016428E9,0.3795323531802889,4
100,2.182828313313799,0.008382799104954163,23.625168287077862,6.363547937519374E8,1.6364989476607872,2
100,2.4508703828094065,0.05523310742701826,61.415201102524954,1.4028747589162097E9,0.5098419052225367,2
100,0.2604376050562316,0.05155855525544362,1.0,3.2830398701348567E8,0.6141220324451546,1
100,1.8507600548611687,0.06992105448938217,43.0927849310658,1.2295751069030232E9,0.5103832761698219,1
100,0.2574101590145928,0.05122962308764262,5.681163054327503,5.563928356249374E8,0.5653039319691378,1
