evolution$generation,alpha,beta,tsteps,popfit,indicsfit,evolution$samples
400,7.660431426739558,0.05525455153318098,48.59305264569734,6.266524595197671E7,0.4054386007873311,6
400,0.284814093916698,0.052412226916130615,75.93824651186252,6.266524595197671E7,0.4054386007873311,6
