evolution$generation,alpha,beta,tsteps,popfit,indicsfit,evolution$samples
800,0.5214870592687748,0.08933239955413293,41.22970585781927,6.266524595197671E7,0.4054386007873311,8
800,6.5609423294526215,0.03703516065230051,1.0,6.266524595197671E7,0.4054386007873311,8
800,0.284814093916698,0.052412226916130615,75.93824651186252,6.266524595197671E7,0.4054386007873311,8
