evolution$generation,alpha,beta,tsteps,popfit,indicsfit,evolution$samples
200,0.8867033651672918,0.06978153093408812,51.94770761119831,3.0382807295941563E9,0.8393825729922615,6
200,1.558414069101524,0.08421443161722461,100.0,4.217270638801476E9,0.631104321054055,1
200,0.18203403676510257,0.0,19.36466562608868,6.989848846773944E8,1.726188012303939,3
200,1.11313367474399,0.1,63.47820192507961,3.9402260650991564E9,0.6667097089862961,1
200,0.616291257151485,0.07949970991280042,47.31276595840569,3.566087926568476E9,0.6918979116714851,3
200,0.6217567546602042,0.08145450338814714,52.1321769961027,3.8001397473346496E9,0.6691068189658199,1
200,0.5834629216941934,0.08667719008412694,10.860300580358178,1.3120944278612475E9,1.043684972518095,2
200,0.6742601342463383,0.08622700254559162,25.627073921000644,2.4772278880376177E9,0.8670792800255296,2
200,0.14709063112251136,0.025023772842454845,2.055620327385273,8.261941754026413E8,1.2574373657885078,2
200,0.6149981484663711,0.05752895612092473,15.662948953667295,1.2054782650227041E9,1.1017795119267983,1
200,0.6495016225623751,0.08572116341676862,26.80931463360067,2.579094938283467E9,0.8106947474799037,1
200,0.6468739803095153,0.08565197947720604,25.704752323307353,2.5153958183774633E9,0.8158638278826709,1
200,0.5931373839189868,0.08651098585329534,33.021188227351324,3.09377603159874E9,0.7405440339410324,1
200,0.5957048132868572,0.05398693618178864,18.005239651809788,1.342125671185549E9,1.0161819377025754,1
200,0.15618488144299608,0.09744222409744648,1.0,1.0258745222902116E9,1.2083149978603878,1
200,0.8839803380449309,0.06991717014788974,51.924252932032644,3.0436340279370537E9,0.8337643103973604,2
200,0.8867033651672918,0.06978153093408812,53.47460355281179,3.0975948853059816E9,0.825066905598023,4
200,0.8867039453695773,0.06978153093408812,52.00436534050065,3.0378787282031507E9,0.8414030366342524,2
