evolution$generation,alpha,beta,tsteps,popfit,indicsfit,evolution$samples
800,7.035164493748045,0.01319486797540832,80.28136646659932,2.4565421912135464E10,7.321520541028096,9
