evolution$generation,alpha,beta,tsteps,popfit,indicsfit,evolution$samples
700,0.06499134036166618,0.04502294815534254,82.63386833115553,2.0930538253291175E9,0.46899342092503193,8
