evolution$generation,alpha,beta,tsteps,popfit,indicsfit,evolution$samples
200,3.2755786741075,0.05236789955080581,99.45324046372534,2.0930538253291175E9,0.46899342092503193,5
200,6.504577410665684,0.023466330578098462,20.822330353213665,2.0930538253291175E9,0.46899342092503193,5
