evolution$generation,alpha,beta,tsteps,popfit,indicsfit,evolution$samples
200,2.2686597921064,0.08218736446608568,18.527804698659306,8.480375919757192E9,2.832017796465568,7
200,0.5456436529216103,0.03971776830712659,28.39843568626211,5.544324265771805E8,1.313973660844702,1
200,1.0784068236196258,0.08805595453167273,93.90048411936023,1.1543052194212854E9,0.6387393031673471,1
200,5.928087552334576,0.045003423403100734,82.8366959621639,9.935587029830084E9,2.560633914490337,4
200,1.2943030876226993,0.0759227640950878,41.03564063710188,6.827594221280044E8,1.2450182713353815,2
200,1.2724909896903558,0.07992443076299838,48.57387900438103,7.063293460726652E8,1.0890693234807896,1
200,0.7943129041773584,0.04860933950126834,81.54268325278187,7.822954578551985E8,0.8620395270749094,1
200,0.1354993510134883,0.08509407457675147,72.21643416107895,1.5313948045830848E9,1.5570888162298073,3
200,1.213063087697429,0.08006388974916456,94.20360728095399,1.0249460511903436E9,0.7093463093045514,1
200,0.8807858380614944,0.07819149918970267,91.62131303988916,1.1337092790097332E9,0.6568731045470938,2
200,0.9010260154382733,0.07490891972821366,95.43994805994441,1.1191039192466333E9,0.6605299645468173,1
200,0.9188704822568754,0.07674304586075631,88.33311739879015,1.0655611149663539E9,0.6809799917764349,1
200,0.5185305830441531,0.002317696854861064,46.306961639931195,9.65296738075927E8,2.057027130801889,3
200,0.7942899442297403,0.04804076362636994,81.63058897544835,7.734246333365301E8,0.8658217933913132,1
200,1.1611484015402898,0.07612642397527186,87.37646998489772,9.474070340492213E8,0.7560720877616252,1
200,1.1226765786819963,0.06953019463057349,87.44296725456147,9.040815204899602E8,0.7855176813590804,1
200,0.9048525646052963,0.07686709404407317,90.59376438951155,1.0977385336578069E9,0.6683037201622986,1
200,0.9072042195196794,0.07755552485136435,88.25553132235554,1.0829467281004283E9,0.6730086359295636,1
200,1.3885636456130124,0.07700495799905642,90.1741714747433,9.320223892512677E8,0.7993225834226414,2
200,0.911309164623521,0.07779966325861193,88.09640813548782,1.0797950897896156E9,0.6765688638038285,2
200,1.1482615782983088,0.07637306441398502,88.1397323503613,9.652817189039652E8,0.7423092010218819,1
