evolution$generation,alpha,beta,tsteps,popfit,indicsfit,evolution$samples
300,2.045873598505026,0.07039691366557088,17.041340223954492,1.9628429948934544E10,4.658979323578883,7
300,0.5800056974133991,0.0,4.614733319309577,2.1439081273580438E8,0.9580949563171297,1
300,0.38085283321540175,0.07845447234100922,100.0,4.753807996657982E9,0.06687361693960042,1
300,0.28597048297510613,0.06276621434960995,13.106703483344498,1.7649653450260332E9,0.3745134353370772,1
300,0.0,0.1,1.0,1.033583119022559E9,1.2444526705889065,3
300,0.28626360853108057,0.06447096122299806,14.648355119329299,1.9507760717187152E9,0.32974633649568197,2
300,0.5654554919087494,0.0,4.356015118778061,2.1577333388461956E8,0.948461434308683,1
300,0.0,0.007709648614324294,1.0,7.652221710089731E8,1.4540280246608583,3
300,1.4463042672573398,0.06594707156132798,14.693514479094988,4.976034634229948E8,3.161839944546994,2
300,5.661585844568716,0.1,85.26080657436738,3.285106105241277E9,0.9523523928232559,3
300,0.0,0.0746870956966774,26.47151452244889,3.462255424015578E9,0.3065718705043392,1
300,0.012879298826662899,0.07123953616507332,7.271206729924773,1.469336403284268E9,0.6462462905669999,1
300,0.7870130512268668,0.0741766495776859,8.266905487541287,8.789469426374483E8,2.923722336588475,6
300,0.9535818328593353,0.07400456515919322,1.0,4.013789024481889E8,3.921338198078044,3
300,1.4351395253859316,0.07063255791069999,10.02402777350943,4.5494305788975644E8,3.4714963689777543,2
300,0.7900146804254804,0.07414045731448447,6.930753864650134,7.457752138630049E8,3.00005107083678,2
