evolution$generation,alpha,beta,tsteps,popfit,indicsfit,evolution$samples
100,2.856612432521002,0.09854486795592106,84.89692929469214,9.211137320061082E8,1.8037713587595354,6
100,1.401236514824407,0.06187966424217256,56.35222442416939,3.2288846009894724E9,0.36669279944547106,1
100,2.547425861084631,0.099589971452761,84.92472012882855,9.195996725941337E8,1.7996373856379557,1
100,3.8949404338974514,0.0451632820490707,82.76499591285986,9.702131967365448E9,1.1493402819275564,4
100,2.1738568832483818,0.024592099088515187,21.24739921066696,2.849653410781437E9,1.6826585769072613,3
100,1.5159769981068059,0.01943501518818022,35.245327610010015,9.589586945673711E8,1.1031610284223266,2
100,1.7210410937885086,0.02345936624429081,56.624214995297436,1.470580664205286E9,0.7641105523898915,2
100,1.485025984623514,0.035980826681503035,31.41667438308788,1.2315331567807517E9,0.7704073246956108,1
100,2.8594849792395314,0.09957907429206249,84.98363358170067,9.203269492434548E8,1.8007541231434554,2
100,2.8622743680550844,0.1,85.76573121837522,9.203910165733099E8,1.8003474420775225,2
