evolution$generation,alpha,beta,tsteps,popfit,indicsfit,evolution$samples
100,6.891420358127014,0.07013221585561884,91.57569776974259,6.256785820035805E9,1.3097872848492986,4
100,7.671339049897266,0.09830317053225401,84.56014669021388,4.5347788072176707E8,3.449619803082091,3
100,7.658385268220917,0.09884388892890428,84.55589425464693,4.5411139830962884E8,3.4472964372254813,2
100,0.3065537646620986,0.0632728516422687,2.3762512326389125,2.645197235023826E8,2.2646174483393158,1
100,2.4660185550988034,0.09001423236228301,24.494890583526026,2.3058254000010633E9,1.7248766400055682,4
100,0.7790912945497075,0.05069494542768685,60.78127964392886,3.1910864194064054E9,1.1064033848234958,1
100,6.891418512520685,0.07013221585561884,91.57570324490695,6.257262824599037E9,1.3096106601395847,3
100,2.326102355821955,0.07011485016919992,34.85499888209783,2.3255272834799223E9,1.5761246945699332,2
100,9.231398468898293,0.07906713593673126,95.84263996466898,5.997349989815161E9,1.1627528397024443,2
100,1.6840565975258173,0.010203637648904085,19.133439387635626,9.656067063972933E8,3.439214314532949,2
100,0.29753524657760166,0.06329037712582244,3.3678944358492675,3.261696693014895E8,2.215776646790105,1
100,0.31477803337038646,0.06403575281341826,8.523180830067403,8.359408169009235E8,2.0032154733078666,1
100,1.7723120427912065,0.057141669243799646,100.0,3.9480270056297016E9,0.8773608506290163,1
100,2.135238599182822,0.06567143489006506,67.63181805524306,3.30753602645163E9,1.0519259091320243,1
100,0.8927233497716882,0.07193962305614299,20.61676309729193,1.8042907775316174E9,1.5353584997439353,1
100,1.9705453838500353,0.07011704973701514,34.880359584845074,2.2921655186862793E9,1.4685760120823232,1
100,1.456239975717336,0.09010249656673892,26.035370787927448,2.3917003177345767E9,1.3526544593204297,1
