evolution$generation,alpha,beta,tsteps,popfit,indicsfit,evolution$samples
100,0.8692029126537726,0.03273840745827488,16.27883477574138,1.549595133751679E9,0.22507945300239388,4
100,2.437745322158713,0.035086967952195215,54.61232963217916,2.5877360461002254E9,0.1870307284583948,2
100,2.4288047056067064,0.025067455468840573,95.72708048916127,3.0902084272459903E9,0.19494982160819052,3
100,0.9885738690113421,0.002333237913957964,83.73753328338978,1.3341202262592554E9,0.5011008432010835,2
100,0.6870820023990585,0.03294155560747864,16.88226984853798,1.667365942787475E9,0.1982099661077052,3
100,0.8410116706876375,0.03279563750325349,16.699804840001203,1.5690343043713896E9,0.222808512659257,1
100,2.206428363734884,0.022270804639929573,67.33093079885495,2.1665958576609E9,0.18640744299369716,1
100,2.2813481662933084,0.019482173142653814,69.23660914828528,1.9473263593364584E9,0.19607315053121432,1
100,0.9033041161246425,0.01146120798042085,17.095434207418382,1.3449209076630437E9,0.4759654566223695,1
100,0.48133201836031947,0.0015355375821155008,82.48657675493854,1.4567520750288646E9,0.4414432040563758,1
100,0.6595588871747365,0.03761766271767311,33.36202480460478,2.70648020792312E9,0.15456436226701178,1
100,2.3970492656732203,0.006621289588530856,100.0,1.4615516927586074E9,0.3918167026843571,1
