evolution$generation,alpha,beta,tsteps,popfit,indicsfit,evolution$samples
100,1.606576291396633,0.09039017237300154,74.30392325402121,1.3274052044185195E9,0.2959890263303597,5
100,1.4178133864111175,0.04408301524054934,18.52048744801058,3.50311391760165E8,0.8107543747843919,2
100,1.3175490104800691,0.030023627069962835,14.354755798102998,1.7345700639424723E8,1.0716496204475396,1
100,1.5463466824413776,0.09048921011856811,75.79059369945064,1.3081304773298116E9,0.2818105833120078,2
100,0.6289658987540426,0.09048571001063833,75.84805692901934,1.3124098020726273E9,0.2592720239487447,1
100,1.435491388977598,0.09014668641810349,74.59853626233638,1.267348613603075E9,0.2642889374313449,1
100,1.3769289617318603,0.053106251121365224,22.4130841096919,5.0661084943805873E8,0.6413357337859008,1
