evolution$generation,alpha,beta,tsteps,popfit,indicsfit,evolution$samples
200,0.4045132183274864,0.01573894099009079,19.74652566964311,7.127069138188107E9,3.296982375833196,2
200,1.505579853274079,0.056929841685141036,38.55484071044168,3.3539663989532555E10,0.638772809792797,1
200,4.141384913774846,0.07384136234789458,28.686754328972246,2.024937540352124E10,1.9475291389792322,4
200,1.8270391729613455,0.05433992311812941,36.33661297467196,2.3544538499108982E10,0.8546420632424886,1
200,4.083577810022864,0.028537211513704114,100.0,1.4681679833446E10,1.9859897671338527,1
200,10.0,0.0906230601148975,37.08131853210243,1.3453320330393457E10,2.0922405394534103,1
200,3.1861764578691973,0.028348009045161545,92.38979815370472,1.703734259407774E10,1.7905727456574623,1
200,1.3112918750852345,0.0553999493941607,36.30756933508231,3.183218602552046E10,0.6593484292532052,2
200,1.4886283971285574,0.05549206116037615,36.191802241931114,2.9925641892442593E10,0.6665556262625867,1
200,1.4985100251259134,0.05758044115691472,38.51919756818067,3.393099451549166E10,0.639681133892867,2
200,0.45972445935733547,0.012857069276163825,17.948833649724918,1.1019406401771135E10,3.2886167657805396,1
200,6.860478334353656,0.07354790984202556,40.740068136400716,1.3688655278495384E10,2.036934996114718,1
200,1.3154198401286645,0.056218581846588116,36.51789147132215,3.2610206306511444E10,0.6569456163630585,2
200,1.4813509395205926,0.05609777894963356,36.1831993169578,3.033073616796662E10,0.6602410952076496,1
200,3.186004994571643,0.02780230609491592,90.5262208663354,1.728499948487198E10,1.7904143183511319,2
200,1.4940376257710306,0.056160992647540556,38.519116524119276,3.297919208894976E10,0.6401206975982722,1
200,3.1537783740097924,0.030828228769924033,84.84579177316806,1.705750596566674E10,1.7746668147681177,1
200,1.5037379422443675,0.05649130418970121,38.5192969136414,3.3043768194118565E10,0.6405048888398301,3
200,1.5597617613864632,0.09109054603896982,41.3646260076121,8.671730223799198E9,6.20369098861836,4
200,1.5037379422443675,0.09196551890086826,38.5192969136414,8.683404436951504E9,6.193673758309106,4
