evolution$generation,alpha,beta,tsteps,popfit,indicsfit,evolution$samples
900,1.4079930421949594,0.05505750913748935,27.887676184129816,1.915831496964015E9,1.155604425927993,9
900,3.557549543440459,0.05058448049340003,89.75148510276996,1.915831496964015E9,1.155604425927993,9
