evolution$generation,alpha,beta,tsteps,popfit,indicsfit,evolution$samples
100,4.102029451121345,0.08516491164138491,78.08436336546112,4.3453047724105614E8,2.070053928367421,5
