evolution$generation,alpha,beta,tsteps,popfit,indicsfit,evolution$samples
700,0.5503603917540101,0.06711263941965538,87.79014666828571,4.3453047724105614E8,2.070053928367421,11
