evolution$generation,alpha,beta,tsteps,popfit,indicsfit,evolution$samples
800,7.309774432980696,0.09031014539202453,67.9078773121526,1.7106068964993973E11,3.1115108028215133,9
