evolution$generation,alpha,beta,tsteps,popfit,indicsfit,evolution$samples
200,1.1149802099254533,0.0,12.148547575628761,1.8568883669764E10,1.1226224946828998,6
200,3.450866741908873,0.1,100.0,6.558536883805363E8,1.7275879533778622,1
200,1.2934389347279363,0.024752704115354053,81.63257364181422,8.16505744326427E9,0.3657337719845812,1
200,1.085260516429938,0.01692981417391257,69.45039693225927,6.859665851326895E9,0.40264738718145043,2
200,0.6073656862255097,0.016070542073505934,66.37929049599077,3.090382221204843E9,0.7456039440443867,2
200,0.8192836146101523,0.008860077997659158,75.07279427170229,4.77955843089585E9,0.4845591376342503,1
200,0.17132308778818442,0.006557363928527284,67.37762430125635,2.222963184281431E9,1.6920064843023597,1
200,0.7524405409198918,0.008945312935029419,72.30062726051278,4.104911893208231E9,0.5217643756275417,1
200,1.2558129799240014,0.026856022511692952,65.46688345578471,7.97055714600545E9,0.3779940487054428,1
200,0.4777159179890548,0.009855007814996514,69.81419707330757,2.4142833115414805E9,1.0036415979965292,1
200,0.8528824102077843,0.00945578769308535,73.1361402878972,5.183563804763292E9,0.46990670157921743,2
200,0.0,0.01693254966122455,57.50950196626263,4.7394712738150015E9,2.1337296899324834,3
200,0.7330984117624707,0.016718116766017033,66.22713932124168,3.679523525905544E9,0.5289187684183685,1
200,0.48580845816721274,0.006474879410907016,54.123955049603516,2.4358524049178147E9,0.9908002016034854,1
200,0.5228186012337234,0.00995586483031325,68.40303663785369,2.49031071900226E9,0.8956148857661773,1
200,0.24142172160029984,0.008931721032153596,75.95174450638892,2.5227233248544874E9,1.5642612300875602,2
