evolution$generation,alpha,beta,tsteps,popfit,indicsfit,evolution$samples
100,0.8604851033395233,0.06729041178017763,45.32711919828724,2.208673522222471E9,0.5279904362790144,1
100,9.077378528501043,0.1,50.985509380107175,1.832327327951552E10,2.2105125004530892,2
100,0.8580818398643154,0.06656316680845285,43.774383096914086,2.1653797985367055E9,0.5440831451494862,1
100,1.5797506552743164,0.06690467247201293,46.350809429333886,2.0300839152703822E9,0.6922578517389477,1
