evolution$generation,alpha,beta,tsteps,popfit,indicsfit,evolution$samples
200,5.872436380201867,0.061399831868560684,68.02877865267456,9.996882357039967E7,1.3563094692582873,4
200,0.42291870654232266,0.0,26.49595175006531,8.691241433091456E7,1.131811585990064,2
200,2.6098567126736367,0.03884678198243396,19.602892329846643,1.4256244656948345E9,0.6475723524367162,1
200,2.613000311479529,0.06803707393637075,9.776480758482515,1.122124686394548E9,0.670617758703071,1
200,2.604879558990646,0.04550213193075895,10.782592367767032,6.029593821512458E8,0.765937944150243,2
200,1.889491443897691,0.058369061263098314,4.994894277683022,2.245851038691742E8,0.9256938823881632,1
200,1.8502673338416797,0.05849686217108675,5.797121365840363,2.9630881403681904E8,0.8643745643659985,1
200,0.23675036733628102,0.00850597950600909,25.138135379504867,1.773804781969236E8,0.9670072779840679,1
200,2.6052499629727652,0.045103958380470675,9.762353299010403,4.617592562544724E8,0.8124195779130485,1
200,2.6007149800316376,0.0466961107385907,9.466157124421898,4.837557242604506E8,0.8052641283581116,2
200,0.21475195914967218,0.009223448778550001,25.28726285067994,1.985980522343661E8,0.9590334340187368,1
200,2.606828877356871,0.0453897256408336,9.805155343681243,5.019766491666843E8,0.8008805202104623,1
200,2.6012292758046667,0.04605309142336355,8.645466331799504,3.752170972161181E8,0.8521609619731841,2
200,2.8685441799916545,0.005567318894422924,41.26737170516913,1.9086237093232453E8,1.08720524920514,3
200,2.5722045219354337,0.045095297601148186,8.716139940141264,3.6572453448990494E8,0.8565122510116346,1
200,0.1175050276018581,0.003599836969103893,30.307178610000715,1.1046464037491107E8,1.0634342808241433,2
200,8.536288521996351,0.032271585825716397,96.09726811490444,9.547365186197875E7,1.4739348850687506,3
200,0.0,0.001644727847238079,21.442523986272,9.494488899109292E7,1.1271641019478928,1
200,0.06642649206837349,0.0022458613416144846,26.50600323087707,9.608912974421717E7,1.1040955217625212,2
200,0.0657542134889666,0.0029452200942360566,27.86145097026135,1.0177974811752366E8,1.0898218922524618,1
