evolution$generation,alpha,beta,tsteps,popfit,indicsfit,evolution$samples
600,7.890643756406412,0.00598401095720198,91.45830028941874,1.0109691557720058E9,2.3464412408638724,7
