evolution$generation,alpha,beta,tsteps,popfit,indicsfit,evolution$samples
300,0.0,0.09262388023638245,2.5867155317601815,1.0784256278124547E9,1.5171724457586935,4
300,0.7000205668293502,0.030390364660437343,100.0,3.0574427559847565E9,0.4820714414169619,2
300,0.07776602487576945,0.09228196308896888,5.8806435604832,1.4329157228033695E9,1.2558236228429478,4
300,2.5183880635378397,0.09322080635954469,68.58957399706624,2.2912792373170216E10,0.7580380481716438,4
300,0.6585714356861587,0.038207328668940305,73.03734887227932,2.8440163181118503E9,0.49932049577433,1
300,0.7271504509280823,0.04075395721453034,72.61238844536302,3.2289198586298594E9,0.4829627341911424,3
300,0.4713834397844464,0.029665086007690713,84.36082539627067,1.992518996133566E9,0.7271667350842442,1
300,0.3898360310278792,0.037471684477646976,66.77182187953511,1.8206197141900144E9,0.8671911570367478,2
300,0.6837438720675237,0.041300413923582635,65.60045836037354,2.99302044870296E9,0.4936173265720024,2
300,0.0,0.09281532706844704,5.932479018432673,1.1828172615738533E9,1.4768681964311183,1
300,0.6695739632506363,0.030564342814221226,100.0,2.8898728166998687E9,0.4901638308390598,1
300,0.0,0.1,2.5866140845339824,1.0822464167138934E9,1.5144317523118047,1
300,0.08110070840651386,0.09860915926686206,9.974389766366954,1.3231854115293632E9,1.2452480597843327,2
300,0.5911872728384185,0.03783122832726805,77.61146829663072,2.4926308657213793E9,0.555898469219442,2
300,0.01078010991103547,0.09498390216810539,4.481699969688037,1.243680986361406E9,1.2817936474246772,1
300,0.23367618374492513,0.1,4.607040129367274,1.3796682262485652E9,0.8849140084466385,1
300,0.5420121411165446,0.04232336913692455,65.60333311476964,2.2715056409026403E9,0.6165813728894297,2
300,0.4827558880132704,0.06553664243015118,42.62382520279983,2.112506493569532E9,0.7008214739438114,1
300,0.3920621623363708,0.03286614359398939,68.63891447154744,1.7557463733509662E9,0.8605616612695651,1
300,0.5970294001635845,0.041706631316259346,66.58891740294422,2.501304134249791E9,0.5481007490365155,2
300,0.3892070321456778,0.032221885000406826,67.83575123357627,1.745347570102994E9,0.8618303845697302,1
300,0.5638539653390533,0.026526510047225893,64.72998501860206,2.234477307539481E9,0.591047831204636,1
300,0.48259348639354605,0.06598003400327014,42.61024717552673,2.1101172125872402E9,0.7030858095772822,3
