evolution$generation,alpha,beta,tsteps,popfit,indicsfit,evolution$samples
100,2.327546920731345,0.07656917683585303,76.71076670510242,5.954332494916426E11,2.32881379892856,5
100,1.0966941310457101,0.016236440631899506,81.5684988882795,3.0347077382333417E11,2.108776275854732,3
100,1.8697661123169629,0.08775351832336237,61.26834703892301,3.93937126370762E11,1.778421271469975,3
100,0.0,0.07499655823158573,65.07470102645013,1.637601051065644E10,1.3690762792460218,1
100,1.1941539209393286,0.08807060827515961,54.44604090593991,1.804259617920805E11,0.9737573383526644,1
