evolution$generation,alpha,beta,tsteps,popfit,indicsfit,evolution$samples
100,7.303580961877261,0.04804092684053392,81.28279947720843,1.1747847401256184E10,1.7105777121622336,4
100,2.2530949928855204,0.040914340254939834,65.5375898189247,1.5192144480989518E9,0.48881106429633026,3
100,2.9303327669959045,0.07738266569035923,92.19684183028754,2.0034491370136995E9,0.4579932755026229,2
100,0.609275364482088,0.061510591174158386,26.557754276114615,7.048173839478927E8,0.5404770349465704,2
100,0.9395001379871121,0.06237463551110533,27.423101511280734,6.930934884788704E8,0.41730700965618545,1
100,0.9953272967772809,0.09799222730975239,20.859610954124047,7.756877560226219E8,0.40051201695241956,1
100,0.0,0.0,100.0,6.825390833158867E8,1.3657484993112434,2
100,2.247865495091489,0.04063576355402744,65.91707079770724,1.5219778224474726E9,0.48727912536303253,2
100,0.9440126822480828,0.06300149368998023,45.46300508364772,9.020081473822181E8,0.3905395021853664,1
100,0.9477914847150949,0.05152906210412429,27.724370108678958,6.18449713568895E8,0.4377191808629171,1
100,2.79630581567216,0.0931768512535132,100.0,1.7322630496369262E9,0.3803342997643912,1
