evolution$generation,alpha,beta,tsteps,popfit,indicsfit,evolution$samples
900,1.1396880264764593,0.08747228564294196,65.41552410903505,1.65008421715488E8,1.2296419633608495,8
900,7.829203859488456,0.04594876021794723,1.3282696829694005,1.65008421715488E8,1.2296419633608495,8
900,5.198010749803579,0.08372853734103372,21.503302546129113,1.65008421715488E8,1.2296419633608495,8
