evolution$generation,alpha,beta,tsteps,popfit,indicsfit,evolution$samples
400,1.1396880264764593,0.08747228564294196,65.41552410903505,1.65008421715488E8,1.2296419633608495,5
