evolution$generation,alpha,beta,tsteps,popfit,indicsfit,evolution$samples
700,1.8577379000447225,0.093221560493048,60.982316237316354,4.819244626851291E8,1.7971075217567516,13
