evolution$generation,alpha,beta,tsteps,popfit,indicsfit,evolution$samples
100,1.2737827586753236,0.09939794479431203,20.14010602549273,3.6327943843420506E9,0.8252529704366204,3
100,1.984134248906091,0.07584599617182815,91.02315162286355,8.65693937878939E9,0.5596129453980065,1
100,0.793683251518944,0.04209115625600249,65.83913207852615,5.801687120812172E9,0.6587914195338052,1
100,1.2737827586753236,0.09939794479431205,20.14010602549273,3.6280977437035313E9,0.8257207690910129,2
100,0.4444578198042057,0.09488058800332341,1.0,1.4664898881009433E9,1.0699359929152106,1
100,0.7953019175911892,0.04112422761670773,64.81204938408548,5.610710794908622E9,0.6668841496577299,2
100,0.684237129846355,0.07977353444843514,71.98305721273526,1.0316977224832556E10,0.5298196900019253,1
100,0.7936832515189439,0.014160412567208826,65.83913207852615,1.9846893406849694E9,0.9189433450954962,1
100,1.2737827586753236,0.0899951324322085,20.14010602549273,3.2697726074112043E9,0.8564072011022128,1
100,0.6842371298463551,0.07977353444843514,100.0,1.2439181176814743E10,0.48720895518250534,1
100,1.3224646395846582,0.09931298540887362,28.746478647706837,4.988030358089008E9,0.7288454921347929,2
100,0.9300656724324617,0.08988946755556411,20.063654210916486,3.7864051211110067E9,0.7781092762767274,1
100,1.8021353685093302,0.07574774206944138,90.3776321192785,8.843276617955782E9,0.5417171494447766,1
100,1.2008873639906794,0.1,14.03482395203151,2.6139422591114845E9,0.909285733728984,1
100,1.2389558197866986,0.1,31.221144496737537,5.552428332846081E9,0.6871257535910895,1
100,1.3182393133807486,0.09927844401733472,27.783504068185103,4.832047951308185E9,0.7398787775936416,1
100,1.2737827586753236,0.1,20.14010602549273,3.655199887257863E9,0.8232804607281922,1
