evolution$generation,alpha,beta,tsteps,popfit,indicsfit,evolution$samples
100,3.10376481266607,0.08567474519376993,35.527179878355696,7.154686233974631E7,0.5762744438720404,3
100,2.3016278846622513,0.043817396566227663,35.72707500517755,7.154686233974631E7,0.5762744438720404,3
