evolution$generation,alpha,beta,tsteps,popfit,indicsfit,evolution$samples
400,2.5027324219829987,0.07974347647982882,54.19705645243249,7.154686233974631E7,0.5762744438720404,5
