evolution$generation,alpha,beta,tsteps,popfit,indicsfit,evolution$samples
100,2.7831412892128604,0.03705729012977856,54.73081560031919,2.1481297763199174E8,1.04649671404745,4
