evolution$generation,alpha,beta,tsteps,popfit,indicsfit,evolution$samples
900,5.115342902100608,0.05619344177229148,1.0,2.1481297763199174E8,1.04649671404745,8
900,9.352909418147597,0.05080286192992767,1.525267261699946,2.1481297763199174E8,1.04649671404745,8
900,5.011128753447773,0.027957808837928033,54.48826700358109,2.1481297763199174E8,1.04649671404745,8
