evolution$generation,alpha,beta,tsteps,popfit,indicsfit,evolution$samples
200,1.5909260281653592,0.061954607542198774,85.19605970371308,2.5666367066720318E10,0.27176070711780964,2
200,3.2309327426518895,0.1,100.0,5.14892508786482E9,1.6014481072353823,1
200,1.6594695425239658,0.08994997129532714,8.525725658503696,1.55497452915098E10,1.0310618981512367,4
200,4.557721131943879,0.0721622638789479,94.89589090250267,8.653178554053673E10,0.8045757821631574,3
200,0.9559250074500941,0.04880377409450769,64.64932950001848,2.0062177327390507E10,0.34989391690968435,1
200,1.583901173249016,0.04853794838334387,78.27208927603262,2.1320025092735615E10,0.310218801386813,1
200,0.8622094993722927,0.007299073864905712,78.18176142523306,6.806406561492138E9,0.7671916144498557,1
200,1.426877002752625,0.06506388135537107,71.80897353304516,2.408298807310012E10,0.28176623019324915,1
200,1.5274067692945479,0.05952722326999785,73.33769177087166,2.307984719198647E10,0.2843810658915713,1
200,0.8231374399385949,9.56083623682713E-4,76.65722142665909,6.127215639191291E9,1.2205908513146153,1
200,1.541161905720072,0.05992005934881879,73.42050348998976,2.3148177671931717E10,0.2838019175881977,1
200,0.0,0.1,83.59118104558097,5.31873572391844E9,1.443473269613671,1
200,1.6382263216808477,0.04941944270032558,63.88473385588964,1.9564112035278023E10,0.36150439617493235,1
200,1.5303903147760824,0.06057125585131015,85.36520635775048,2.5402748532440716E10,0.27486612864494875,1
200,0.8031335403151153,0.0,87.35694376561126,6.344647450228033E9,1.1365688062710742,2
200,1.033296609735912,0.007611727460300376,78.0248904178635,6.7798233699194E9,0.8394740875691495,2
200,1.589595869198563,0.06723502569514386,71.11361898545333,2.4273211714624317E10,0.2768884226960873,1
200,0.8044708072809852,0.0,87.70626963410588,6.312520612626169E9,1.136329958411664,1
200,0.0,0.09099675910444034,100.0,5.266759968360986E9,1.4632061237539784,1
200,1.5397909438518158,0.06481160485908133,73.92707778996223,2.4318414069120495E10,0.2764611022270525,1
200,0.0,0.09752911726955042,100.0,5.306877897250702E9,1.4539399270650653,1
200,1.4896181443064505,0.06535816492768742,73.2003297915036,2.4303093716548046E10,0.2784375871323228,2
200,1.5242777438989032,0.06524099965027268,73.32261305141981,2.4306492505555145E10,0.27731158884440876,2
