evolution$generation,alpha,beta,tsteps,popfit,indicsfit,evolution$samples
200,0.9982614583395253,0.0,49.74838664029823,1.0234909408153445E8,1.2269269069484925,1
200,0.0,0.0,1.0,1.0489453378702939E9,1.3291018894437692,4
200,0.0,0.06797427286569828,50.76363426582528,1.0970741926581715E10,0.20341674597828568,1
200,0.273022713026128,0.03499260973058579,37.01008846334163,5.759002473051566E9,0.28806720010237274,1
200,0.18058459991453502,0.023581906157188155,36.283900419234826,4.1501441808685956E9,0.4461111936904153,1
200,0.23201228150612696,0.01637422909607993,62.57104431334603,4.741445475610772E9,0.376567824823108,1
200,0.0,0.007093699026970195,56.433779175478755,2.6134486430777817E9,0.7806756909215792,2
200,0.3367192269377955,0.018653989088978248,36.05560086697515,3.135323442660118E9,0.5815955012629443,1
200,1.4096905960661198E-4,0.006596232075700111,56.831319826188455,2.2828272150105186E9,0.8392923302304027,1
200,0.07539021573193472,0.004997135000365336,52.47817605411762,1.7487574992619524E9,0.9104148330636441,2
200,0.0,0.0371726644661902,100.0,1.1171182283310444E10,0.20657170982763146,2
200,0.24153281844809638,0.028884566246916512,33.60730967165666,4.577319850436163E9,0.3875449716648216,1
200,0.20943853260144416,0.038193815720225496,23.428065761752414,4.371766670692341E9,0.4085215154743231,1
200,0.23069854473029974,0.019345081354748918,51.85198009359399,4.659277713386687E9,0.3843807686596692,3
200,0.2978688297873462,0.020518843677403954,33.579984767212196,3.2584184939439273E9,0.5468289450932476,1
200,0.0,0.0410752863955483,99.791207978755,1.1505630966888508E10,0.21525567357446274,3
200,0.24201975989892566,0.029132499128481062,34.129686878209824,4.61198424420586E9,0.38685164618435547,1
200,0.0,0.040999361906591064,100.0,1.1504414518921926E10,0.21563599383720103,3
200,0.0,0.0,50.97186781067439,9.490735238236006E8,1.2478774394970302,2
