evolution$generation,alpha,beta,tsteps,popfit,indicsfit,evolution$samples
100,0.06873077737103772,0.0158088600950155,56.55578640864397,4.534598987864458E7,2.1950582949891646,4
100,0.06873077737103772,0.013612863339291388,56.55578640864397,4.534598987864458E7,2.1950582949891646,4
