evolution$generation,alpha,beta,tsteps,popfit,indicsfit,evolution$samples
700,0.008973842812272275,0.01773966466343553,56.955624658557696,4.534598987864458E7,2.1950582949891646,8
700,10.0,0.0981853030553947,13.793330553269879,4.534598987864458E7,2.1950582949891646,8
700,0.07467916745745765,0.010661448680031575,24.56292745788711,4.534598987864458E7,2.1950582949891646,8
