evolution$generation,alpha,beta,tsteps,popfit,indicsfit,evolution$samples
200,1.1777976063057864,0.1,49.00364541931317,2.6290507304831203E10,0.5818674769672686,1
200,0.7942454131971683,0.09335568257392364,1.4312303146781877,2.4627767641950502E9,1.2199655705723091,1
200,0.8427083623091169,0.09143061861027718,7.117828713856074,6.75949444690765E9,0.9461773316802479,1
200,1.6629542690996617,0.05833770052366301,14.230341044524359,9.052665209089167E9,1.202010014043787,2
200,1.2244588414751325,0.015891636775625103,84.16380812755075,1.0012010274082174E10,0.8543003265900309,1
200,1.1929073052119739,0.1,37.385739842331894,2.3122691695809647E10,0.6319211836107085,1
200,1.229642630699004,0.05672305385352875,49.02453137864987,1.9232713776869877E10,0.6974292933338032,1
200,1.5975830381527856,0.016849322723663043,84.51158913216388,1.1053801517183716E10,0.9935708747859276,4
200,1.3693938200323985,0.012071974230492156,23.45399654540788,2.9959185352026186E9,1.3524565670871307,4
200,1.1269648334591233,0.05148448079957124,32.083867824560095,1.321678406798111E10,0.7796813079698495,2
200,1.2118883087949281,0.09960127803508882,48.255770244278786,2.5756286319076088E10,0.5919546095206175,1
200,1.1797749834267857,0.05686725654896022,49.24065695277991,1.946867270416693E10,0.687528335006167,1
200,1.2292673257874323,0.05704919543873887,49.124459821394,1.928631543616006E10,0.6960494346036101,1
200,1.1381634881127543,0.04932686111986482,35.76703163609052,1.4090436927233059E10,0.7653499539086118,1
200,0.7063738522812639,0.06444291945314541,3.0821790169201595,3.415293600252939E9,1.1531337681525335,1
200,1.3686464711234567,0.012071974230492156,23.46052096080819,2.99487630313164E9,1.3534652012775332,2
200,1.1739544471055356,0.05686387719135752,49.21892280727811,1.948275457052016E10,0.6866766670147894,1
200,1.8646320524906357,0.0568794199659048,50.27736162491498,2.241520697982258E10,0.9430009770464727,4
200,1.22928982753515,0.0568794199659048,49.310363478315246,1.9246680684521362E10,0.6972804437351642,1
200,0.7352301408984868,0.0883835105643792,1.0,3.341356223189863E9,1.2343865773451892,2
