evolution$generation,alpha,beta,tsteps,popfit,indicsfit,evolution$samples
200,0.5764661410087157,8.459074968945935E-4,72.76490822262542,6.849820801920659E9,1.0024186174964682,5
200,0.7834925495083276,0.0830330909198017,72.94554280437754,9.11606058771484E9,0.4827920334991536,1
200,0.35588999286701645,0.004935754093495264,88.58615268667626,3.920134103025428E9,1.515503986228346,1
200,0.7875891679317266,0.058382006466609154,74.9090960772418,9.125284198649725E9,0.4988449569034912,3
200,0.7216131057459902,0.04133233500315148,41.88106563529036,8.088070125635702E9,0.5848228277919185,1
200,0.6744622487249418,0.039997399298263764,71.31982197502494,7.444695232767074E9,0.6083574711982673,1
200,0.6547364236339935,0.014504941118898499,75.39130567911117,6.749617407208238E9,0.6943582952346228,1
200,0.594286741995863,0.0076316767504496135,98.65178265926272,5.724817188717707E9,0.8272520906798032,1
200,0.7163813904463379,0.01553679085378152,71.05734773635415,7.72240022202426E9,0.6373990610822295,2
200,0.6410258512508857,0.0066503205117585396,90.20530452198824,6.538823728711802E9,0.7748343983549522,2
200,0.7153814802867986,0.01501299674575005,70.55372923594422,7.821256862114721E9,0.641174144747428,3
200,0.7262183645101503,0.016900992050196777,70.65383458723755,7.982013939577095E9,0.6222450366257171,2
200,0.3788892471159774,0.03727804292579399,23.649364656754997,4.324371366624777E9,1.264344132881214,1
200,0.3910958233307748,0.037599491710140806,17.082138098249796,4.578961745052378E9,1.2466644354080993,2
200,0.7950802804317452,0.018172362851218836,73.23242866880324,9.109551685538101E9,0.6194085886056961,2
200,0.4848948928847982,0.037570079537710944,17.384765094287896,4.993275070100433E9,1.0136496045264014,2
200,0.29105636604296325,0.029269967659387542,16.83788102829037,3.9284715354203277E9,1.4972095854135068,2
200,0.4891675956937851,0.03755852484695718,16.852112934257065,4.7860255984162035E9,0.9931774510108118,1
200,0.3822187562581769,0.010458191140030496,74.02329055122402,4.149422448691735E9,1.3599202265726065,1
200,0.3797452010566359,0.03723285721285496,21.594085046396803,4.312082596652845E9,1.265055930897637,1
200,0.35994942809338487,0.005044089003917652,88.56574849098347,3.924333690217755E9,1.5042997299873726,1
200,0.6343931614105747,0.015171088672275089,68.76568783843665,6.402989272393559E9,0.7216665352085717,1
