evolution$generation,alpha,beta,tsteps,popfit,indicsfit,evolution$samples
900,3.1999987083519166,0.05063887921978327,26.60623501321068,8.615894685213926E8,1.1601926070821111,8
900,3.83347764860912,0.05881027580446986,28.218748333201344,8.615894685213926E8,1.1601926070821111,8
