evolution$generation,alpha,beta,tsteps,popfit,indicsfit,evolution$samples
100,4.493042417563949,0.039877469849675086,11.205590899508987,8.615894685213926E8,1.1601926070821111,4
