evolution$generation,alpha,beta,tsteps,popfit,indicsfit,evolution$samples
800,3.83347764860912,0.05881027580446986,28.218748333201344,8.615894685213926E8,1.1601926070821111,8
