evolution$generation,alpha,beta,tsteps,popfit,indicsfit,evolution$samples
100,1.1717619124691803,0.0370012471706696,88.78378257404867,2.92112324476401E9,0.3832205294099307,4
100,0.40170020077541224,0.07129563231696548,10.400119069920631,1.477403866967989E9,0.7789098634689384,2
100,1.9766551418261358,0.08564962680618489,98.74346483804167,4.338253780052622E9,0.3747807139875998,2
100,1.1718307556718726,0.031633281541012026,63.28607267853205,2.8953039582512865E9,0.4826530850009174,2
100,1.492057423715114,0.07125061270872944,98.56236590199964,3.535709301098512E9,0.3234529373158745,1
100,0.4945244963661054,0.0826315427926466,59.6271395754573,2.0339530475168698E9,0.5564146818310172,1
100,0.8877782504795833,0.04023567840885501,81.75166405733258,2.376704066804932E9,0.34794533789767434,1
100,0.39672839012632677,0.01886371036193381,92.7736814239242,1.507257963131389E9,0.7402455806929776,1
