evolution$generation,alpha,beta,tsteps,popfit,indicsfit,evolution$samples
300,3.0089538954575206,0.09350428416726975,70.63128716136923,2.9175561160448994E7,1.5130320497896872,4
300,3.4142134898323793,0.0033945495908284332,33.390395012327836,2.9175561160448994E7,1.5130320497896872,4
