evolution$generation,alpha,beta,tsteps,popfit,indicsfit,evolution$samples
200,0.5619053906996718,0.0,94.62828720921762,9.550408925728457E8,3.6116349080832286,1
200,1.2664489954726355,0.037712857645651576,80.17255864207553,1.0541313577123969E9,2.124216252109251,1
200,0.0,0.030238456187365804,100.0,9.840225257246319E8,3.3973234226845457,5
200,1.7078960982772085,0.06117506240624673,64.96243398290557,4.4951925274066444E10,2.899439326851859,4
200,1.5732799861803448,0.013503825606192522,7.767537542950033,1.2737954604135427E9,2.7345833811792817,3
200,1.2702654605705044,0.05840876230551681,62.25601446296694,1.0907894280319858E9,2.2269407650793616,2
200,1.3801573620382919,0.015750242532003935,9.535823028961047,1.0336353360924561E9,2.852646730480238,3
200,1.0888815491138668,0.02272345411277403,69.5134910085996,1.0197801323902863E9,2.7782711022273796,1
200,1.1010275326218772,0.02491393176535517,76.43344478338368,1.0240923470732325E9,2.6751875402325953,1
200,0.33003194197568997,0.09059781648379253,100.0,1.04502841851884E9,2.6571642643248405,1
200,1.1101877933055282,0.05919430503815894,65.66782993219184,1.045829461697014E9,2.555716165669054,1
200,0.9391324889570769,0.02601867731945827,68.81433274070602,1.0029614648193228E9,3.0875772616235717,1
200,0.8796288414532228,0.0260795604210588,65.1733234221058,9.887763879325814E8,3.2244021320254985,2
200,0.2566211046186647,0.020438479636736083,66.505794498659,9.64265820012566E8,3.7517477026734922,2
200,0.5774515850491698,0.02598153591237823,68.86075333600938,9.717673393497312E8,3.5387381709672905,1
200,0.0,0.04474514598533446,49.85404373849117,9.760042023358701E8,3.538162397014289,1
200,0.0,0.02498183869288327,75.61872971971395,9.764231189660969E8,3.614168643977224,3
200,0.5853172871768233,0.04957910957970734,47.19982639394404,9.808476215356387E8,3.4139795270700866,1
200,0.0,0.023217326236498304,100.0,9.796606557010696E8,3.5268268400987215,3
200,0.024427402580782243,0.024538506062977118,74.58189171549444,9.810362624091257E8,3.730423884298332,4
200,0.0,0.048483193426042764,50.21188110550214,9.795363985275697E8,3.4996016722099146,1
