evolution$generation,alpha,beta,tsteps,popfit,indicsfit,evolution$samples
300,0.8358526399795814,0.06897183542536921,68.336369733394,1.051144259564119E10,0.6380341015747514,4
300,0.0880244385524204,0.09260209562089615,1.0,1.3930850862391558E9,1.5811331497043322,1
300,1.9483605172774503,0.057316549513510597,67.99983281781064,1.1219035740469349E10,0.9027245113923423,5
300,0.5588338667678827,0.0657992103399523,23.984531998232665,5.575974382312296E9,0.9148993159511372,2
300,0.1616572058080875,0.08668546103160928,6.836727850877728,2.178691829388195E9,1.3597234149235715,1
300,0.553007902203131,0.09646133025956394,25.033655201031117,7.558476859517398E9,0.8455809281779173,1
300,0.0,0.1,4.988969522508282,2.893864909485633E9,1.4364703219285375,2
300,1.043236058646856,0.06863705590366317,58.26754045768779,9.280603357188993E9,0.6653333897143783,1
300,1.05362109035307,0.06826524279751288,57.37545895958473,9.187358286009125E9,0.6716722312504709,1
300,0.554747597981789,0.09294777361489713,25.27297153215401,7.427809717673453E9,0.8485817471533333,1
300,1.2374751075073749,0.07310656567027865,49.1905359099659,8.98063682100983E9,0.7268974394662193,2
300,0.8156033970163199,0.06937036854654431,66.0461144812622,1.036236594223679E10,0.6480751739155347,1
300,0.0,0.1,2.3583394341413877,1.6119492755445156E9,1.6161960846956218,2
300,0.7668144242620378,0.0658364184225828,62.71472026003044,9.811620564398752E9,0.6860165624221409,3
300,0.0,0.09441090880384582,1.0,1.445761879664816E9,1.7956010904728825,2
300,0.0,0.06859072369795172,58.33311459347976,1.6582370929403157E9,1.871354627669682,4
