evolution$generation,alpha,beta,tsteps,popfit,indicsfit,evolution$samples
100,0.0,0.06859072369795172,58.33311459347976,1.6581648481784256E9,1.8701426430938914,3
100,1.9483605172774503,0.057316549513510597,67.99983281781064,1.1219035740469349E10,0.9027245113923423,3
100,0.0,0.06928159484582899,57.163435671096124,1.6565551507172952E9,1.8716325682160815,1
100,0.605966199292508,0.06865700413695146,58.409139772208526,9.943725647530106E9,0.7572708807999903,1
100,0.0,0.1,4.988969522508282,2.8939757124573326E9,1.4367882667487732,1
100,0.0,0.07472086716033742,67.6656711510947,1.6449983607802105E9,1.880544867556293,1
100,0.0,0.06923229396030144,57.181567281884085,1.6568398709025755E9,1.869684828406565,1
100,0.0,0.0691152117013774,57.27499713883907,1.6570306641448748E9,1.8663264101216754,1
100,0.5588338667678827,0.0657992103399523,23.984531998232665,5.57658655340755E9,0.914351271022775,1
