evolution$generation,alpha,beta,tsteps,popfit,indicsfit,evolution$samples
200,0.3396084817778666,0.014091673565218343,70.07370415966048,2.1202941880048084E9,0.7936222125632726,6
200,1.0452818772699024,0.06484490785931436,47.626589449827556,4.610580302032873E9,0.43083474722448695,1
200,0.5760769360179046,0.001851065238648395,71.16417532007188,8.554291174500626E8,1.5379709854807952,1
200,0.5825765359858183,0.027484032714585927,71.69127941759712,3.5387769087348166E9,0.46170459609139586,1
200,1.0366218142622539,0.06466930490829963,45.1609008286703,4.48006120927044E9,0.4449920380831606,1
200,1.949520506134507,0.06686724798983613,50.430778570597724,4.824523019283368E9,0.5602356746574177,3
200,0.2855154549638401,0.036090782662072066,1.0,9.938768965830568E8,1.3521236386075979,1
200,0.8262820760196208,0.0083435389923103,53.27388269703065,1.0788568644343202E9,1.3310605378053195,2
200,0.527945711712777,0.007888450608147357,75.48204769849292,1.2741031369103951E9,0.7953255930522273,1
200,0.7612748745550918,0.0,100.0,1.142194532370747E9,1.2051712912179,2
200,0.5275457205994514,0.0077212346515796795,70.99089905911912,1.2029981425098639E9,0.8355856014419014,2
200,0.3383061270828213,0.012601208256982048,77.95387535448221,2.1147207089251435E9,0.7963280501074707,3
200,0.41951447429260924,0.014204001943868248,69.35855536055031,2.0374010497214441E9,0.7207721254953323,1
200,0.5097483534124969,0.007596134219260291,73.02697831441604,1.2151576589089177E9,0.8098869331169022,1
200,0.6824213912275318,0.0,69.57247950208838,1.0507924020668507E9,1.2019403054275233,1
200,0.46405840083957733,0.015249581472258007,70.00877456683934,2.1429920901634836E9,0.6612910660721991,3
200,0.721638437882729,8.664096646650919E-4,65.76180185858556,1.0090410777158068E9,2.0534707681608637,2
200,1.9217649887289974,0.05916433484391958,51.296392969190975,4.59410170049308E9,0.5945993600156194,2
200,0.49639791415111634,0.015361864010375632,70.16579102115831,2.1507971931958466E9,0.6353003631020521,3
200,1.0435653938842442,0.06466005734677818,46.60162305930993,4.569055159213936E9,0.4358196847568727,1
200,1.080053419878378,0.06484990498349615,47.55956662134009,4.606870271352023E9,0.43808574054497285,2
200,0.0,0.0,71.1900949611302,1.0234352703367152E9,1.5243543337743195,2
