evolution$generation,alpha,beta,tsteps,popfit,indicsfit,evolution$samples
100,0.2838350676047974,0.09019982790926885,15.440725868842812,5.728787661056174E9,1.833027876313869,1
100,6.242759590838899,0.06045231868665826,100.0,8.598760293239185E9,0.6593406820487714,1
100,1.9818873200033973,0.0812614371946323,15.318580623980047,2.3390674155828327E10,3.3967579749714822,3
100,7.60641647337062,0.1,86.01873433233813,7.134547229833249E9,0.8369108767940238,1
100,0.0,0.08794874253589358,6.5418725394684065,6.367932067369908E9,4.327509756447013,2
100,7.364674028036359,0.06390623347683226,87.91671221767854,9.028050262318752E9,0.6985656774429798,2
100,0.0,0.09121769183162468,1.0,6.392129932643508E9,5.27326273809805,3
