evolution$generation,alpha,beta,tsteps,popfit,indicsfit,evolution$samples
100,1.5087254715253116,0.005689689824204559,41.16053420604928,3.9956919731822275E7,1.6522685095609535,1
100,7.084172273912463,0.025382509109659213,36.58377770958907,1.8254554730616478E10,3.4540074543978303,4
100,1.0665707182452118,0.0440564435934476,75.23848899268896,6.987860961819799E8,0.3981956412602786,1
100,1.640223039342699,0.09129442253225717,15.719770431615903,3.730446938012009E8,0.6906919125344767,1
100,1.6752517860029472,0.07870180422142514,28.601021359681212,5.443764188811991E8,0.5446969301720458,1
100,1.5162500599095052,0.04267289840643412,75.04330804130386,6.408630389099565E8,0.4313897685396886,1
100,1.6355596844021958,0.08632444122393784,13.070587505943356,2.9588844906635076E8,0.7890687305285077,1
100,1.6232875904350146,0.1,5.348945819172377,1.160738342639301E8,1.1662527021323439,1
100,1.6713856272181429,0.09193103348673229,16.37735156321575,4.027663432467105E8,0.6747584489056782,1
100,1.5628602147707666,0.09166390138776086,13.833489284522658,3.258512379696456E8,0.7213905677696021,1
100,1.5606289600072127,0.1,7.290634087390415,1.53246508875947E8,0.9950027101761115,1
100,0.898015705507236,0.049656331939141596,67.00839365793452,7.418396589023991E8,0.4203424343381971,2
100,1.5625108235254812,0.0999008860574569,8.075189650944388,1.8078925975673863E8,0.9386393977963168,1
100,1.6373949569345856,0.09173385775252338,13.663319280785222,3.109232659854552E8,0.7561382781324906,1
100,1.4782479217552926,0.008504894618703332,38.33936927385051,4.478470042673013E7,1.4759298386739308,1
100,1.5087254715253118,0.005682624948246118,41.16053420604928,4.046358083334762E7,1.6551615592848776,3
100,1.637395176356864,0.09173386018879498,13.663319280785222,3.0962596182419395E8,0.7570354414350572,2
