evolution$generation,alpha,beta,tsteps,popfit,indicsfit,evolution$samples
200,0.868432439818545,0.06829734027657126,86.05205190955962,1.1965099134755804E8,1.3872418480524766,4
200,4.32492186218836,0.002419211666620491,20.330306465392912,1.1965099134755804E8,1.3872418480524766,4
