evolution$generation,alpha,beta,tsteps,popfit,indicsfit,evolution$samples
400,8.819723045061307,0.0030188261943641993,65.45550806842775,1.1965099134755804E8,1.3872418480524766,6
400,1.9188607943711982,0.062203417787106155,45.41096634768144,1.1965099134755804E8,1.3872418480524766,6
