evolution$generation,alpha,beta,tsteps,popfit,indicsfit,evolution$samples
200,0.7377057106040508,0.09000526178998745,74.98481405051021,5.389505896106725E10,0.8955923163883919,3
200,0.55665834729646,0.032168109743234675,18.09283954967217,3.696589552914084E10,1.8172695950773576,2
200,0.6727453990528343,0.031728324723035974,40.57548608512143,3.976792530716646E10,1.4390678684830078,5
200,0.7240358889200343,0.06110360636899479,52.6783671156588,4.761656132714836E10,1.109763586632755,1
200,0.5931853716525821,0.028010496916760483,39.62805411257201,3.868848605763896E10,1.5586870195213514,3
200,0.6797835104958148,0.042531599659792425,39.00968761328389,4.169656266474305E10,1.3449263732458514,1
200,0.6007617651884858,0.031405561996121704,18.8296012538959,3.737146110068888E10,1.782719330293202,1
200,0.680048176403832,0.03169187468230796,41.57792681352459,3.992399081426239E10,1.4277998547821618,1
200,0.6391139341999195,0.031728279632025874,40.58310421468113,3.96690525965939E10,1.4597932595834948,2
200,0.7040855033594156,0.028634122340054136,35.159432364400175,3.885645581153392E10,1.5392821392345384,1
200,0.7578882592214308,0.06414629707272321,51.849596415583896,4.784020283171464E10,1.0855231308236428,1
200,0.6792413911418792,0.02787908107102557,40.57181676100012,3.894855888359894E10,1.4997540560350155,2
200,0.896758565100374,0.06299432289369687,53.215679060546876,4.88728908170974E10,1.0629958392072028,1
200,0.8232791383943794,0.061666008484344705,52.73486609986777,4.786232199840375E10,1.0765308730753724,2
