evolution$generation,alpha,beta,tsteps,popfit,indicsfit,evolution$samples
100,0.9432330662489652,0.022625861083138844,70.70330526154163,3.5835600754966164E9,1.4632884159479753,1
100,0.0,0.09291000626797433,99.39425544678461,1.0491572811289088E9,1.9911166296781488,2
100,0.13427485246629906,0.0956026954806495,74.05416489551813,1.0506414077510648E9,2.675674320552466,3
100,1.8078517535173264,0.0352259760432708,22.919798370270435,1.4117159892723255E9,1.9535326444234902,2
100,1.118962359030429,0.09201532494578363,60.672819653312494,7.232504779281213E9,0.8460596020358389,1
100,0.20649063049531247,0.0917799079443547,61.272673204799524,8.331520495073055E9,1.2681905134088778,2
100,1.656781269079088,0.01819182353625984,23.03338280858775,5.763408645189766E8,2.293409753361,1
100,0.117707435696948,0.09733916085808775,1.0,1.0502618087402028E9,1.7430983471636936,1
100,0.0,0.06330378365811933,100.0,9.94536155646322E8,2.0347979212517693,1
100,0.0,0.07269602111022903,66.71012998281915,1.0108372512460859E9,1.9707729922032131,1
100,1.1336851970225088,0.09207449794305635,60.5998154952928,7.222198770225339E9,0.8475328856933408,1
100,0.24854059237747458,0.09679348607400913,2.759415829969513,1.1627163114703712E9,1.6066836191270455,1
100,1.6611349270739761,0.1,17.307295512327435,3.5640149567422795E9,1.4661092691015065,1
100,0.0,0.05703538373213604,92.9856897853203,9.835227593825321E8,2.0423051836491766,1
100,0.1109451754882635,0.09722621162073145,10.769311015646158,3.5116661599351864E9,1.5750264368271536,1
