evolution$generation,alpha,beta,tsteps,popfit,indicsfit,evolution$samples
700,10.0,0.017956056916505366,1.0,3.1885929460973465E10,3.733942873804071,7
700,2.444063626841868,0.09552136165444658,26.28182801888977,3.1885929460973465E10,3.733942873804071,7
700,10.0,0.019220983224374013,1.0,3.1885929460973465E10,3.733942873804071,7
