evolution$generation,alpha,beta,tsteps,popfit,indicsfit,evolution$samples
100,3.665409079854509,0.09949309047498683,88.12208800704875,1.4667986506203017E9,0.602517051557686,8
100,1.1499463745847027,0.09116741226686365,58.12864540339349,1.1172597863707192E9,0.4005199451993968,3
100,3.024092488233209,0.07767194225921219,100.0,1.1864294367117777E9,0.2982714654038338,1
100,2.7308239050185534,0.07714644143443497,43.07842510948563,7.748494451347084E8,0.4476415855966902,1
100,2.737117093187169,0.07716130722679858,35.42789531990843,7.019993726949155E8,0.5599948719361452,1
100,3.018135491273004,0.07753342238257452,100.0,1.187123863949448E9,0.29749817093725456,1
100,3.1345537361092917,0.0775657998917385,99.81457175091744,1.1813070589461684E9,0.3089752994700897,1
100,1.9798001894258033,0.07555013949172716,49.946626608807414,8.887399231759124E8,0.3097201688514167,1
100,2.962756543005576,0.07760983786236472,99.95130680830877,1.1891822195189936E9,0.29462944838672045,1
100,2.6679292828461,0.07719566114260668,36.846682081827474,7.087301003573776E8,0.49703702264930705,1
100,2.208468197642568,0.0765487331408287,45.10051708501122,8.246990238631089E8,0.32926377957949543,1
100,2.2666881487789854,0.0772516742697396,100.0,1.2107416665015922E9,0.2923030630554316,1
100,2.574035485867623,0.0776086657174605,63.5581988215471,9.890348144446456E8,0.311546635958675,2
100,0.0,0.006645795237570163,58.12864540339349,4.1428691001207983E8,1.3839868718329038,1
100,3.1345537361092917,0.0775657998917385,99.81457175091742,1.1814570305093913E9,0.3064621839249405,1
100,2.5717037241968494,0.07608715445176488,43.7332161259441,7.768485483935283E8,0.39100225939555017,1
100,2.474962691253219,0.07735231020735592,43.52687617737239,7.910902361419817E8,0.366375769103786,1
