evolution$generation,alpha,beta,tsteps,popfit,indicsfit,evolution$samples
100,6.357561087651195,0.08326728561682135,98.75064208694938,5.773324669429564E8,2.222682744586586,3
100,1.325519331578302,0.06493452530991439,62.69800763362932,5.773324669429564E8,2.222682744586586,3
100,9.715604719554719,0.07061109082795176,82.61039441097367,5.773324669429564E8,2.222682744586586,3
