evolution$generation,alpha,beta,tsteps,popfit,indicsfit,evolution$samples
900,8.49111456529644,0.1,100.0,2.8172906306543015E7,2.753021759237042,8
900,6.383149353587017,0.06906373095455058,77.05643829034612,2.8172906306543015E7,2.753021759237042,8
