evolution$generation,alpha,beta,tsteps,popfit,indicsfit,evolution$samples
300,7.973578408238177,0.037705634826656786,39.83366937187089,2.8172906306543015E7,2.753021759237042,4
300,3.5560542524093597,0.045202078745220975,81.44197668059776,2.8172906306543015E7,2.753021759237042,4
300,1.099692478381409,0.09476086362983785,100.0,2.8172906306543015E7,2.753021759237042,4
300,8.49111456529644,0.1,100.0,2.8172906306543015E7,2.753021759237042,4
300,7.753951347044332,0.052909172004071886,1.8861066066199728,2.8172906306543015E7,2.753021759237042,4
300,10.0,0.0,79.46186717360554,2.8172906306543015E7,2.753021759237042,4
