evolution$generation,alpha,beta,tsteps,popfit,indicsfit,evolution$samples
100,7.753951347044332,0.052909172004071886,1.8861066066199728,2.8172906306543015E7,2.753021759237042,4
