evolution$generation,alpha,beta,tsteps,popfit,indicsfit,evolution$samples
400,8.49111456529644,0.1,100.0,2.8172906306543015E7,2.753021759237042,6
