evolution$generation,alpha,beta,tsteps,popfit,indicsfit,evolution$samples
300,1.5965980516150857,0.08867895035316785,83.96196273077945,5.2767832809296143E8,1.2628491653529081,5
