evolution$generation,alpha,beta,tsteps,popfit,indicsfit,evolution$samples
200,1.1510542430648285,0.07075826100985005,80.2704844889295,6.5775674150309725E9,0.4332732256187158,1
200,1.444068697876888,0.0728640093144602,39.48540499918749,4.467977493292435E9,0.46873230691530376,5
200,1.3822602027796145,0.0,2.9642474575876383,1.0566833123805189E8,0.9677612986250662,1
200,2.528098210253086,0.031510035521053296,40.41649285967471,2.22596381724822E9,0.6287291197543122,1
200,2.215172888211479,0.05813727074976527,16.042016183619648,1.5256901840908535E9,0.6686071403990224,1
200,1.3909654312229724,0.0696481282678687,74.48033413094679,6.182344095111068E9,0.43555290681130765,1
200,1.1308545087052562,0.07101858917487179,80.34997143319275,6.596971882164444E9,0.43536398800266296,3
200,0.9312291835801768,0.050465212265877635,28.34083144389564,2.615490807901537E9,0.5266160030248346,1
200,1.1347183997289072,0.07001474417273897,80.58474948454331,6.556176106169228E9,0.43563518502403603,2
200,0.9523081994184537,0.05262329381153428,28.369780070799926,2.757535368051834E9,0.5193989408943671,2
200,1.2905739643094591,0.07375424702723472,35.05217462372456,4.1838615474381127E9,0.4708653114245831,3
200,1.2306152669314292,0.07636295764038253,28.89890899200814,3.7859814740022955E9,0.48056388030803965,1
200,2.2279334338106844,0.040467500602171906,7.33371248782172,4.7807078221068645E8,0.9827823360371054,2
200,2.5849123829012255,0.05964834034143288,8.425785018126522,9.97196074041322E8,0.8625581519627055,1
200,1.4478377238055449,0.073460983684618,38.95336661189678,4.485625599154048E9,0.468494207028299,1
200,1.247726143736121,0.0737481954868858,31.69626809673502,3.9156731123756676E9,0.47747337436871273,1
200,0.3763468205606789,0.059322973091019575,1.0,3.258554052604621E8,0.8802052716455705,1
200,1.3052912260912788,0.07414231895846049,35.922065188812866,4.275494800163891E9,0.4690058240666879,1
200,1.234321170527135,0.07771469006050732,28.905399815472226,3.82337205038896E9,0.4797035556620332,1
200,1.5093612255247193,0.06002157484424908,31.46240656627146,3.2745610033384337E9,0.5088196646656945,1
200,0.9323480530512387,0.052346809893911064,28.22480278645763,2.7012194789366436E9,0.5225428328301538,3
200,1.2747778749400516,0.1,37.366496993569775,5.286018711005156E9,0.44949047190404084,1
200,4.157238674729835,0.09352676682813743,82.62218106964666,8.088369432496717E8,1.2035810208380102,4
