evolution$generation,alpha,beta,tsteps,popfit,indicsfit,evolution$samples
100,1.0624004488488346,0.03698865500169974,86.71000913649058,1.0077660007724434E9,0.10118422101236613,1
100,1.912359449889438,0.07008511657418011,55.572912957455884,1.295454944085983E9,0.19878107809312295,3
100,0.5904083726769817,0.022555767245596398,17.62243117248373,3.413930533621888E8,0.7037671473617546,1
100,0.6501894341975658,0.01564908042719036,68.77692936627867,5.263154000426793E8,0.3072168361180385,1
100,0.9872690327596056,0.021881806272965588,72.68751012559716,6.760250216289449E8,0.2499369539103541,2
100,1.1899768325438909,0.016038226038930747,44.5541300621393,4.800450191261722E8,0.8011034472980436,2
100,0.988905532473715,0.023159169169647595,74.09774552703838,7.090801672247456E8,0.2232636030719898,1
100,0.7843304688189067,0.02248583435332941,85.87122038845139,7.706652025632564E8,0.15402013241774362,2
100,0.483752253471188,0.02315309894304174,19.48004487800328,3.5835271143257535E8,0.7012993876624805,1
100,0.9777424974278475,0.022096144052639276,73.90945076530559,6.848509097428371E8,0.24057909554433404,1
100,0.8040116743138725,0.036322268289351055,87.33684295302928,9.998119440343086E8,0.10635717765391979,1
100,0.46343541959099727,0.0,72.68751012559716,3.8683271680107564E8,1.470824523931299,2
100,0.7171193161009315,0.007052900209865204,92.404698456342,3.875799388699603E8,0.5704039656786454,1
