evolution$generation,alpha,beta,tsteps,popfit,indicsfit,evolution$samples
100,2.2753154863291702,0.026338089660226438,67.34963319196896,2.7640413112588036E8,1.9968958363680172,7
100,1.5341218455078431,0.08388713290639123,96.89539151309447,3.13464804225157E8,1.7089766442397822,2
100,7.479818731527974,0.048313729183864056,67.26220471693532,2.8664621780450773E8,1.8557425884314442,2
100,8.957093510261787,0.06080469853090589,94.16158671084058,2.954892594512609E8,1.7969213852333163,2
100,4.233408398583176,0.08244369485572992,25.899383034209027,3.0132802254046535E8,1.714089522673727,2
100,7.684826042532182,0.06565329163801173,75.04491485347971,2.977869577666758E8,1.7766233624491865,3
100,0.0,0.08388713290639123,96.89539151309447,3.1608436349331033E8,0.854395920906255,4
100,2.012866351768359,0.028140808254223926,63.3024602376667,2.7677117387487817E8,1.9823083035963045,1
100,5.159762429094366,0.020013536252646347,77.72117617463763,8.681233174159721E9,0.4222757256350894,2
100,0.0,0.08526889202800143,28.342482455584502,3.157341699406178E8,0.6213377797396283,1
100,0.0,0.054801019721628236,68.55595488999403,2.946480505453843E8,0.7947450434949078,1
100,10.0,0.0825015944774003,25.029506156594746,3.001625389551236E8,1.7141697190041203,2
100,7.958798894438118,0.07321810255469956,37.665253680431185,2.9833499448290396E8,1.7472151792043848,2
100,9.885005686900703,0.029704631531094396,80.02993476955488,2.781410849548895E8,1.9705706666698228,1
100,0.2724353479160943,0.09097145379188079,13.378195024042585,4.733773322953516E9,0.1781285198355537,1
100,0.0,0.03843391761467066,67.36444925870285,2.851375444016903E8,0.8011650163270483,1
100,9.715128278065869,0.021599520266145655,74.91341186325558,9.298578094119278E9,0.38269048754206,2
100,9.64748927932719,0.021236898426758757,76.84842090204033,2.746192547433888E8,2.0430466868381725,1
100,9.845629344937553,0.02473680474052495,73.58615973997829,2.7579533461968845E8,2.010747597460845,1
100,9.880597100862984,0.02925010777479003,80.02248891451858,2.779328712278885E8,1.9740148140106097,1
