evolution$generation,alpha,beta,tsteps,popfit,indicsfit,evolution$samples
300,2.2753154863291702,0.026338089660226438,67.34963319196896,2.7640413112588036E8,1.9968958363680172,7
300,0.0,0.0,21.302793113123595,2.3514918573135895E8,0.05752567194442373,1
300,0.2537939173277769,0.011604396489688518,11.607968165069842,2.5997168308535904E8,0.10640670399286584,2
300,0.28570276287495805,0.08637225143161746,12.995674440932516,4.300476879176256E9,0.16080162256593583,4
300,0.0,0.08388713290639123,96.89539151309447,3.161025395940454E8,0.851053956897595,5
300,10.0,0.0825015944774003,25.029506156594746,3.0016936252347183E8,1.714160266563433,3
300,0.0,0.08526889202800143,28.342482455584502,3.158273016402853E8,0.616112123779417,3
300,7.958798894438118,0.07321810255469956,37.665253680431185,2.9833174697391635E8,1.7472108104433652,3
300,7.684826042532182,0.06565329163801173,75.04491485347971,2.977869577666758E8,1.7766233624491865,3
300,4.233408398583176,0.08244369485572992,25.899383034209027,3.013938928503525E8,1.714091539056989,4
300,7.127030527432994,0.05494098525318608,53.99530145042779,2.892885296628256E8,1.8232820575811297,3
300,8.957093510261787,0.06080469853090589,94.16158671084058,2.954892594512609E8,1.7969202268973516,4
300,0.29753820224076366,0.04361420443537168,69.0807550088832,2.8562462174950343E8,1.875496566147205,3
300,9.885005686900703,0.029704631531094396,80.02993476955488,2.781384382742393E8,1.9705706666698228,3
