evolution$generation,alpha,beta,tsteps,popfit,indicsfit,evolution$samples
400,0.177188854443157,0.06559480232879555,74.63437655707446,4.000299695336952E10,1.274752519233799,1
400,0.37895707181802685,0.1,68.14086661550029,4.030632902068925E10,0.9944533190132989,1
400,0.9218666678497445,0.0412205459538512,30.051154401295914,7.411273234761592E10,3.122655064509148,6
400,8.5137041734166,0.09182895877595171,77.49016873534197,5.3974020268477795E11,3.1012301702037566,5
400,8.513704173416599,0.0918289599233092,77.49018232527754,5.3972971542967725E11,3.101253722192662,6
400,1.3022751844450944,0.05947946747882247,73.66953737705282,5.5924591339475296E10,1.8805830891035669,4
400,0.36458243453085654,0.1,68.69594381914936,4.02731489681681E10,1.0049439501368365,1
400,0.0,0.03647319572914636,89.74697704234615,4.031228654802611E10,1.502512016554775,2
