evolution$generation,alpha,beta,tsteps,popfit,indicsfit,evolution$samples
400,6.604762437943272,0.034994015682673886,32.08158064839632,2.1051359890320122E9,1.9389495619184687,7
400,2.1356591642340117,0.04878016279533215,42.029990490814455,2.1051359890320122E9,1.9389495619184687,7
