evolution$generation,alpha,beta,tsteps,popfit,indicsfit,evolution$samples
100,2.0908981013528805,0.04693408343556924,32.69106029373691,5.8302124590160904E10,4.130173519138069,6
100,0.06422997752572934,0.023915235664300896,95.75147021385045,4.688042830803557E9,2.2570979225878904,2
100,0.0,0.07700677110683365,61.61291357640818,4.1740290996843324E9,2.1420104943154277,1
100,0.39002433720237384,0.039050553896278595,74.239959093859,4.871276532165372E9,1.542035993868431,2
100,0.19343712961859727,0.04398845153811583,77.45991096488149,4.424179592519124E9,1.951641650384774,1
100,0.29699179654541585,0.03288056677095098,100.0,4.531224007544134E9,1.7640336438098654,1
