evolution$generation,alpha,beta,tsteps,popfit,indicsfit,evolution$samples
400,2.0908981013528805,0.04693408343556924,32.69106029373691,5.822076486337779E10,4.128929582183165,7
400,0.0,0.08057311569262714,73.22368204924982,4.014932757556918E9,2.079559793395809,1
400,0.6641002140151174,0.06195296572211942,100.0,6.296747240546151E9,1.1003570478379134,1
400,1.990496307226176,0.05158744114245777,35.29640286867535,5.336972457800386E10,3.9451082669322224,6
400,0.5924544396221467,0.07394476237053987,56.23299554218275,6.10637314889537E9,1.1141276334584944,1
400,0.07107680998967733,0.07061421722818875,75.55064924679164,4.0908737242605157E9,2.010207745639793,1
400,0.5682992980451169,0.0437610511269339,94.79166194639862,5.789679856768492E9,1.128742280534033,1
400,0.19584211670256269,0.07700107172142956,64.37459944817616,4.11766473146848E9,1.8332045527545244,1
400,0.5713729720905796,0.041202461525010316,100.0,5.848563014840961E9,1.1241050287522723,2
400,0.43491079071887123,0.04084344016507169,87.08466729439174,4.873710348497328E9,1.3932156302561927,2
400,0.2288750651334991,0.062307726520592126,76.75964298987529,4.1712652529235277E9,1.7983823527696903,1
400,0.3627968163259635,0.049098351977527155,66.3084195436408,4.668106926708506E9,1.5836192104515967,2
400,0.26947496297352497,0.06097746247829388,75.30225356677984,4.22335143131404E9,1.725024275808766,2
400,0.0,0.07700677110683365,61.61291357640818,4.1766910921866217E9,2.1440277296479153,2
400,0.3652262071774367,0.03291693065970957,65.20720106562815,5.04054121791012E9,1.6436316074278567,4
400,0.39610451541145425,0.0265545876590939,100.0,4.9858408609584255E9,1.5490253517441324,3
400,0.6184694020861602,0.07574970949773269,55.01501179682155,6.479848652004943E9,1.1284329697770707,3
400,0.3863493345376157,0.04177648527645731,73.99632932219468,4.797543437722559E9,1.5436351321659834,1
400,0.3355339018656942,0.05867384780861848,61.90706688673867,4.507702338368107E9,1.622276503944293,1
400,0.39002433720237384,0.039050553896278595,74.239959093859,4.871276532165372E9,1.542035993868431,2
400,0.4241055275606997,0.0343175573541629,100.0,4.854589512031433E9,1.4375919782483362,1
400,0.2634771785007322,0.05973519570382038,73.86300529216092,4.253421230459725E9,1.7461953386504228,3
