evolution$generation,alpha,beta,tsteps,popfit,indicsfit,evolution$samples
200,0.7057257056823274,0.07981124711986519,98.55890988781404,2.2739190656624344E10,0.34590848519223877,2
200,0.3081070777087547,0.028268979254441474,26.57856971222306,8.114489692994943E9,1.147234491886658,3
200,0.43160834141498405,0.08675917807970975,19.019872193105645,9.445854236504751E9,0.6753933800190799,4
200,0.44396275357405063,0.08709152691679756,25.702286988606822,1.1193094955885326E10,0.644693186166953,1
200,0.9284396781375831,0.07888901515571409,93.596789756984,2.1229032785960808E10,0.38816572224772516,1
200,0.3050950638503379,0.03757888335641206,32.25409688621191,9.09541455081898E9,1.0568426063248848,1
200,0.44649812598130556,0.06228509068771501,95.34568258980089,2.2624548709351578E10,0.6675728284227399,3
