evolution$generation,alpha,beta,tsteps,popfit,indicsfit,evolution$samples
1000,0.0,0.09169272239096787,37.84094559002396,5.1648020181864476E8,1.2316561919242106,10
