evolution$generation,alpha,beta,tsteps,popfit,indicsfit,evolution$samples
200,0.801451079820612,0.07732162235053039,4.358804706510278,5.711783427951838E8,1.168470322226574,2
200,2.885848425374939,0.1,100.0,1.8127648323611283E9,0.17955452152192983,1
200,0.801451079820612,0.07732162235053038,17.19940555720369,7.941469503546767E8,0.3748552083121299,5
200,1.2126180109781584,0.078577346506891,28.860076057671662,9.202927990805976E8,0.3265913918874588,1
200,4.309174264065205,0.1,100.0,2.1803978996138687E9,0.28798852164245464,3
200,0.6735928355403603,0.1,7.006666540325054,6.524956418277657E8,0.5090292749925179,1
200,0.40617801282457067,0.0,21.19369458380015,5.815800797845914E8,1.3177983620575686,3
200,1.2084400858034967,0.07820458192274293,28.86988547842347,9.211208030425457E8,0.32590193937900863,3
200,0.38800889633560165,0.010818370016380936,22.844432750372842,6.375985385701736E8,1.0794586458899056,1
200,0.9237709253826315,0.0766919422979075,18.316132084657422,7.889524395694804E8,0.434611820929384,1
200,0.801451079820612,0.0773216223505304,4.358804706510279,5.737147556263365E8,1.1584554848080466,2
200,0.8025893068138432,0.07730543566221658,17.13666700807949,7.920052676117783E8,0.37057277429084706,1
200,5.22336775825274,0.1,100.0,2.235544473852083E9,0.3113167839928596,5
