evolution$generation,alpha,beta,tsteps,popfit,indicsfit,evolution$samples
100,3.1398691379553845,0.08902917656705599,58.80346245223521,5.856445510168877E9,0.5197297529781096,3
100,2.796442225761475,0.046514331913111384,76.48748851391929,5.136198660765083E9,0.5503916000595552,2
100,3.041730167772696,0.057513009852395096,79.16337042674748,5.549593926537899E9,0.5275903065942107,2
100,3.304927321117507,0.06645245425626611,19.471310360340787,4.1576880582102947E9,0.789824131977048,2
100,3.0114185853566573,0.09375654784865717,41.06896825032663,5.295980399756281E9,0.5421106178434614,2
100,2.05128240792278,0.09326309315787193,58.935670301031266,6.194836118158128E9,0.5003325363183202,2
100,1.887657096730716,0.01462011470075651,95.26341505443956,3.293886071402442E9,0.7165455940426463,1
100,2.7978945225664016,0.04354389950257693,75.19831758634353,5.005149296357261E9,0.563571744410282,1
100,1.5707137043867747,0.016907515164315934,99.15350771831453,3.4796970033711033E9,0.6532555607760989,1
100,2.8001938939026383,0.0504529097950204,70.7242857400047,5.146279180091752E9,0.5497651197047929,1
100,1.086392805179968,0.009678297520127064,96.53473726765674,2.3642476274761634E9,0.7831423583956914,1
100,1.6420447992484517,0.051370575866967985,73.11994693113309,5.245838802471675E9,0.5102330850096163,1
