evolution$generation,alpha,beta,tsteps,popfit,indicsfit,evolution$samples
100,0.29514013282802676,0.05243809738609473,1.593414439007918,2.8882119510239196E9,0.5597983650206534,2
100,0.0,0.09013756729752292,78.07292382401927,8.545334498484561E8,2.0944283551445757,1
100,0.29203951345854395,0.0051344164941959205,5.7981607047169685,1.4580644682114275E9,1.0455273662033564,2
100,0.0,0.0,85.5405194170575,1.7111633760281184E9,2.353437220353748,3
100,0.23137606087039464,0.0502215476344127,1.4286790576854174,3.5510054066525993E9,0.708432168846653,5
100,1.6092242427804935,0.08916659665970185,68.230165041154,7.097811744693579E9,0.24670392399696772,3
100,1.3227083407245512,0.026008814128025012,72.02359943880724,5.127349871193155E9,0.49390581924019017,2
100,0.25884149573536236,0.042856016744751604,1.7695278229627047,2.2205494630677176E9,0.5911042078617735,1
100,0.8391595696051874,0.07521760017234606,16.315401696357938,3.393569973356574E9,0.2853568521778838,1
100,0.0,0.1,72.89201731344731,8.721438973486576E8,2.0782652061048785,2
100,0.8350898517211152,0.07850995431848326,16.30725098202142,3.4026070013882647E9,0.2846790519856516,1
100,0.7160512197629287,0.07477862422766861,15.406313268166812,2.838463168054995E9,0.3745891687653706,1
