evolution$generation,alpha,beta,tsteps,popfit,indicsfit,evolution$samples
300,0.13040635233465991,0.0824298136696262,74.90867414510049,1.1869253790984249E7,2.338297450539685,5
300,7.187368149504039,0.08046669137054337,94.12050735133393,1.1869253790984249E7,2.338297450539685,5
300,9.363209851506092,0.03721748844034765,25.789584651201064,1.1869253790984249E7,2.338297450539685,5
300,3.8767670139717736,0.0,15.908011848987126,1.1869253790984249E7,2.338297450539685,5
300,0.7181660542750312,0.01775524325212632,34.33157742304888,1.1869253790984249E7,2.338297450539685,5
