evolution$generation,alpha,beta,tsteps,popfit,indicsfit,evolution$samples
600,6.825221555179047,0.05141584262087412,59.17299539267493,3.6026575547788136E7,1.0361251396709885,7
600,8.407399751263762,0.09850835290653091,19.31465053371142,3.6026575547788136E7,1.0361251396709885,7
600,5.579188850108274,0.07629395439074141,42.64642847401553,3.6026575547788136E7,1.0361251396709885,7
