evolution$generation,alpha,beta,tsteps,popfit,indicsfit,evolution$samples
200,0.5756027964621461,0.012013162564848235,37.05406711257791,6.016275895139069E9,0.40065235084369966,2
200,0.6947557708049507,0.06813410757053621,38.50483047159214,6.443362378824303E9,0.25033272427627834,1
200,0.5944454838190711,0.021206191282332684,37.31070274790046,6.065017756236135E9,0.379492255527955,1
200,0.6205123749205079,0.056955422190271034,36.31501526698368,6.381297014496655E9,0.36404858318686173,2
200,0.7135951321849281,0.06817277908659493,38.7024926205992,6.44190669777796E9,0.25818673240475865,1
200,0.6516097516897502,0.0684348954466544,39.64789429897864,6.501268711697964E9,0.35512196663981266,2
200,0.6109029213147665,0.06832414701238072,39.286924967664945,6.606411994080415E9,0.4711999038108081,4
