evolution$generation,alpha,beta,tsteps,popfit,indicsfit,evolution$samples
100,2.831351601221901,0.030212008781502056,86.63689773498031,2.4368210973861914E11,1.7614918476015389,4
100,7.624633331735509,0.07382770977009999,79.67782224625495,1.1552785974182971E11,0.9877055778093207,2
100,0.0,0.0,22.4600469260748,4.471309648465746E9,1.9054269020597432,1
100,0.8905524314490785,0.03283008496514967,58.02651213710983,1.198902874962006E10,0.45919359521825376,1
