evolution$generation,alpha,beta,tsteps,popfit,indicsfit,evolution$samples
200,0.8905524314490785,0.03283008496514967,58.02651213710983,1.198902874962006E10,0.45919359521825376,1
200,0.0,0.001901343338458882,20.88632566556935,4.433544459238573E9,1.9104268116094894,1
200,0.37333621696165054,0.04505988120281984,95.39708190352962,5.109577652898273E9,1.5008125658116,1
200,1.4327464062072024,0.05312524068910618,27.16601312667749,2.4206665992010475E10,0.7824514451468081,4
200,0.0,4.1860494326843335E-4,22.50590692565623,4.448222958513621E9,1.9053324659147322,1
200,0.0,0.0,22.46274949481317,4.470540431903027E9,1.904141242551002,1
