evolution$generation,alpha,beta,tsteps,popfit,indicsfit,evolution$samples
200,0.977711288134583,0.04597663544722139,94.30730865706266,1.4928057568613834E9,0.043027880441650845,1
200,0.0,0.0,94.68214681542851,7.361528112312979E8,1.5801416353886735,1
200,0.0,0.0035759917140860326,89.99415177976836,8.087320805712192E8,1.554775518486228,1
200,1.7644655075242484,0.040886607340861914,54.61735883227548,3.8390387278730316E9,0.35775025541104066,4
200,0.0,0.01836552712814702,38.19805831345998,8.995152376825985E8,1.5323572348304628,1
200,0.4079281692508324,0.025861660710218056,100.0,9.185161267994436E8,0.6909106918574226,1
200,0.0,0.012450974800245047,91.06536937183226,9.936726174477377E8,1.5340593636983022,2
200,0.7948089381896435,0.09550585059559823,62.8385000453232,1.2655372959967494E9,0.1165787247339593,1
200,0.8885672149837369,0.04619970040910859,94.5933658832692,1.3596324315921073E9,0.04943537272950829,1
200,0.5490522191994401,0.09550585059559821,62.8385000453232,1.154026329085329E9,0.4904035385903995,3
200,0.6810591939237309,0.04637409598635217,97.29084976990153,1.1384822099262164E9,0.2166770482877497,1
200,0.9181456882886879,0.09431743777965756,62.96703129819798,1.379069454484854E9,0.04711927342541,3
200,0.45141789967084667,0.048470218728109055,87.39047866184107,1.0543383783490926E9,0.6446106889807857,1
200,0.887279576883959,0.04568998058512646,94.59360795229415,1.361611227211184E9,0.04913937569716276,1
200,0.0,0.0,100.0,7.386751169977214E8,1.588394046285263,2
200,0.8647865536928825,0.04595995301677775,93.96378993301725,1.3233266530743973E9,0.05341452761579427,1
200,0.3815590060036136,0.04480084965233557,92.93619654483172,1.0638054679976933E9,0.7920083703504894,2
200,0.9808444261953162,0.0459687263541547,94.30275773217991,1.495657007551015E9,0.04315316382035297,2
200,0.3830707646911845,0.045972600322208845,92.96170864545604,1.0638657061187248E9,0.7888521542201203,2
