evolution$generation,alpha,beta,tsteps,popfit,indicsfit,evolution$samples
100,8.761074294187472,0.04336002697542562,89.54218309545647,9.390610491734515E7,1.5568651474648938,7
100,0.5946369364865941,0.004150368690756602,25.698027640562508,2.4165820457968898E7,1.135938346200778,1
100,2.7994739326228775,0.09200575111964975,34.52340371920916,1.3009602599525576E9,0.5388905555193244,1
100,3.1763192927634365,0.07309725878984784,32.962802738039834,1.20978001345033E9,0.632941943020121,1
100,0.6680182893380304,0.08170195691726712,10.173559119383087,3.0686717205569255E8,0.6994208445953856,2
100,4.047350795074216,0.07260037075385649,34.46042623516399,3.0916421225145884E9,1.3006335887986682,3
100,5.230292834434243,0.03940016538534916,93.38340700844864,3.177977353825468E9,1.1671290463890158,3
100,0.42582573773272403,0.07759036176846185,6.68564208821126,1.868138585796242E8,0.8333411988338927,1
100,2.0196342146712554,0.0825084236118099,9.126368145277285,2.869244994630085E8,0.7997676339063808,2
100,0.0,0.0,23.15286674563246,7.139745036174144E7,1.3273254355415816,4
