evolution$generation,alpha,beta,tsteps,popfit,indicsfit,evolution$samples
200,1.945506747212289,0.04210241625878389,61.49069104449672,4.0303817641996E9,0.7658541197827065,3
200,0.34897899343727856,0.006911192551323922,62.77231064945861,9.114225425525714E8,1.6107646302378726,1
200,6.415297261384296,0.09141371498709215,35.49691592500009,1.0607805434975805E9,2.3703137338950815,4
200,0.7554865385280458,0.016212186277557532,100.0,2.1922275485277863E9,0.9458350577670996,1
200,1.4397821670939581,0.04623841828797543,34.435000793865335,2.7143320054855666E9,0.9419007608223314,1
200,0.7021552074060424,0.010616426327504572,62.62329650531369,1.1954974623935318E9,1.2876403309954219,1
200,0.8479748259524997,0.01135925999973178,64.30322625816001,1.3626095957490537E9,1.271062033590582,1
200,0.9746338930768929,0.011164913372838071,64.02270763439893,1.5327613744449072E9,1.323615722074456,4
200,1.4397821670939581,0.054773684257741186,34.435000793865335,2.905260824420272E9,0.8446880265053511,2
200,1.8920534256476729,0.043367978287021755,52.71154632021488,3.862264766375184E9,0.8282631945750659,1
200,1.9491640584771135,0.04111961724568547,50.97219955649075,3.92486788202592E9,0.8994797376373688,3
200,0.0,0.00532186490844514,65.85337872567837,9.440307858883908E8,1.9213860741507354,2
200,0.353087226631229,0.006987848767601415,65.28927515906072,9.197821959550304E8,1.5897687996227383,1
200,1.9219944786929553,0.03920066286405179,61.40681851496926,3.9522625107842116E9,0.8049080478111106,1
200,0.21362643529194383,0.0029726193125816816,63.44719498855553,9.573463101746037E8,1.8815824361431568,2
200,1.7906834305101866,0.07782803418498366,63.43404752143519,1.0077985813508317E9,2.378358972546286,3
