evolution$generation,alpha,beta,tsteps,popfit,indicsfit,evolution$samples
500,1.8398966902129432,0.02318421761417211,49.15924031716451,3.3750608589175396E9,3.2857171213036294,6
