evolution$generation,alpha,beta,tsteps,popfit,indicsfit,evolution$samples
300,4.560119310917004,0.0883120874820064,82.8000803061105,3.284732495779404E9,0.3549151694809208,1
300,7.501128475336043,0.08619061413220057,54.15199577758613,6.52205458542729E9,0.6768805407073927,5
300,2.2614430303998105,0.07938145711714995,80.32089792401892,3.727980543558068E9,0.2655770417422657,1
300,3.1696446270194407,0.09968539996270055,64.14731663563073,3.637448724775182E9,0.283424939778646,2
300,3.2304249102858624,0.1,70.32474697928386,3.4148227264369826E9,0.31303659059516975,2
300,2.8947845240104577,0.09971093685475724,63.49147896195342,3.6639862705558257E9,0.2764175876396853,1
300,1.3885874472879585,0.09991436313210433,79.97635160666121,4.139245886962464E9,0.32206154024546246,3
300,0.5587406838917919,0.08778230757636112,50.69561015936998,4.0316789269886966E9,0.5050717833770617,4
