evolution$generation,alpha,beta,tsteps,popfit,indicsfit,evolution$samples
400,1.7997609806571735,0.0384524694601764,8.567636140017164,4.18852609703708E8,2.2874120963795086,5
400,0.774855404643193,0.020242455366892592,55.516578685435015,4.18852609703708E8,2.2874120963795086,5
400,9.44676885599128,0.0031354002325535424,17.145678104145006,4.18852609703708E8,2.2874120963795086,5
