evolution$generation,alpha,beta,tsteps,popfit,indicsfit,evolution$samples
100,9.257182225282598,0.033204068398603306,6.117890144137391,4.18852609703708E8,2.2874120963795086,3
