evolution$generation,alpha,beta,tsteps,popfit,indicsfit,evolution$samples
100,0.3960347621706184,0.053091326915045214,6.857597449056461,1.6769191215727625E9,1.2416599786378473,6
100,1.3159440193768135,0.04320763384635767,88.24151820024592,1.7519891957045217E9,0.4431763576337514,2
100,0.41711561035879724,0.050561468211520647,6.831821207499592,1.7275705869279583E9,1.2332170214938365,3
100,0.5230739641543712,0.053737700026033425,19.133039092897707,1.3441821407063775E9,0.7683131087751102,2
100,3.0365953501326146,0.1,98.79316324191369,2.047779915272281E9,0.31095996704377155,1
100,3.191539312435685,0.0868539019608307,99.07821059426111,2.0027829814020193E9,0.3411765846876141,1
100,0.5219366272878464,0.0535637954673313,19.77841228107585,1.337361204692868E9,0.7489711675415293,1
100,1.1973856526132138,0.1,89.26049067450501,2.1433364672694612E9,0.2816138353072131,1
