evolution$generation,alpha,beta,tsteps,popfit,indicsfit,evolution$samples
200,4.040499216451798,0.09928479423845038,54.697922323722565,8.291921040442216E8,0.9299949116021304,4
200,1.894461926111124,0.07332286139021148,22.598619912919464,2.700435731229266E9,0.08899862819685064,2
200,0.8509407999946825,5.47900318417166E-4,100.0,3.571872258860508E7,0.757981056791288,3
200,1.3391828994109478,0.07569216914073408,12.719267075156635,1.3429167026225266E9,0.13302960334461444,1
200,1.3613870089015032,0.07558954598603736,11.320319982764353,1.0559953227243743E9,0.15876810799847216,2
200,2.0728306255780997,0.07636993770728734,21.418419839737115,2.4585020423301897E9,0.09650912995721919,1
200,1.9033583384025563,0.07265176030561178,22.54602248256908,2.6171450407393365E9,0.0898708717224398,1
200,1.4176338528649721,0.005618901353605064,99.80663471610114,2.9267221829674625E8,0.3626821831705591,1
200,1.4204701375788749,0.006462343384283873,100.0,4.372183880570352E8,0.2964425742522207,1
200,1.8824384677876118,0.07296730707275775,22.493879624141943,2.661818657010475E9,0.08922366192652412,1
200,1.4215694646270527,0.004294646213428721,96.17182748208818,1.2308095382585013E8,0.49868328237924586,2
200,0.7508929907371529,0.0,100.0,4.458870817262858E7,0.6730314673685094,2
200,2.2304769096302373,0.07410528049362279,22.45557870502144,2.329124940478756E9,0.11078690139569117,2
200,1.2899203539117665,0.005882632180290854,100.0,4.147684427656927E8,0.29925637622348633,1
200,0.9055788534191928,0.002690615301126791,100.0,1.9538989979682544E8,0.4500679616283108,1
200,4.487294706714247,0.09343435331657934,21.863247467969273,2.2951621544298377E9,0.6689458837400758,3
