evolution$generation,alpha,beta,tsteps,popfit,indicsfit,evolution$samples
300,3.5207233163873752,0.029167663905620936,98.4911196881647,1.3537633352317734E9,3.6872918664583336,7
300,1.758453329412907E-4,0.0,98.54055830799243,9.443824124643117E8,1.9446100047285921,1
300,0.9186120483885538,0.020287351866196235,29.128390419752577,4.31945677572845E9,0.07710911575613409,1
300,6.639339397991576,0.014131883734877304,83.45318980861548,1.2970628918314445E10,0.4086619925371193,6
300,0.5030231631921305,0.013341287349045272,19.18021967543271,1.4269601242260673E9,0.7782807884451786,1
300,0.8450985551081123,0.04044170858887977,20.79513677195945,9.394292597558853E9,0.6310286410441622,5
300,0.6574092905098526,0.02583354147310017,19.186757892807016,3.735584884120839E9,0.12950878972555654,3
300,0.9406988008799811,0.020868901156680483,25.14905945419141,3.173350843784809E9,0.11219318190245528,1
300,0.9498548148321971,0.021336952948752264,22.833396788595874,2.657119042243234E9,0.17494632487540235,1
300,0.8149119401238297,0.013115846141894769,29.308806179858294,1.7646532729175382E9,0.4209356298641357,1
300,0.9440867868455283,0.018994865130648093,23.604240463474973,2.1946960373382545E9,0.2685308687391938,1
300,1.0432862207756672,0.02751674477695842,17.313070269017622,2.322540412431455E9,0.2388376612085072,1
300,0.9415319822335904,0.020187918519558753,23.748602164193688,2.5584112688089285E9,0.19333796866448089,1
300,0.3672553724766078,0.009434366036625006,19.115541667934604,1.2250111222055244E9,1.3236604316318628,1
300,0.9388722838934837,0.01904649340464211,23.55393590042548,2.2212945512834005E9,0.26085542517317883,2
300,8.640454901931825E-7,0.0,89.06699355828884,9.470963498231984E8,1.9542453659490937,3
300,0.9871139626206454,0.023301983815546577,20.83507531534771,2.5685163568222456E9,0.18927320709963613,1
300,0.3764407122580772,0.013126192861212508,18.656683698828143,1.6394424246816485E9,0.9834107429690655,2
300,0.0,0.08786298060498185,15.159177426340774,1.5058188697160726E9,2.5370668427908423,5
300,0.3099019660759028,0.08108916636656441,60.89079672515614,1.477537283205324E9,3.040514238049416,5
300,0.0,0.0,100.0,1.149911718902987E9,3.35914347575379,5
