evolution$generation,alpha,beta,tsteps,popfit,indicsfit,evolution$samples
100,0.09019838450714301,0.04028654660050695,18.59388823028543,3.9688101029509506E9,2.831695227472174,5
100,0.2675901957426208,0.05964961490553203,86.5604956122671,4.0639995832248697E9,2.3570823092405004,3
100,1.2232974230772427,0.026957128163863316,36.583896934172834,3.8270837222852907E9,3.6133184002665564,2
100,0.4666160088387073,0.03631889894959978,20.36307618012788,2.576331090266249E9,0.8331213103831747,1
100,0.6662166605459375,0.07032526389552633,100.0,2.5818956482446966E9,0.4236845477196311,1
100,0.8094972715618433,0.026899393159081533,43.865525028355336,9.77458294545517E8,1.7617361192312304,1
100,0.184042241761886,0.029127941954097382,1.0,1.8841045520760934E9,1.6048064381222145,1
