evolution$generation,alpha,beta,tsteps,popfit,indicsfit,evolution$samples
300,4.982562243186761,0.05991193202975562,67.14505367920673,2.9526005035527854E9,3.4880486433767444,7
