evolution$generation,alpha,beta,tsteps,popfit,indicsfit,evolution$samples
500,4.2127461259371035,0.0015037744270162802,25.134403726105802,6.820258028567399E7,0.8858920376698205,6
500,1.1407114936838547,0.08781631149194734,7.171998244376732,6.820258028567399E7,0.8858920376698205,6
500,9.937683250816619,0.04072944061730632,6.118719448797253,6.820258028567399E7,0.8858920376698205,6
