evolution$generation,alpha,beta,tsteps,popfit,indicsfit,evolution$samples
300,1.1407114936838547,0.08781631149194734,7.171998244376732,6.820258028567399E7,0.8858920376698205,5
300,9.937683250816619,0.04072944061730632,6.118719448797253,6.820258028567399E7,0.8858920376698205,5
