evolution$generation,alpha,beta,tsteps,popfit,indicsfit,evolution$samples
200,0.0,0.013602373544923642,16.213477345744884,4.987325103893415E10,1.9257790033203095,1
200,6.172769530286198,0.05497231344003446,48.67669451854026,7.754416982764542E10,0.4071520667776421,1
200,4.102576352484747,0.06043526112157589,44.25774920906334,7.651689611805173E10,0.4114235003789599,2
200,7.218746435657126,0.06811629494288794,46.6261496330064,7.831769820104056E10,0.4211257913458831,4
200,0.5410492900297774,0.013772982022922096,25.190590556777163,5.0327925650567535E10,0.7764769141129207,1
200,0.5045463128899597,0.02684189479428505,21.2633143438207,5.266687194552034E10,0.41784691620381614,3
200,4.118603395034218,0.058809771432330404,46.079322333762576,7.663573769632591E10,0.4106345077615958,1
200,0.335303084345146,0.018029373184041585,15.857882101490045,5.00001663406093E10,1.1388724971051636,1
200,4.084780369288538,0.06060325699678525,44.14645269601376,7.654057032212344E10,0.4113998736731559,2
200,5.232374122513754,0.05991028996427711,46.70308164395076,7.749039872878929E10,0.40727313437938933,1
200,5.210620994930858,0.059401932329825484,49.74849804615753,7.7618888025025E10,0.41009641766039295,2
200,0.32619084093736433,0.019446162397345538,14.648423319065234,4.992740448058521E10,1.1410174033322795,1
200,4.082944283333328,0.061481806239972236,46.88691408860131,7.694071221389114E10,0.41488191827545545,3
200,5.770255431178625,0.05487964450780322,47.73496102045772,7.709905461244542E10,0.4105333148949381,1
