evolution$generation,alpha,beta,tsteps,popfit,indicsfit,evolution$samples
600,5.6715085051627145,0.04367668042897226,59.79510839733142,7.247425426450245E8,0.7830648352596037,9
