evolution$generation,alpha,beta,tsteps,popfit,indicsfit,evolution$samples
100,2.6431398410366813,0.036947884074233106,86.55351691342597,7.247425426450245E8,0.7830648352596037,4
100,5.6715085051627145,0.04367668042897226,59.79510839733142,7.247425426450245E8,0.7830648352596037,4
