evolution$generation,alpha,beta,tsteps,popfit,indicsfit,evolution$samples
300,0.9721911103966896,0.0257685127781641,33.63662396614621,7.247425426450245E8,0.7830648352596037,5
300,4.12306824838385,0.04131976174401878,45.2589280587082,7.247425426450245E8,0.7830648352596037,5
300,5.6715085051627145,0.04367668042897226,59.79510839733142,7.247425426450245E8,0.7830648352596037,5
