evolution$generation,alpha,beta,tsteps,popfit,indicsfit,evolution$samples
600,6.451510983013611,0.017471664308280288,1.828084379159974,1.0755009430941182E8,0.921314352189423,8
600,4.963499122061411,0.08424316670204407,12.460361721902194,1.0755009430941182E8,0.921314352189423,8
