evolution$generation,alpha,beta,tsteps,popfit,indicsfit,evolution$samples
300,2.3523157518856723,0.1,97.29142508886399,1.4040697542320442E10,0.6182611351811127,3
300,1.2267648279631267,0.006732679442552356,29.85138896879855,1.1461312219739294E9,1.624732352610584,1
300,1.7022216453833106,0.050426466832827366,60.3893128170669,7.361387921304913E9,0.7663902923598164,5
300,2.197814121522301,0.09648466863895726,36.99262533635059,8.699937135205193E9,0.7468795160118757,3
300,1.2264020511678853,0.0,37.19214028593005,1.6305973569598758E9,1.0067461079808007,1
300,0.6581944913869993,0.012642601031940204,67.03723293359704,3.767354001028476E9,0.7852743150992567,1
300,1.9525287623836536,0.06951575964921276,32.39540850909571,6.075583503792348E9,0.8536995807812923,2
300,1.1366109070684625,0.05647692250903587,77.10286265957902,1.0093281852840748E10,0.6525041521790891,1
300,1.879032988470859,0.05191635362548258,71.73262455670836,8.491547362144168E9,0.7289344646850008,1
300,2.013846009952343,0.063418378745229,25.323014439927423,4.692885881826977E9,0.956080107917906,2
300,0.5931304208214337,0.013289204537687364,67.3660250548673,4.42456479583803E9,0.7790078210781927,1
300,1.969388061615354,0.009165720168133301,62.64801728793283,2.2302897270842276E9,1.3313187220750313,2
300,1.197185743323341,0.05561156354529983,74.2376317749091,9.624640889838139E9,0.664764675278552,3
300,1.6927436896454693,0.0037652745939349913,73.80690872894951,1.741302850882584E9,1.567745446070078,2
300,1.9520718046434749,0.05225532513566139,63.86618593806352,7.968108831939508E9,0.7564170019906074,2
300,0.80553073473583,0.013942951298659882,45.57247553971247,2.3395197153714733E9,1.0659582748638115,2
300,1.1529824729597804,0.05579454741790313,76.46442524015804,9.935141491816513E9,0.6559522859755779,2
300,2.0584222813416586,0.04254563436524448,17.019666318213943,2.825032325967093E9,1.232660430922603,3
