evolution$generation,alpha,beta,tsteps,popfit,indicsfit,evolution$samples
600,4.177410577278177,0.0961049085142078,16.285236436909685,3.568440033581277E10,3.771889235709028,7
600,6.422083989307397,0.06162283540244162,53.329066631453074,3.568440033581277E10,3.771889235709028,7
600,5.3769525344227675,0.05702969581458128,13.325918771436694,3.568440033581277E10,3.771889235709028,7
