evolution$generation,alpha,beta,tsteps,popfit,indicsfit,evolution$samples
100,0.07525745607628975,0.07527100929024147,90.77612912325908,9.938779267121458E9,0.9825078124732711,4
100,0.17817108804462078,0.011746796378044877,55.71671694206364,5.066717647308986E9,0.6915789512365681,1
100,3.202860461464583,0.08827013563966707,50.886048651454345,8.600714485649578E9,0.11812840709077663,3
100,3.172515504028989,0.05056318229338839,77.55756432442003,8.678233644747557E9,0.10070367646372227,2
100,0.16525125580828115,0.023543332845204427,60.988548937414365,6.600659995374534E9,0.4098558979858299,1
100,1.0624305386593103,0.07974130206393866,51.20378023251013,8.506148167992858E9,0.17895535466996923,3
100,2.562661610177703,0.0539373654502589,34.7090860036851,7.034458555130853E9,0.14593147806037576,1
100,1.940258634360884,0.06310650278320125,73.9941434854757,8.484117051266727E9,0.14808963075454196,2
100,0.16597234964879592,0.023106574148755787,61.29571237799215,6.587286494658725E9,0.4115172434830409,1
100,0.0,0.007353700060575608,55.43891634571354,4.932289070890397E9,1.0968456038974543,1
100,2.0987334604731775,0.06833070029383916,53.84739472216576,8.127416101720968E9,0.09219245915639958,1
100,0.17787668706867177,0.010049760272853694,55.825057467474416,4.9447776027367935E9,0.8108589006887671,1
