evolution$generation,alpha,beta,tsteps,popfit,indicsfit,evolution$samples
100,6.33342502156478,0.04323525908933437,42.34219394732961,3.0889481466406094E10,1.0538484885471664,3
100,7.329692276305182,0.05330361091137668,15.438991204510815,3.0889481466406094E10,1.0538484885471664,3
100,8.635774154544432,0.035246812371048056,29.819375464875588,3.0889481466406094E10,1.0538484885471664,3
