evolution$generation,alpha,beta,tsteps,popfit,indicsfit,evolution$samples
200,7.329692276305182,0.05330361091137668,15.438991204510815,3.0889481466406094E10,1.0538484885471664,4
200,2.570371709295065,0.01301492942769893,68.22665787341514,3.0889481466406094E10,1.0538484885471664,4
200,8.782867645855834,0.03588352803645933,61.09184632496364,3.0889481466406094E10,1.0538484885471664,4
200,9.776742268039097,0.04389275426633368,98.08587018961654,3.0889481466406094E10,1.0538484885471664,4
