evolution$generation,alpha,beta,tsteps,popfit,indicsfit,evolution$samples
900,4.169393719900209,0.08315820196702534,53.208344436260454,6.048015486289576E9,3.6528101424327883,9
900,4.438857194953558,0.0858419032943168,64.95411560594484,6.048015486289576E9,3.6528101424327883,9
