evolution$generation,alpha,beta,tsteps,popfit,indicsfit,evolution$samples
100,1.13558024585899,0.08499122359705161,44.62033328447847,4.384264328405366E9,0.5507798605326307,1
100,1.038250439214345,0.01923341510181257,27.14855846650101,4.3140330216898274E8,0.9677886089549278,1
100,1.0389020389191523,0.08101105535210527,27.301258566196935,2.873880147049552E9,0.5991703644401816,3
100,1.1424597758870163,0.08601355960741418,21.261470548435916,2.3530098507516904E9,0.6233225775246026,1
100,1.0552062708086756,0.08505043183443967,41.31739474315379,4.2463638049209538E9,0.573212154156764,1
100,1.1233758828185474,0.08515054656643296,31.09068551882287,3.3177863996638594E9,0.5757301516437374,2
100,0.9934408091932285,0.0836176424132554,6.534583743823157,5.3275242983717734E8,0.9000405112095645,1
100,1.1310328469486226,0.08490644339431794,27.15503805373322,2.9621383652789717E9,0.5885101796793658,1
100,1.1232618592594863,0.0851592174963999,31.199894351873745,3.317127829386533E9,0.5737002020248323,1
100,1.185605860475401,0.08453090149604653,24.276785479111926,2.682038342504582E9,0.6046529513515384,2
100,1.1086957389258751,0.08495076655617842,24.73355079931381,2.707263656756793E9,0.60058811750856,1
100,1.1316227233009184,0.0849237825007777,25.483114599548014,2.8035613825400267E9,0.5950417486656336,1
100,1.1236535077378802,0.08487963704472401,26.56325867219335,2.9105603589799786E9,0.5905683305126774,2
100,1.130921910332113,0.08491183193689325,26.789712644631813,2.914640967920453E9,0.5905221884432348,3
100,1.1216463568773358,0.08703453807907446,83.6948582102918,1.5406762006774952E9,1.6137810968258797,3
100,1.1748657487061112,0.08330896875182667,27.67921497650298,2.9174766215535007E9,0.5904724400244844,1
100,0.0,0.1,76.04634013436102,1.5978711049773335E9,1.2922370896941973,2
100,1.131640394784417,0.08492223060619414,27.030763644190056,2.917700914692156E9,0.5902611878704107,1
100,1.1217971719760922,0.08494723799242992,26.607807787959565,2.9186514882745457E9,0.5896502418039357,1
100,1.1216469775034281,0.08703453807907448,83.6948582102918,1.5405754992975442E9,1.613772853736819,2
