evolution$generation,alpha,beta,tsteps,popfit,indicsfit,evolution$samples
900,9.098758030433922,0.09216992476000126,47.572854387745586,6.6631180765375376E7,1.1878485373309078,8
900,0.0,0.09913985444213003,42.4643934262059,6.6631180765375376E7,1.1878485373309078,8
