evolution$generation,alpha,beta,tsteps,popfit,indicsfit,evolution$samples
800,9.098758030433922,0.09216992476000126,47.572854387745586,6.6631180765375376E7,1.1878485373309078,7
800,4.267784449923186,0.08557896734158213,92.17787714183889,6.6631180765375376E7,1.1878485373309078,7
800,0.0,0.09913985444213003,42.4643934262059,6.6631180765375376E7,1.1878485373309078,7
