evolution$generation,alpha,beta,tsteps,popfit,indicsfit,evolution$samples
100,1.0348177143800874,0.055339327285012924,25.17317100697213,2.541586760530841E9,0.7292023981917731,1
100,0.0,0.03853841090006363,1.0,1.0031402677551372E9,2.5830428631246,4
100,0.01623079739606142,0.03865981947662597,1.0,5.639360915805366E8,1.5877277881080474,1
100,0.0632799688684021,0.025190319814181097,21.24496909158602,1.9704179370919726E9,1.9083756926058206,2
100,2.8674346552248062,0.03727991312029572,55.95750664132119,7.057349348043937E9,1.2227279895451897,2
100,0.0,0.07670573913451549,45.25935627284177,1.0904659025589662E9,1.392284505218906,1
