evolution$generation,alpha,beta,tsteps,popfit,indicsfit,evolution$samples
300,3.460254776369629,0.036929532215584225,40.782696994677146,4.323713031334919E7,1.620408604492186,4
300,5.7084286995199225,0.006792639039201732,34.0357328202311,4.323713031334919E7,1.620408604492186,4
300,2.7970283924093686,0.04248204381732286,8.588194082447568,4.323713031334919E7,1.620408604492186,4
