evolution$generation,alpha,beta,tsteps,popfit,indicsfit,evolution$samples
400,2.7970283924093686,0.04248204381732286,8.588194082447568,4.323713031334919E7,1.620408604492186,6
