evolution$generation,alpha,beta,tsteps,popfit,indicsfit,evolution$samples
900,10.0,0.0377635428122655,83.9497805808373,1.1085112814663851E9,2.6361686463867167,9
900,2.5373534923496233,0.0261067986592364,82.61028351579228,1.1085112814663851E9,2.6361686463867167,9
