evolution$generation,alpha,beta,tsteps,popfit,indicsfit,evolution$samples
100,0.8433374574734043,0.022399159721989595,71.74189145072721,1.9934860210258827E9,0.25982412049694514,1
100,4.727951738382785,0.05980288263349079,27.814361521726486,1.1680493163653101E10,1.8802479552024232,5
100,0.7469865698902669,0.0,67.49297346092001,5.669770098029466E8,1.4493054368768603,1
100,0.6989210460666366,0.08526658792011968,10.206749965891778,1.1862722802629673E9,0.4749027603158489,2
100,0.8433374574734043,0.0160212791753092,68.50112538010667,1.352102241646816E9,0.4258825347940024,1
100,1.2101298109189518,0.02293250054281548,64.99668718245704,1.6289414624749591E9,0.3564788071960891,2
100,1.5369096674888671,0.022616015514078255,67.8287812281684,1.5384736123824334E9,0.41918161439016244,1
100,0.9532211478801417,0.022943037204098786,66.63486666810172,1.8225678365593576E9,0.2933825198329008,3
100,0.7151289509291371,0.019091566105995536,61.8224333038668,1.5692632520959866E9,0.3528658044928891,1
100,0.8297550756570954,0.022046551753319737,71.78650250448361,1.9819452507326589E9,0.2621040701844438,1
100,4.419288650156364,0.1,97.21338477623588,8.460937309288015E8,2.1443565883637845,2
