evolution$generation,alpha,beta,tsteps,popfit,indicsfit,evolution$samples
100,2.947460099353405,0.0342498762022613,49.68139771362078,7.3409103273814535E9,0.9460947556598934,3
100,1.96896469848582,0.01386766467491567,66.54079208584994,3.096795819149064E9,0.891696558578847,2
100,1.4814920248241497,0.00939108872700226,11.28621819585562,2.1093368279512005E9,1.1575207668801013,1
100,2.102262876272019,0.023611194321737396,67.80647777551023,4.1892067694928617E9,0.8596927304659632,2
100,1.7122189017592868,0.02497802796442877,67.28522265776124,3.2479505367107983E9,0.824081502175311,1
100,1.4834670624261472,0.08510851784640477,4.317498533833515,2.12964106106943E9,0.9723018474490114,1
100,0.8875682385363917,0.03570885523618799,41.667981850202956,3.176003234257306E9,0.8783043673145626,1
