evolution$generation,alpha,beta,tsteps,popfit,indicsfit,evolution$samples
500,1.6262882780771035,0.1,100.0,1.1042653639135292E9,0.5544176531128963,2
500,0.6689342018845102,0.07486013858813208,56.376702495058765,1.0066464776771529E9,0.6407020925402512,1
500,3.163314028112195,0.07257732303521665,100.0,1.6281748992732666E9,0.8274948207806554,6
500,2.7108187344047696,0.06935163637281856,97.64648149309059,1.5586615480127125E9,0.8169453885846794,5
500,0.734681690744538,0.08565149091265366,53.3692990074447,1.0169295893015189E9,0.6284015594328186,1
500,0.10031763906699354,0.03179608764421482,41.222257289451555,1.1648631792698605E9,1.503046349395596,4
500,0.8215505330494333,0.09010699748463846,55.54991625102627,1.0258331120275751E9,0.6203034343207617,1
500,1.6476726104537354,0.09841917572287595,100.0,1.0976463389421644E9,0.5591805821988431,1
500,1.1498007826014454,0.07182772684606516,97.23759773262883,1.0520689533161825E9,0.6009280025210397,1
500,0.8530240165462833,0.09774989770028802,50.34243164392628,1.03542269713164E9,0.6348145513224718,3
500,0.9257569614603446,0.0993398523572825,58.57911105512957,1.0390327009598659E9,0.6047890172518842,2
500,0.8292299744312243,0.05484459172742158,85.82554089223169,1.0329368706241956E9,0.6464259398366242,3
500,0.9130800572906301,0.09938324358736728,58.39774627816395,1.0350468091520052E9,0.6066363766597325,2
500,1.1774587067267688,0.09818324167385838,75.83266951403554,1.0603275355420899E9,0.5841771600445342,1
500,1.6506135232813912,0.0989397316955064,100.0,1.1003396892815166E9,0.5587696112736983,3
500,0.8735772743954544,0.09936526348845565,55.179512969784284,1.0312081339523412E9,0.6112671926104173,1
500,0.9391468387499026,0.1,59.74680380889847,1.0391692030600085E9,0.6016028670958253,2
500,1.2941630154211765,0.07305939118969605,97.5998567410144,1.067637080133541E9,0.6176044244650556,3
500,1.2100744465501692,0.09817421741697756,78.13068840805616,1.0644493079221113E9,0.5789743670115962,1
