evolution$generation,alpha,beta,tsteps,popfit,indicsfit,evolution$samples
200,1.2941630154211765,0.07305939118969605,97.5998567410144,1.067637080133541E9,0.6180259740548038,1
200,2.7108187344047696,0.06935163637281856,97.64648149309059,1.5586615480127125E9,0.8169453885846794,5
200,1.3543526714091805,0.1,63.796197385934526,1.1024325674059944E9,0.658338697017901,2
200,0.10031763906699354,0.03179608764421482,41.222257289451555,1.1646726702763908E9,1.5036260382736386,3
