evolution$generation,alpha,beta,tsteps,popfit,indicsfit,evolution$samples
300,0.9130800572906301,0.09938324358736728,58.39774627816395,1.0347983071937836E9,0.6070405328433744,1
300,1.6506135232813912,0.0989397316955064,100.0,1.1003396892815166E9,0.5588127670155121,1
300,2.7108187344047696,0.06935163637281856,97.64648149309059,1.5586615480127125E9,0.8169453885846794,5
300,1.1498007826014454,0.07182772684606516,97.23759773262883,1.0520689533161825E9,0.6009280025210397,1
300,0.10031763906699354,0.03179608764421482,41.222257289451555,1.1646726702763908E9,1.5036260382736386,3
300,0.0,0.031722817741313664,42.15418142813281,1.1864796643218067E9,1.5836117180014964,4
300,1.2941630154211765,0.07305939118969605,97.5998567410144,1.0668226623585057E9,0.6178151992599297,2
