evolution$generation,alpha,beta,tsteps,popfit,indicsfit,evolution$samples
200,0.5396607943798292,0.04734770831218821,30.910067381523856,9.965456101268381E8,0.3480365328694835,1
200,0.682334126865217,0.055047628722827174,51.96670245430304,1.22121513728653E9,0.2971100085257276,1
200,3.3507670246408527,0.05164213618226903,44.64619254200953,1.6093018534140482E9,0.5861965705066963,4
200,2.4560409529908434,0.08226356692843324,70.70702323209267,1.4240415285296466E9,0.29887285463277374,3
200,2.830871794783917,0.0514856163680016,52.849908014146564,1.2606094461005013E9,0.40692330404196797,2
200,0.06903650524618611,0.04899393039743672,40.78821747234702,1.2175112541690319E9,0.6661313104110647,2
