evolution$generation,alpha,beta,tsteps,popfit,indicsfit,evolution$samples
100,3.3507670246408527,0.05164213618226903,44.64619254200953,1.6093018534140482E9,0.5861965705066963,4
100,2.4560409529908434,0.08226356692843324,70.70702323209267,1.4240415285296466E9,0.29887285463277374,3
100,0.5396607943798292,0.04734770831218821,30.910067381523856,9.965456101268381E8,0.3480365328694835,1
