evolution$generation,alpha,beta,tsteps,popfit,indicsfit,evolution$samples
200,9.387096644633681,0.03306555959103674,25.665216800118287,3.759786584678346E8,1.6380695456857093,5
