evolution$generation,alpha,beta,tsteps,popfit,indicsfit,evolution$samples
600,3.2287253035292163,0.00473442601614702,36.487143783954714,3.759786584678346E8,1.6380695456857093,7
600,9.387096644633681,0.03306555959103674,25.665216800118287,3.759786584678346E8,1.6380695456857093,7
600,1.874396400346654,0.005579501977072621,81.84101118367023,3.759786584678346E8,1.6380695456857093,7
600,1.0259093750410186,0.057077808461339856,38.358574064786666,3.759786584678346E8,1.6380695456857093,7
