evolution$generation,alpha,beta,tsteps,popfit,indicsfit,evolution$samples
1000,3.2287253035292163,0.00473442601614702,36.487143783954714,3.759786584678346E8,1.6380695456857093,10
