evolution$generation,alpha,beta,tsteps,popfit,indicsfit,evolution$samples
200,1.502932823847145,0.002576654564386316,23.79344150779865,8.52988245224712E9,2.473742464196859,5
200,3.8004938376183124,0.07829535598930674,93.37727591140361,4.522805506015971E9,0.23530501402648843,3
200,2.00656475917547,0.07553729996006797,19.864631958476657,2.5631124772826014E9,0.3920627848696186,2
200,8.463858924340627,0.028096939567507584,98.08976067994743,7.766056366016898E9,1.0862889059163405,4
200,3.467803088513363,0.07499778447298167,82.98185952051116,4.2278999526780343E9,0.2425158127115632,1
200,1.5267855389659493,0.02305570895868239,93.7715966795716,2.851226918274391E9,0.26167805285896883,1
200,1.4326338614376093,0.025852681455644195,94.1040426542817,3.033746212033202E9,0.25631327244120544,3
200,1.3801524481375085,0.024138953903887313,92.2130335521802,2.92623856608279E9,0.2596142349726567,1
200,1.325759295477924,0.02481219700386571,92.19713087599537,2.9778589955353603E9,0.2601501073427639,3
200,1.8779266024725427,0.02145925279126672,91.90222518098274,2.672996827389047E9,0.2898761093324482,1
200,1.8918519084531145,0.02302244962405333,91.32417024909594,2.7387590446448927E9,0.27882837651523756,1
200,2.9313517208417417,0.08136083354595924,94.23414892361822,4.517279828434162E9,0.24153501462057012,2
200,1.462764660438598,0.024771696682807855,92.18325684767743,2.9392185629944935E9,0.2581198776286476,2
200,1.6051296182304629,0.024104954174383342,99.35554852923295,2.9650502272014165E9,0.25565755933469986,1
200,3.1069349487410642,0.07963578803262511,90.93468063774449,4.440626669811636E9,0.23938323876846646,1
