evolution$generation,alpha,beta,tsteps,popfit,indicsfit,evolution$samples
1000,2.23268340981011,0.07984666993672246,88.9251548644793,9.589706397407232E7,1.0449157886939235,9
1000,9.657526169932611,0.038891030468510106,61.07672032912465,9.589706397407232E7,1.0449157886939235,9
