evolution$generation,alpha,beta,tsteps,popfit,indicsfit,evolution$samples
500,4.788644066340079,0.1,72.42766241492747,9.589706397407232E7,1.0449157886939235,6
500,9.657526169932611,0.038891030468510106,61.07672032912465,9.589706397407232E7,1.0449157886939235,6
500,2.23268340981011,0.07984666993672246,88.9251548644793,9.589706397407232E7,1.0449157886939235,6
