evolution$generation,alpha,beta,tsteps,popfit,indicsfit,evolution$samples
900,9.657526169932611,0.038891030468510106,61.07672032912465,9.589706397407232E7,1.0449157886939235,9
