evolution$generation,alpha,beta,tsteps,popfit,indicsfit,evolution$samples
100,1.073076221010103,0.04351866539117109,65.32820236147445,2.109063929577476E10,1.237284405490287,5
100,0.18457014645033354,0.0447103706103535,8.619704117997134,1.3607122765578335E10,1.7743915893992888,1
100,0.6203301937116861,0.0438424587462973,69.30977216648128,1.848128760984738E10,0.7343603888426478,2
100,0.7715265385523723,0.042341133485546245,64.82091758949986,1.823849720238081E10,0.9671917651295338,1
100,0.8514325009011992,0.03709128104735852,65.1789658442947,1.821835370928807E10,1.1559576187298164,1
100,0.18419190769605773,0.0,97.46700963891134,1.310869105010506E10,2.0556858639450475,1
