evolution$generation,alpha,beta,tsteps,popfit,indicsfit,evolution$samples
100,7.680168468097928,0.09776722730805609,75.02702047943039,3.1652345317667072E10,1.414283496483323,3
100,4.727979840305913,0.029891402411516332,56.783358725402685,1.81103172588818E11,3.4216001145288795,4
100,1.0303336362956839,0.08138946584849267,89.91615230889559,3.6470860952639656E9,0.5254984890002857,1
100,9.134667739013736,0.079285166363808,100.0,2.953060768994966E10,1.3530710079920722,2
100,1.4446718562025134,0.08050892305749474,89.79496638653706,4.9288938345200405E9,0.4616555499663799,1
100,0.24834268485928712,0.023195664783561637,33.498011323280366,1.7751611892956858E9,1.6527855925517412,1
