evolution$generation,alpha,beta,tsteps,popfit,indicsfit,evolution$samples
300,0.4636608823054844,0.017775642636084193,43.18064028518171,1.622370041610966E9,1.3671207853179728,2
300,1.4426744374795677,0.08304551211831186,90.35792033152991,4.880670139833449E9,0.4487324230715766,1
300,7.680168468097928,0.09776722730805609,75.02702047943039,3.1652345317667072E10,1.414283496483323,5
300,9.134667739013736,0.079285166363808,100.0,2.9529760581229477E10,1.353042791862527,4
300,1.4179421352720172,0.08060315231201114,89.79607644261618,4.745264319005627E9,0.4612953368123961,1
300,0.40915898840070786,0.06458701670848031,56.08463944024732,2.938937788294157E9,1.092030536238719,1
300,0.8378409373646707,0.0768307296137482,87.49835679541121,3.4896705948786755E9,0.616807269897923,1
300,0.0,0.09029773096490668,27.10091773870583,3.096852016521012E9,1.6415512885699155,3
300,1.0303336362956839,0.08138946584849267,89.91615230889559,3.6470860952639656E9,0.5254984890002857,1
300,1.0863685398743874,0.08022713593892118,91.21169499510015,3.695816271001903E9,0.5082210348154805,2
300,1.301969959581835,0.06649548849633255,89.86213244229451,4.141443872558329E9,0.5306470134403714,3
300,1.011165495728155,0.07714086836805333,90.09717171999192,3.569151082583619E9,0.5394682657674368,2
300,1.4466410590788934,0.08102024602791258,89.45253455615244,4.951394437915516E9,0.45926992077370654,2
300,0.5382546242928821,0.018865697017870636,34.65266955745109,1.6420903932878697E9,1.3581891512347506,1
300,1.10703262649098,0.1,40.59851315270326,3.308566853496989E9,0.6672665736786512,1
300,0.5241382435169973,0.024407786643109178,36.62445423008311,1.6582355335202324E9,1.2493680539100942,1
300,1.1247395599760888,0.08029649759228275,91.08984713939766,3.7458745950953183E9,0.49847822575102385,1
300,1.030333636295684,0.08138946584849267,89.91615230889559,3.656769966804355E9,0.5247036086503959,1
300,0.5397872878258632,0.021074748641724306,43.31625619839059,1.6653167687755191E9,1.2376387475616604,1
