evolution$generation,alpha,beta,tsteps,popfit,indicsfit,evolution$samples
200,7.595910331303488,0.056310627059002964,54.85421544842165,1.4916411198072317E8,1.249293818008295,6
