evolution$generation,alpha,beta,tsteps,popfit,indicsfit,evolution$samples
800,9.629474127224496,0.08128652199447846,97.30341218378652,1.4916411198072317E8,1.249293818008295,8
800,4.672796290024046,0.04257054736749264,14.083716576248584,1.4916411198072317E8,1.249293818008295,8
