evolution$generation,alpha,beta,tsteps,popfit,indicsfit,evolution$samples
900,9.629474127224496,0.08128652199447846,97.30341218378652,1.4916411198072317E8,1.249293818008295,9
900,3.315067125264277,0.1,100.0,1.4916411198072317E8,1.249293818008295,9
900,4.672796290024046,0.04257054736749264,14.083716576248584,1.4916411198072317E8,1.249293818008295,9
