evolution$generation,alpha,beta,tsteps,popfit,indicsfit,evolution$samples
600,4.672796290024046,0.04257054736749264,14.083716576248584,1.4916411198072317E8,1.249293818008295,8
