evolution$generation,alpha,beta,tsteps,popfit,indicsfit,evolution$samples
100,0.15770779980561977,0.018794326107274564,21.742890743600206,4.683149265932486E9,1.58313654907545,1
100,1.4570758659773686,0.07689656641907415,82.34414502504822,2.239269167620591E10,0.3930321926322612,1
100,0.1577077998056198,0.018794326107274564,21.7428953198797,4.687211448756987E9,1.5833682756092933,2
100,1.0911153728549428,0.08955439145182675,88.55702896854211,6.263903564508712E9,1.4182011736696267,1
100,0.0,0.01789809943459698,22.08567411549659,5.34887605802519E9,1.4223217068486071,1
100,0.17801938745489287,0.01581978233256352,24.651530982788852,4.680582824234518E9,1.5985926701441724,1
100,0.40865825435261904,0.0419829079366795,38.34705431347159,1.0351727082225801E10,0.9069548662646008,1
100,0.14399556733677224,0.018002102399254316,21.589279518434005,4.673986971250356E9,1.5990301402845575,1
