evolution$generation,alpha,beta,tsteps,popfit,indicsfit,evolution$samples
200,0.8239139500980385,0.0603342715919505,100.0,5.933777070320893E9,0.31502179065853053,2
200,0.0,0.05704073046465041,6.197321009421564,3.4204544550589905E9,1.3857833705795681,1
200,0.4000798337446615,0.04568234300244938,57.0236934705328,4.275592043396398E9,0.6597432665496425,1
200,0.5531359541348335,0.057904591897407265,63.95518464841599,4.895301188291798E9,0.45534852531418857,4
200,0.6052500380759489,0.041092006489253666,33.46151367272086,4.320147511564192E9,0.4372988303927948,2
200,0.7085907624049741,0.049963724281017696,58.60895107683311,5.128796950426628E9,0.36612546177329425,3
200,0.7939393833107639,0.05538467576990961,97.39251819117038,5.781867593167902E9,0.321614087475081,2
200,0.799027898517932,0.05633779035239087,98.27176632927862,5.795850308814876E9,0.3199905013881624,1
