evolution$generation,alpha,beta,tsteps,popfit,indicsfit,evolution$samples
400,0.339754153160626,5.907894167588564E-4,60.99070158903483,2.6108991457465166E8,1.3714373751169617,2
400,2.678549906210941,0.014155629882046286,33.91198116763141,1.5129492301472168E9,1.326602567316859,6
400,0.9748118029974656,0.009649657242402644,38.91254608334346,3.1220032211115134E8,0.7687385384121652,2
400,8.13514652418,0.05567481651368658,17.34378036420676,4.651110946315487E9,1.2909186589165254,5
400,2.532161292983109,0.019303268203385536,33.60712713148904,1.5890242258003232E9,1.0708062825513718,3
400,2.669662859419927,0.014905282910993585,34.89293196799002,1.5581526825969548E9,1.279480142488509,3
400,0.3827501857490859,5.4812638854807776E-5,60.030445889598674,2.781012415513438E8,1.3051780282237293,1
400,0.29628437970072763,0.002146643910429668,59.93015033993398,2.6246046677017382E8,1.3373746904170642,1
400,0.3823611911919545,5.4232309429955805E-5,60.06719466059643,2.758050556639529E8,1.329974151201849,1
400,0.3038349356484682,0.05535695081144423,59.12215824942054,3.4592107832749915E8,1.6093364049195107,4
400,0.0,0.07056671738538643,73.61073109341147,3.5115692491618717E8,1.3864310879217419,4
400,0.944785371130239,0.08604391638570955,32.359575711455776,3.4872576053008974E8,1.5086697883468028,5
400,0.0,0.033660623176952974,75.67597978470138,3.471448130840753E8,1.4618689373681293,3
400,0.0,0.08264296615652007,28.080467366335593,3.530195653910238E8,1.329526185828933,3
400,0.0,0.08547219895844278,29.344947448377678,3.5372453669404376E8,1.324547923624749,3
