evolution$generation,alpha,beta,tsteps,popfit,indicsfit,evolution$samples
700,2.678549906210941,0.014155629882046286,33.91198116763141,1.5129492301472168E9,1.326602567316859,8
700,1.3237019403404693,0.04878084114192708,15.844622851051014,1.414286660148907E9,0.4970836327754906,2
700,8.13514652418,0.05567481651368658,17.34378036420676,4.651110946315487E9,1.2909066270497507,7
700,0.40253377213120384,0.0021518972149732526,60.9113525611699,2.3688653835893276E8,1.1918681917876728,1
700,0.9563798732776275,0.009409122138577237,53.65693984186471,5.564779676188447E8,0.5876154990574587,2
700,1.1530247671631448,0.015104019974424721,37.33287660190266,6.572554170842882E8,0.5534346611833351,1
700,1.8085763762586626,0.010366372432766939,39.99505424573764,4.741126792030816E8,0.9513403254658227,3
700,1.6804818872262701,0.04756421143748052,10.712595220189197,5.272214196960157E8,0.715797692389998,2
700,1.470530456175859,0.020377047375659842,10.517002650842622,4.105164335697865E8,1.2308273804205145,5
700,0.9748118029974656,0.009649657242402644,38.91254608334346,3.1220032211115134E8,0.7687385384121652,2
700,0.3402837758957813,8.450173482792997E-4,61.06685107140323,2.541297024536347E8,1.3564829433910208,2
700,1.6859746532154571,0.05045089709695504,9.513486616901323,4.8996704284264743E8,0.7530123385816865,4
700,1.0672206345806667,0.006599421165034394,37.76365466845235,2.6261621648052296E8,1.0307168119832388,3
700,0.8176147415091534,0.0046796921431253476,37.262024280304054,2.414645788946405E8,1.1054335024318314,1
700,0.9412499681470937,0.008808331083454085,53.500400194423015,4.7827166462450004E8,0.6217465829765719,1
700,0.8182902468927177,0.004708794963038589,37.67030424176693,2.3878738330683336E8,1.1062393925798748,1
700,0.844898803125973,0.026079273952256146,12.003346720572695,2.727091405175446E8,0.8184602523931368,1
700,0.0,0.1,62.53141053060432,3.592822117728331E8,1.3320592651469316,6
700,0.0,0.08264296615652007,28.080467366335593,3.528075736398293E8,1.329526185828933,5
700,0.339754153160626,5.907894167588564E-4,60.99070158903483,2.5985878720779085E8,1.3736569689092808,4
700,0.29628437970072763,0.002146643910429668,59.93015033993398,2.6080783995223972E8,1.3336117414891382,5
700,0.0,0.07056671738538643,73.61073109341147,3.5118415578244853E8,1.3853583033292889,6
700,0.944785371130239,0.08604391638570955,32.359575711455776,3.4875023615023935E8,1.508684535364214,6
700,0.0,0.08481649303186219,27.734166135375517,3.535256755269395E8,1.3250515354532553,4
