evolution$generation,alpha,beta,tsteps,popfit,indicsfit,evolution$samples
100,0.6895138092998865,0.09656619265272251,94.33329880280486,1.0195688580112915E10,0.67492283286997,3
100,0.851584074798291,0.02650239028949011,96.05958837937845,5.146409086506713E9,0.8784935517796997,2
100,0.8659350480106978,0.09703317133935552,93.72651562962177,9.358208653301598E9,0.6007138163298659,2
100,0.7914873887938987,0.03080642522745409,96.0464766247922,5.887776313996387E9,0.862763656318969,1
100,0.849291366801921,0.1,93.7049256084142,9.54529853420529E9,0.5990136945623522,1
100,1.1984748287837244,0.1,96.00465015559992,8.953912743877419E9,0.6025724497450927,1
