evolution$generation,alpha,beta,tsteps,popfit,indicsfit,evolution$samples
200,7.056927056883429,0.07783549655416185,82.68106038047371,4.515766230378565E9,0.30791426565986874,6
200,2.768182170082132,0.04899143717706361,41.890052614118154,3.2677613016724396E9,0.21329490079509403,1
200,1.544371250251459,0.04805231114938038,71.07888087083386,3.873283247924303E9,0.12032205097759296,1
200,2.748606381200391,0.052071916344983676,50.07548279927355,3.471134534682936E9,0.16184701667242637,1
200,2.979971756015787,0.038584412345874924,81.92854592608748,3.654772157866901E9,0.15615559577616292,1
200,0.7489566300722372,0.04930842289058055,56.36499858521394,3.812029624848529E9,0.15038611352414646,5
200,1.2583308053525912,0.05795495201793195,45.884591886295105,3.661924914439326E9,0.12273193343580738,1
200,1.319953307860663,0.05846403686728646,50.26554255948087,3.7532721127893615E9,0.12113899917554787,1
200,2.4066259841785453,0.03823843954794701,88.70365118138149,3.7565759743254166E9,0.1295223727646465,2
200,1.3960531512676055,0.0600311457469362,54.48594580289038,3.85116797073026E9,0.12081248813015355,1
200,1.2066483391288125,0.055916385333868085,52.37126039789076,3.764350459174985E9,0.12251113561555224,2
