evolution$generation,alpha,beta,tsteps,popfit,indicsfit,evolution$samples
1000,9.36815152020333,0.012296648827376796,7.345532035313447,9.493844549647996E7,0.9719961579169163,9
1000,7.6664720192623115,0.004203279511772974,1.0,9.493844549647996E7,0.9719961579169163,9
