evolution$generation,alpha,beta,tsteps,popfit,indicsfit,evolution$samples
200,2.5356307565047986,0.013869120901177607,22.377355438241032,2.16939330840816E10,0.31988627732915825,1
200,0.0,2.1073102071191078E-4,9.019144614020723,2.2487921561258343E8,1.2194149509067946,2
200,0.5592367685803645,0.04854984281481903,43.900584990776814,2.0170096459227595E9,1.718981635379194,4
200,3.1466755358207354,0.04421894075574733,12.003005897950707,4.355066827246253E10,0.4777499933740196,5
200,4.305312890591655,0.06905589450710102,30.11393699700039,2.0773548012703583E10,0.4451390860094838,2
200,1.7773300871546591,0.0,3.338664700903792,3.254071730447466E9,0.8541616546667045,1
200,2.401493390632785,0.012831388161225227,15.167250085691617,1.7061961587198391E10,0.347865665586967,1
200,2.5132919641698996,0.013589906420607624,20.373863636353672,2.1520675780272717E10,0.3216649245377957,3
200,2.3791450936310254,0.011898037081524128,85.79575412692381,3.9789624123849916E9,0.9319590724892803,2
200,2.049246176742427,0.00812630614911458,14.49713043902133,4.373766766071547E9,0.7313392669820016,1
200,0.7009631560343343,0.007108129645459255,10.765114685612689,4.5149822971169204E8,1.041800019502599,3
200,4.515109705112713,0.0777596029711646,29.262729731534236,1.9086806710732487E10,0.4908058110516713,2
200,2.063211392556588,0.0,25.952890434652833,5.843969034857019E9,0.6317599956258082,1
200,2.221820611190011,0.002713318742297313,5.075607894747215,1.2423623171933119E10,0.5449616511390221,2
200,9.819175444991497,0.08321541207470665,53.056619391474605,1.2056349585937899E10,0.91175715841822,2
200,0.32527549275852596,0.0,20.83037040056766,2.937536240084425E8,1.0698871478456,1
200,0.5336104314392608,0.0021383474594868224,20.14152310656381,3.8722699617770094E8,1.0100320545272887,1
