evolution$generation,alpha,beta,tsteps,popfit,indicsfit,evolution$samples
100,6.462296874447477,0.0380246077975438,30.57772358050383,1.4916411198072317E8,1.1225043929983285,3
100,4.097633562147649,0.031243588666630174,14.996130656315659,1.4916411198072317E8,1.1225043929983285,3
100,9.665290979822927,0.06334439627502249,46.64237468647889,1.4916411198072317E8,1.1225043929983285,3
100,2.1600503823940187,0.010690940140271455,58.92643792887316,1.4916411198072317E8,1.1225043929983285,3
100,8.979025145741193,0.03152117627873661,31.10703455468888,1.4916411198072317E8,1.1225043929983285,3
100,10.0,0.05829622810764157,41.200858104743844,1.4916411198072317E8,1.1225043929983285,3
100,8.782051246852843,0.03209662606124971,75.76952166144997,1.4916411198072317E8,1.1225043929983285,3
