evolution$generation,alpha,beta,tsteps,popfit,indicsfit,evolution$samples
900,0.1461452174659028,0.04881591215961889,34.54225817910954,1.4916411198072317E8,1.1225043929983285,9
900,9.995686936332307,0.05488205821032619,21.54079641757258,1.4916411198072317E8,1.1225043929983285,9
