evolution$generation,alpha,beta,tsteps,popfit,indicsfit,evolution$samples
300,9.995686936332307,0.05488205821032619,21.54079641757258,1.4916411198072317E8,1.1225043929983285,5
300,2.1600503823940187,0.010690940140271455,58.92643792887316,1.4916411198072317E8,1.1225043929983285,5
