evolution$generation,alpha,beta,tsteps,popfit,indicsfit,evolution$samples
600,4.101173853974527,0.04007916470387112,19.126111692417812,1.3098416004617451E8,0.5917176346300468,9
600,1.904636369418491,0.0941159034824231,41.118643216497965,1.3098416004617451E8,0.5917176346300468,9
600,6.799858473925269,0.03254145348821254,55.81830863185414,1.3098416004617451E8,0.5917176346300468,9
