evolution$generation,alpha,beta,tsteps,popfit,indicsfit,evolution$samples
300,0.16812090467409738,0.060044724740555534,3.9454576257955445,2.4094217854167867E9,0.9993469507922819,1
300,1.1796006742958525,0.03085747696564944,96.34287394805685,6.428991878155454E9,0.2397889125032815,1
300,9.848615693979594,0.08857450431794066,100.0,3.806102664295701E10,0.7486212626716555,6
300,0.531367353629263,0.0,100.0,4.0382360782038774E9,0.9086979661125166,3
300,0.5815749553794128,0.0,100.0,4.370568896597871E9,0.8364861691926382,1
300,0.32952003851928535,0.0,89.61163186209554,3.2616813087774363E9,1.2276131868931905,5
300,0.0,0.01839950062953279,27.007380343346043,2.9938236316732845E9,1.4065416847119594,2
300,0.7037522473619601,0.07453169522565091,3.500115938722921,4.403710437255814E9,0.36482586904551534,1
300,0.4642986223645361,0.0,100.0,3.686837828131029E9,1.0179262039867267,2
300,0.4810277878086473,0.0,99.05268041340052,3.759945814327183E9,0.9881539354599542,1
300,0.2990566785252373,0.007263443533372775,89.47679677502772,2.707586140413795E9,0.9917934110507357,1
300,1.197134481884913,0.0292955157991778,97.89789251151184,6.546919600143974E9,0.2399326336402715,2
300,0.8997597107748367,0.03042832875793269,98.4729181026843,5.416534431528842E9,0.31237812493592804,3
300,0.0,0.018364794231245943,21.700028948442647,2.805713420118681E9,1.435489122344385,2
300,0.0,0.0,26.49193278415429,2.5239742308535223E9,1.6663031081596595,2
300,1.1743599727017722,0.030930876792487395,96.50072767295015,6.391072834612548E9,0.24005725231479103,1
300,1.4855048843163017,0.08047939651751373,47.486987827150074,8.262766976387109E9,0.2701524901771186,3
