evolution$generation,alpha,beta,tsteps,popfit,indicsfit,evolution$samples
200,2.3440158444441956,0.07661995654023268,23.500628943830268,7.545998665202286E9,0.16242019748457542,1
200,0.3017696715061171,0.0011854767608573446,81.06554296507285,1.5211050116125586E9,1.414901134713961,1
200,2.324914420025579,0.05276624467742879,56.6723821166305,1.6522642833088784E9,2.697021465521039,2
200,9.010935986831228,0.030080292704431424,84.14764936466003,9.590025662903517E9,0.27265839367789196,3
200,2.769720627368212,0.09561891452025524,12.21502891845804,5.593764540842623E9,0.3875394806289508,4
200,0.0,0.06915364485644081,5.2707962627249145,3.108663592935355E9,1.1439163319802217,1
200,0.0,0.012818299205539691,41.45552415413516,4.115699013614235E9,0.9370704650861792,1
200,0.0,0.006374802120854538,47.457022341125324,2.4493925979625554E9,1.2785320838770367,2
200,2.669490587823054,0.06923617678395928,12.07011355563326,4.667151610385473E9,0.7070413738569226,4
200,2.3908897059733785,0.1,15.178903155022713,6.445583866753447E9,0.18235969590329845,1
200,2.623084189964573,0.09552265924802533,11.563176159830851,5.121808308646055E9,0.40275128715758785,1
200,2.932016966482318,0.08468961541760103,15.711814689102853,6.429155870944629E9,0.3495344353906421,1
200,2.761474104322053,0.074167137179799,12.22516425576226,4.957724279464755E9,0.6361528957160691,2
200,0.00825137530011896,0.054282291644648144,1.0,1.6439728780747566E9,1.3352365778894288,1
200,7.127420330123922,0.08355167917906786,86.55939043468469,1.6742776882401407E9,2.4652515015345955,3
200,0.0,0.07553558804287148,52.17995901882,1.669264182740055E9,1.3992743976369382,2
200,7.2177655304482835,0.08514292565214697,85.7887887389893,1.6754291275100973E9,2.4546514354306943,3
200,0.0,0.06372597378512072,100.0,1.6626673859257789E9,1.5238112878059296,2
200,2.1701475933435415,0.06936027735202045,43.059571697653276,1.6531612608126721E9,2.5638604083342544,2
200,2.171938476584232,0.06928944005525599,43.19563990254575,1.6531976735909443E9,2.5646155006169646,3
