evolution$generation,alpha,beta,tsteps,popfit,indicsfit,evolution$samples
300,0.0,0.0338280399122163,13.797177828977706,5.060268826562461E9,1.378035481753198,2
300,1.0855139457652294,0.1,99.71400127787217,1.0184586255030233E10,0.16099268568689912,1
300,7.612181094050287,0.09060390655822717,29.088239358501117,7.605146406841022E10,3.0545137623351626,5
300,0.5495765736235727,0.03474209167746598,100.0,7.719229692271625E9,0.3713145626800432,1
300,0.6571453707314724,0.057540657194537284,75.78048570601239,8.341524504855954E9,0.35191717961060004,1
300,1.0707644753581422,0.1,99.36495654964695,1.0178626275570507E10,0.16136282826647863,1
300,0.267524928538364,0.03934139386186113,34.30004385717495,5.270940485514583E9,0.792464330431768,1
300,0.5520504357208564,0.04572120141542654,46.981945301044576,6.371350456938735E9,0.6598353915575665,3
300,0.00221443069736385,0.012454484258965065,100.0,5.163532584697912E9,0.9868693812047059,2
300,0.647150189074905,0.058704436837992126,84.20488454731402,8.673327051623331E9,0.29806953970158157,2
300,0.6424097069574143,0.057647786528023215,75.5524814850208,8.347738076769142E9,0.32894316828562464,1
300,0.39528339367170395,0.04147702120562543,53.60202936650855,6.487348872705953E9,0.5193618603769049,1
300,1.093633095269587,0.040476028098905104,31.421902507752282,5.703137472556374E9,1.65357576818216,3
300,0.47504491747621813,0.04002650991966896,36.99807352627489,5.48619273837831E9,0.7645917087264833,1
300,0.8358059483420154,0.054594207834772306,89.34676059299531,8.60350388271943E9,0.3816728308367847,3
300,0.6320442230518488,0.042972780924980566,43.72390064039839,6.02734637102166E9,0.9328977741302256,2
300,0.41044307160321747,0.0414627396332092,54.21378349584454,6.525572049498888E9,0.5113468465810082,1
300,0.41595448971900645,0.0401817373444332,44.27897215738873,5.903312950840675E9,0.6088367954499073,1
300,0.5567250069105834,0.04595019338800186,46.44052784389387,6.385118881487875E9,0.652364931827155,4
300,0.42499083163238394,0.04591681578465774,46.932064954697054,6.384842408009911E9,0.5293067138411855,2
