evolution$generation,alpha,beta,tsteps,popfit,indicsfit,evolution$samples
100,4.766830884869712,0.03669911971266584,53.64653326613835,1.8864908005618217E10,1.6175973757865227,4
100,0.0,0.0,76.64794034555837,8.191301644967153E8,1.580727023710109,2
100,1.8549216926936518,0.04260359753064141,79.93825103897385,5.009907282315903E9,0.1110573335459337,1
100,0.8960037263037269,0.02527895223015161,84.3128027347358,4.0691157748225665E9,0.13410023033699137,1
100,0.8175564717884412,0.015825007009425462,79.0054571437154,2.6407987766310606E9,0.21161024924072883,1
100,1.2945591328059636,0.0121309559343371,78.62889027672723,1.7263791117640715E9,0.35874110049987007,2
100,0.8173292059296458,0.0,79.00375128205461,9.910771237310739E8,1.2766279503937907,2
100,0.7569994464550587,0.013122718999010588,80.6706357286786,2.270457835493873E9,0.2621630526180203,1
100,1.4533188021633103,0.008458987327101123,83.22208210210489,1.2933817429172444E9,0.5809490756485166,1
100,0.7204037228114983,0.010216315466499648,87.75135272058955,1.9301683001645758E9,0.3213229014754274,2
100,0.8995077168590494,0.03141719744260016,83.961859783555,4.639419446019998E9,0.13685181774702,3
100,0.8175661826487257,0.013095035952975675,79.0052721585023,2.1714528941979437E9,0.26821639500808314,2
100,0.9055097846605933,0.017047806302528164,80.24412937133516,2.82934863511012E9,0.18702234728994302,1
100,1.7030072531018126,0.06780555591595111,57.99776469642854,5.365632030727196E9,0.11137971139266967,2
100,0.8386334237393321,0.013237445833724807,78.93770749977901,2.1825549030509453E9,0.2642596438726516,1
