evolution$generation,alpha,beta,tsteps,popfit,indicsfit,evolution$samples
1000,2.5134210265451618,0.058950402746554435,39.871027899879394,1.5396663459669137E8,1.5198254043153372,10
