evolution$generation,alpha,beta,tsteps,popfit,indicsfit,evolution$samples
100,0.4693070398462762,0.009361878035514581,45.336711458701885,1464734.0089162195,2.3001182114681953,3
100,6.217978721684398,0.07359962612074969,67.64778598574779,1464734.0089162195,2.3001182114681953,3
100,4.8104618776544195,0.03998742003564231,54.7154574550481,1464734.0089162195,2.3001182114681953,3
100,8.616841163445145,0.005224166781845974,30.565674618289112,1464734.0089162195,2.3001182114681953,3
100,5.031738984727454,0.03875240793848807,23.924545155203756,1464734.0089162195,2.3001182114681953,3
100,9.785500223072617,0.0790647435547351,19.98509312101755,1464734.0089162195,2.3001182114681953,3
