evolution$generation,alpha,beta,tsteps,popfit,indicsfit,evolution$samples
100,1.6202196399317659,0.06084081224028917,96.74391779419751,4.745125041841829E10,0.19194413526048146,1
100,0.10977038981816234,0.06464284553017223,17.60030753561349,2.367978782066787E10,1.004646952802661,2
100,0.10323599458792687,0.008215149928651022,70.8044954126788,1.7151900510472387E10,1.642311858722376,1
100,0.7519384816771613,0.060803716827261406,23.576798765375404,2.6211207925908813E10,0.5599023576256658,1
100,5.191916996287018,0.08506298040103077,88.60783386089294,1.680732385613035E11,0.8500511758909586,4
100,0.0,0.06446308171136911,15.033954655129493,2.2267749570921646E10,1.1853381440785524,2
100,0.13979350984133715,0.01342499548513283,70.54369328757812,2.067982946983875E10,1.186332072891413,1
100,0.10323599458792687,0.008215152206683996,70.8044954126788,1.71607754545783E10,1.6415881221605528,2
100,0.7519384816771613,0.1,43.91175427689573,4.604641735181569E10,0.297182989941641,2
100,1.5478432513573077,0.05266355345380058,88.74951719465919,4.457416652925734E10,0.19398469436343535,1
100,0.0724024815343504,0.007606550385515425,69.72537939316548,1.6983733399651438E10,1.7428934448470639,1
100,0.7386514535428936,0.060658782138026515,22.864156630059405,2.553026981667983E10,0.5886942260236985,1
100,0.0,0.06121821771469374,14.408369933746958,2.156784488373185E10,1.2416352435377749,2
100,0.10323599458792687,0.008215149928651022,70.7533172573311,1.712219430184439E10,1.6490296780682527,1
100,1.2542409433079313,0.01719857870245934,69.92890194722754,2.3033327764280586E10,0.9029035448716172,1
100,1.6920702545480084,0.06086527531675473,96.64527098506258,4.746149397731069E10,0.18870092185740298,1
