evolution$generation,alpha,beta,tsteps,popfit,indicsfit,evolution$samples
200,9.602668822970506,0.06946616233910073,19.390918382031458,7.837126913876741E11,2.9148359941006925,5
200,1.6920702545480084,0.06086527531675473,96.64527098506258,4.746149397731069E10,0.18870092185740298,1
200,0.10308157328414513,0.00727675570582633,71.57038676853941,1.6944402279311743E10,1.7363348062916617,1
200,5.191916996287018,0.08506298040103077,88.60783386089294,1.680732385613035E11,0.8500511758909586,4
200,0.7294213248035781,0.1,27.44498999631047,3.879534322511928E10,0.29776868612851126,1
200,1.3243871571530594,0.03659845109635421,71.24285078454072,3.534428501299258E10,0.3237029026869046,1
200,0.24172676489959904,0.010661055754263845,70.827279649858,1.82550213284495E10,1.3252285752185144,1
200,0.08610446442042363,0.06466359895608288,18.521720630774453,2.4529378667223316E10,0.9811883883377248,2
200,1.5478432513573077,0.05266355345380058,88.74951719465919,4.457416652925734E10,0.19398469436343535,1
200,1.5687464463565328,0.05509653395869812,89.41805633921336,4.520260650223924E10,0.19083967884865655,2
200,0.10977038981816234,0.06464284553017223,17.60030753561349,2.367978782066787E10,1.004646952802661,2
200,0.7386514535428936,0.060658782138026515,22.864156630059405,2.5532020615852386E10,0.5887139414834123,2
200,0.7519384816771613,0.060803716827261406,23.576798765375404,2.620300588843541E10,0.5596083481346852,2
200,1.5887861589471408,0.05838520520432236,94.5145975872557,4.666134234438208E10,0.19000489018156985,1
200,0.6269171609176114,0.015294207125727911,69.29623537584342,2.099446895921492E10,0.8479192970877543,1
200,1.5381200236183032,0.052550374773781994,89.61711283408935,4.4639580803782745E10,0.19306020323582299,1
200,0.8257584148938011,0.016214168732408604,69.52132714882515,2.1541935309220905E10,0.8016494149418087,1
200,0.0,0.06446308171136911,15.033954655129493,2.2267077156054707E10,1.185473499215143,3
200,0.7519384816771613,0.1,43.91175427689573,4.604700008199207E10,0.2974867969965985,3
200,0.20042749083189731,0.06254477195406502,13.539573597233936,1.999667438761183E10,1.1628450308161293,1
200,0.0,0.06121821771469374,14.408369933746958,2.156784488373185E10,1.2416352435377749,2
200,0.20520439262163706,0.008266203719262889,69.6741188147955,1.7032414350221588E10,1.587937852209914,2
200,0.4107985177610811,0.007260607890294354,71.51376418155398,1.6948493674819761E10,1.535148215495518,1
