evolution$generation,alpha,beta,tsteps,popfit,indicsfit,evolution$samples
200,0.8171626031397429,0.0,60.629701086500205,8.927625246943918E9,1.4369020107819956,1
200,1.1232511594719683,0.1,100.0,3.699180399506968E10,0.7960730539945241,1
200,1.180080294650154,0.009119200404386367,48.77051867381604,1.0739048179553715E10,1.3441426021438305,1
200,2.0571499824126667,0.03514616680753627,53.32048464368873,2.9728458044183456E10,1.124485312464118,2
200,0.8011352450612129,0.07264553288743696,89.38264873536849,3.4183764430297447E10,0.8912814175849718,1
200,0.9903662170499038,0.036985048867867146,46.37550368462534,1.7464235543002155E10,0.9960601480007487,1
200,1.1995386250941449,0.09018998047271398,97.69975987753216,3.5684645961120026E10,0.8189228405497839,2
200,1.722488049196249,0.010853639454550913,67.5264843251588,1.8887195405779438E10,1.3092890390770522,3
200,0.14539332435983043,0.0914631249707842,87.46810538603788,5.02216877136304E10,1.6259218085505978,4
200,1.2633163206143232,0.1,100.0,3.681863131417864E10,0.8092553564027885,1
200,0.9844058737292534,0.08341085327627026,94.05580248509082,3.490996825202077E10,0.8243311582198649,1
200,1.0652475974721043,0.005835619818219246,59.636570958169514,9.322139939361588E9,1.3814353376070547,2
