evolution$generation,alpha,beta,tsteps,popfit,indicsfit,evolution$samples
300,0.45988576181623,0.017380510382334347,7.792706098686274,6.708545254245431E7,2.77257618846312,5
300,0.3643730489007374,0.02228659486143257,49.57985303968294,2.534648186844766E8,0.948021971148536,1
300,0.4194410994291431,0.0,1.0,6.149384286841064E7,1.3689043169013986,1
300,0.06824016182098414,0.1,40.662032879105126,6.259491667517877E8,1.2072280385284508,2
300,0.0,0.05063076374118019,28.838928765988786,4.8663546797996014E8,1.2485143626592605,2
300,0.05145047364774083,0.07208004168850661,6.701812332987577,1.6347991482952848E8,1.2772505496133477,1
300,0.0,0.06328603021488119,9.32904356776215,2.69464034819891E8,1.276833214844393,3
300,0.3482482426663168,0.02101819671676358,32.29079194207513,1.6602644670618948E8,1.0400548139791896,1
300,0.0,0.062255314486023755,9.309868675714787,2.6597256725838864E8,1.2805088761484247,2
300,0.40972313888239964,0.0025434418210243037,87.7233457850213,7.734444687438896E7,2.190825940257259,4
300,0.19322599003415125,0.005385336057460219,49.17236960164278,1.0138929257135779E8,1.2846874598013795,2
300,0.031231371920267315,0.01979042913973006,1.4362852238240058,7.906283661075376E7,1.30151559779691,2
300,0.28535097664346454,3.531307088208339E-4,60.40745569418291,6.727212635228479E7,2.1713939352855816,2
300,0.08189993310736131,0.0,1.0,7.007189545715974E7,1.56355367041181,3
300,0.10695703053376945,0.020584419580469415,6.661768248652645,8.809677310839224E7,1.334762853321422,3
300,0.0,0.0,13.80798581803559,8.80656518945871E7,1.5517563149005358,3
300,0.45988576181623,0.017380510382334343,7.792706098686274,6.697105328605685E7,2.8193549228393957,2
