evolution$generation,alpha,beta,tsteps,popfit,indicsfit,evolution$samples
700,9.848191940094873,0.06442734123963294,55.028449870879605,3.2512280357038293E9,5.753574190401542,7
700,3.6337408210756195,0.08453472798576814,88.36507667204842,3.2512280357038293E9,5.753574190401542,7
