evolution$generation,alpha,beta,tsteps,popfit,indicsfit,evolution$samples
100,2.283762628249515,0.07638883462488733,41.1941339305491,6.0764334094893E8,1.4299498686152536,3
100,1.9093572573924722,0.03629703719910782,50.8031170426553,4.2759664878607883E9,0.5976055922730259,2
100,6.471486135010739,0.09567881663683463,45.526081217290105,6.070549355080308E8,1.3955872153279296,2
100,0.0,0.08606454058883013,100.0,5.991702853938903E8,1.4035183761036198,2
100,2.119145608556882,0.04881360489154283,4.021079063197371,1.1969617978062146E9,1.335520318160433,1
100,2.0263704566490395,0.1,20.191447219410893,4.615769760633646E9,0.5770179302857221,2
100,1.9125094785541052,0.03634840074984843,51.18092204090242,4.29889202231028E9,0.5961852670643562,2
100,1.9316672128263708,0.03887155442452721,56.17696252913206,4.712210085417226E9,0.5523915417154388,1
100,2.212969874185117,0.1,41.918330561797866,5.96882223240172E8,1.382602240651934,1
