evolution$generation,alpha,beta,tsteps,popfit,indicsfit,evolution$samples
300,0.0,0.08970739541422956,69.75824806194778,1.0246012295085226E10,0.23796987454142482,1
300,0.5775979622369207,0.09948613091394268,93.18846867758572,1.0856870222722185E10,0.08999268814229658,1
300,3.083432792142742,0.09381683917785336,62.26896557156583,2.4350671261340332E10,1.1672158591450235,5
300,0.8774470328214939,0.036594180814369916,91.65095834898618,1.9607767198967083E10,1.5485257578717644,5
300,0.0,0.034602305967060695,85.28636532720449,1.4480729544586227E10,0.5922033354451928,4
300,0.0,0.0894008262910956,67.41086643464097,1.0347500026101887E10,0.24690438609280096,2
300,0.4858791507142831,0.04719076996241747,100.0,1.377442671452609E10,0.28917118152124627,3
300,0.7431383589034024,0.09354439950444168,88.83071085817849,1.174095362542196E10,0.30235394875975413,3
