evolution$generation,alpha,beta,tsteps,popfit,indicsfit,evolution$samples
200,0.9819778396948582,0.1,100.0,1.159766000990787E10,0.2906598017884453,1
200,0.4858791507142831,0.04719076996241747,100.0,1.3779909258416172E10,0.28917118152124627,1
200,3.083432792142742,0.09381683917785336,62.26896557156583,2.4350671261340332E10,1.1672158591450235,5
200,0.0,0.034602305967060695,85.28636532720449,1.4480729544586227E10,0.5922033354451928,4
200,0.7431383589034024,0.09354439950444168,88.83071085817849,1.1742410965710896E10,0.30635749280711216,2
200,0.0,0.08984616922757267,45.609889961246076,1.2024017547886415E10,0.3868303870282934,3
