evolution$generation,alpha,beta,tsteps,popfit,indicsfit,evolution$samples
100,3.083432792142742,0.09381683917785336,62.26896557156583,2.4338426481419548E10,1.1669609748207097,4
100,1.5853344250998869,0.06037554597931938,62.02011598474485,2.310884800397003E10,1.5775121494743787,3
100,0.0,0.034602305967060695,85.28636532720449,1.4478883676727495E10,0.5923015961104182,2
100,0.9819778396948582,0.1,100.0,1.159766000990787E10,0.2906598017884453,1
