evolution$generation,alpha,beta,tsteps,popfit,indicsfit,evolution$samples
400,0.49829703642484724,0.1,95.34665534862526,1.050478520759348E10,0.04460998706841317,1
400,0.0,0.09397613087160994,92.94749882288107,9.424813931817389E9,0.20358351183070778,2
400,0.8774470328214939,0.036594180814369916,91.65095834898618,1.9607767198967083E10,1.5485257578717644,5
400,0.4858791507142831,0.04719076996241747,100.0,1.377716798647113E10,0.28953938960348535,4
400,3.083432792142742,0.09381683917785336,62.26896557156583,2.4350671261340332E10,1.1672158591450235,5
400,0.0,0.09391377436066117,92.89442745487997,9.433411068463432E9,0.20296687768275093,1
400,0.5002892945947248,0.1,84.14098611708575,1.0900551315423283E10,0.07235638540350181,2
400,0.7431383589034024,0.09354439950444168,88.83071085817849,1.174095362542196E10,0.30235394875975413,3
