evolution$generation,alpha,beta,tsteps,popfit,indicsfit,evolution$samples
300,1.2370772541888981,0.06591322164233263,94.78473209913747,7.209581698708034E10,0.9282278644098019,1
300,1.0501164061092454,0.08500571807517829,9.83165641885026,4.099290536119136E10,1.1240508081580778,1
300,1.1985609438458313,0.08508013300560753,7.187028272567985,5.5615116982595535E10,1.1877945326482684,5
300,1.1091731840182568,0.07838201335992147,13.635437229402985,4.592640098838002E10,1.0968643279777983,1
300,1.241416824830719,0.08495953439635606,8.98515711349837,5.875747406272569E10,1.161486790053746,5
300,1.1144418054157748,0.07844621870066167,20.156526702280544,5.1139245967110054E10,1.0466549084538592,1
300,1.083733739154651,0.08017712544470744,27.093730118068343,5.334350054412387E10,1.0091032839687575,1
300,1.3992559842842156,0.03389368559130512,34.97090781175893,6.418091308771841E10,1.1371190453552182,3
300,1.2111909408466606,0.05437793281649668,65.77564082888907,6.645612144726457E10,0.9784704661021029,1
300,1.1157847120862856,0.0782169918822195,15.354435026217972,4.8127415910837906E10,1.0811101998473176,2
300,1.1466676853224271,0.05722007157096172,88.55832034988427,6.669291007662898E10,0.9369016537899161,1
300,1.8255833190895456,0.09998624896147465,67.90644045634625,1.0258900987890085E11,1.0301546444729992,4
300,1.1917051391946163,0.056533191225731666,99.41510246013291,6.952190080017952E10,0.9322200172064246,3
300,1.1890139049771915,0.056427738733759614,99.37027303760077,6.94986359804496E10,0.932247422241642,1
