evolution$generation,alpha,beta,tsteps,popfit,indicsfit,evolution$samples
900,6.577866400960711,0.0,45.34893914096427,1.4741581941338203E10,1.7340307141958817,7
900,0.0,0.08159129608216423,26.207151399193968,1.4741581941338203E10,1.7340307141958817,7
900,0.230781995486619,0.08703820994181381,100.0,1.4741581941338203E10,1.7340307141958817,7
900,8.369571388818054,0.07029440407070499,56.461053249286365,1.4741581941338203E10,1.7340307141958817,7
900,0.34412509602052666,0.0894244501746167,87.19259527310194,1.4741581941338203E10,1.7340307141958817,7
