evolution$generation,alpha,beta,tsteps,popfit,indicsfit,evolution$samples
400,8.576853863281555,0.06236731085051113,36.21159474180698,1.7106068964993973E11,2.40929432974945,7
