evolution$generation,alpha,beta,tsteps,popfit,indicsfit,evolution$samples
200,2.836493908588207,2.1728648212127057E-5,93.82547067608841,1.7106068964993973E11,2.40929432974945,4
200,9.318743562146576,0.05681481903205861,49.29387149326208,1.7106068964993973E11,2.40929432974945,4
200,8.576853863281555,0.06236731085051113,36.21159474180698,1.7106068964993973E11,2.40929432974945,4
