evolution$generation,alpha,beta,tsteps,popfit,indicsfit,evolution$samples
900,9.32360669111448,0.04752145997584078,100.0,6.699292127503666E7,1.3749838823722806,7
