evolution$generation,alpha,beta,tsteps,popfit,indicsfit,evolution$samples
100,2.4857041614089304,0.0746241814110906,26.58011395756459,2.0316874296492383E11,1.3081021602295597,4
100,0.6591061667982445,0.03686365625225592,24.993236300851006,9.31172244079638E9,0.1702800571905469,2
100,1.939416762928094,0.1,22.41320264641968,4.6072922080793465E10,0.6597256234730443,3
100,0.6591061667982445,0.03686365625225592,24.99575966464625,9.305349498889654E9,0.1709882327553564,1
100,0.5257434312605771,0.03193218980079572,29.409288887788378,6.678839960808843E9,0.31503030990404424,1
100,0.0,0.028946395656815272,18.330120938617565,6.316863242142455E9,1.231381683896349,2
100,0.7067526440243065,0.03712672680464218,24.27764630205992,1.0151619944056292E10,0.155930310514102,2
100,0.3774129537916227,0.03832197430201038,25.271461868034827,5.661522533640629E9,0.5700363185303919,1
