evolution$generation,alpha,beta,tsteps,popfit,indicsfit,evolution$samples
400,0.5722901618670164,0.09686205544235857,12.535716504759238,1.1285446097393597E11,0.14123660151541523,1
400,0.4455125625292721,0.1,2.5378543871188786,9.045286054878731E10,1.1903965694037288,1
400,0.4786078824652996,0.09815136337151137,5.37893201824223,9.512708226977121E10,0.3886551186325834,1
400,0.13964429427250846,0.1,9.226399260401605,1.1478777465117912E11,1.0528761892555065,3
400,0.19237297722165747,0.09271417347455917,13.63915864429756,1.2368237317075806E11,0.9293732939340833,2
400,0.3672090222842725,0.09510569829502455,22.364995365226754,1.3633132642858348E11,0.5793045522014287,3
400,0.7292589160015399,0.09860827027167468,21.32841276560635,1.2742829198938345E11,0.37041801832371984,2
400,0.47663684931749045,0.09795627405416461,9.476272296320904,1.061584068284092E11,0.30342223085283676,1
400,0.5346768597352409,0.09908805098214944,10.716113606391021,1.0984407478518036E11,0.18571457850878834,1
400,0.49694001293090007,0.09893235287110902,10.474913338852879,1.0855234364426855E11,0.2513312449065614,1
400,0.7257978428437017,0.09057001024009098,35.669843442241394,1.4185376662910858E11,0.2022641026858496,2
400,2.4610396644425445,0.07688958358722897,89.51417859309379,1.4514352716200888E11,0.435873889451755,3
400,0.44655743552555593,0.1,2.583183384676625,9.045297689176826E10,1.2356073689511329,3
400,0.530271590994803,0.09808428373378485,5.454348374891363,9.406948920040211E10,0.5059436870687476,1
400,0.5984188438173419,0.09209464075543596,2.375760959742811,9.16937707084058E10,2.0331051288377653,5
400,2.467531301341827,0.07690594367569221,89.57076766553175,1.4521278561262335E11,0.4418077596929002,4
400,0.36170177032963347,0.097033074133268,2.429722853580838,9.112871545332294E10,0.7882876897154887,1
400,0.3531391735024858,0.0970414583132637,2.0769720855573865,9.124130804429091E10,0.7409843480372456,1
