evolution$generation,alpha,beta,tsteps,popfit,indicsfit,evolution$samples
200,8.628056670276704,0.07530331877866113,14.910704878096233,9.296530827566456E11,4.069200981062451,5
200,1.8911945068369684,0.07687140399721298,89.65159950790846,1.4960021310180908E11,0.24330093474332107,1
200,0.74088852702268,0.09880235936231825,3.906433535228855,9.108612055975223E10,2.0723277375607694,1
200,0.3672090222842725,0.09510569829502455,22.364995365226754,1.363411289462202E11,0.5779346795552064,2
200,0.13964429427250846,0.1,9.226399260401605,1.1479136551814664E11,1.0528133284840322,2
200,0.530271590994803,0.09808428373378485,5.454348374891363,9.406948920040211E10,0.5059436870687476,1
200,2.51275601295403,0.08065180899074907,91.3973952226629,1.479255149633362E11,0.3864678316353234,1
200,0.5984188438173419,0.09209464075543596,2.375760959742811,9.172047781667065E10,2.0631626406702934,1
200,0.663895043505357,0.1,5.188761550672969,9.248155944466704E10,1.214107714624294,1
200,3.9587227481707368,0.07563958248560579,91.44651583000388,2.5859843722907776E11,0.9346017867192289,4
200,0.6180908777016093,0.09999097175799221,5.311975146855296,9.296250529203766E10,0.9819371543516063,1
200,0.7491829441726994,0.09844017099869844,6.642618415268162,9.360675597400906E10,1.4577640842121218,3
200,0.8184562587134486,0.09905817969868458,6.150731338248481,9.337264515987872E10,1.6163580989694277,2
200,2.4494211576046387,0.07685834387166186,89.55221498514015,1.4533656565744733E11,0.4279185994311337,2
200,2.467531301341827,0.07690594367569221,89.57076766553175,1.4531472734485297E11,0.44169372249736893,3
