evolution$generation,alpha,beta,tsteps,popfit,indicsfit,evolution$samples
300,0.861649048479784,0.1,100.0,2.8127617514887283E10,0.37067900364244627,1
300,0.817431267364594,0.018203060376573814,31.58234631234183,8.0360547903432255E9,1.8835776303347407,1
300,0.46341031834860935,0.014501458986354777,27.777833620771244,9.16422037976045E9,1.8175937856938273,5
300,0.3634912639521989,0.02738023230964053,39.52250216856181,1.3179677282928661E10,1.4343946833906158,2
300,0.12099759171087618,0.039107892529770115,59.60225357216659,2.084602860440725E10,1.3374441064643185,2
300,1.6386747223075333,0.0923859549381591,41.97097508077,2.2081275067823906E10,1.1271487622806666,2
300,1.1841894974058342,0.1,35.509062182490965,1.7536311499240383E10,0.7663201565701052,1
300,1.1164206797626033,0.09222377243975548,100.0,2.597335410729639E10,0.38542308491750427,1
300,0.6137054983045279,0.09714100371596346,100.0,2.934720095239789E10,0.49161122893116005,3
300,1.7736861335171203,0.1,52.65908298244251,2.8996622382707336E10,1.0834376208186094,2
300,0.8682948832237737,0.1,96.870889992667,2.785437151885761E10,0.3741655022357975,1
300,0.566768858640993,0.014118254466027866,29.197775331297297,8.77301963154146E9,1.7846886580844326,1
300,0.8632187050877262,0.1,100.0,2.8109874027331684E10,0.37079808037844364,1
300,0.49412710193751647,0.014604420238867556,33.53071492744915,9.197770862662521E9,1.7216439093165177,1
300,0.47174658126931923,0.024047001045672364,39.0604517333445,1.1457051801106258E10,1.3886055403205453,1
300,0.5134999325034337,0.014120066775283758,29.076758460733863,8.964559910233448E9,1.7756795010656268,1
300,0.47797036296831014,0.011656014216387386,41.0147528819802,9.254301429976551E9,1.7447170031065722,2
300,0.5638837877530855,0.013679975597185472,29.117976731513767,8.782543215296692E9,1.793677206554027,3
