evolution$generation,alpha,beta,tsteps,popfit,indicsfit,evolution$samples
300,0.5848613519136358,0.07881397183209127,50.06800360897972,2.8806928800309306E8,0.5092593159759358,1
300,0.9464242268792078,0.0613872634789264,21.54556020936399,5.831194483982246E8,0.9486418845370048,7
300,0.9196687805218482,0.07422803457371766,59.360710678636714,3.1437813831285465E8,0.4165241623017671,1
300,0.47735368455101845,0.03607558635111159,31.695223400118778,3.260471280335747E8,0.8526612142986204,6
300,0.6777395112563476,0.07476292738052298,49.39965262425769,2.903698862510313E8,0.4414498539042892,1
300,0.6153458564117351,0.08293001512695275,50.621134489086906,2.882515421546508E8,0.4678758576285755,5
300,2.0850009014634803,0.08223699480633444,100.0,3.607690403335893E8,0.4309827774441795,2
