evolution$generation,alpha,beta,tsteps,popfit,indicsfit,evolution$samples
500,0.47735368455101845,0.03607558635111159,31.695223400118778,3.260612657375496E8,0.8521915958822214,9
500,0.9934844153662853,0.09204627291082437,72.74977572720246,3.111381657119878E8,0.3081435219221055,1
500,0.4569578721264434,0.07998090408902173,35.693773869391556,2.850745500012634E8,0.7343207825184817,2
500,0.8541193485083608,0.0996865081875397,45.366683387579535,3.017064664777657E8,0.3851690585053751,1
500,0.7175664356638056,0.07311179000474483,50.14412404398939,2.949187188327043E8,0.4254250046295235,1
500,2.0850009014634803,0.08223699480633445,100.0,3.6111162119983006E8,0.43078231381675497,5
500,0.8681044907986029,0.09928007503038978,47.8523352697339,3.024589503428567E8,0.37290029409174713,1
500,0.6777395112563476,0.07476292738052298,49.39965262425769,2.903698862510313E8,0.4414498539042892,1
500,0.5850728296829937,0.07573105654414064,50.40003081188605,2.8579962871243006E8,0.5210052466002888,1
500,0.6179226987633776,0.1,56.93198531176942,3.1086839172371995E8,0.4530094880445158,2
500,0.9029276316673811,0.07435362374786342,59.09977128145599,3.116059408766886E8,0.4155656957535031,2
500,0.5844866350801219,0.0787514773294568,49.70940206679247,2.8621726074414414E8,0.5150343728013524,1
500,0.6153458564117351,0.08293001512695275,50.621134489086906,2.8835576681143457E8,0.46867393936845897,6
500,0.4692055115587662,0.07998831774750367,34.93335769720058,2.852084366620358E8,0.7184503800321418,1
500,0.6376808171545443,0.07157339727863997,51.368824467026485,2.8736889401843315E8,0.46164453452345977,1
500,0.6255533081425529,0.07161750714684118,50.927609007624085,2.8640100184207195E8,0.478495087604898,2
