evolution$generation,alpha,beta,tsteps,popfit,indicsfit,evolution$samples
200,0.9761343823151134,0.024393842926622073,61.564136696268555,2.441557202091178E9,0.3196611185323999,3
200,0.13126990699736057,0.0,61.93917420434133,9.325989042764369E7,1.1517596111857191,1
200,1.0597970648339086,0.01740634918457596,32.99325211902898,4.892364040816482E8,0.7580893118202682,1
200,2.779249293664507,0.01503551040752072,45.73100368524866,1.2883905702915628E9,0.9039363599658276,5
200,0.9207184186486145,0.021184688157395763,62.69775854203651,2.1372220129320831E9,0.35703396144096283,1
200,0.361083765479439,0.003988816940918527,60.72568063744663,2.1080806654493064E8,0.8535119875880426,1
200,1.0587107651843863,0.024367548641309363,60.82039012958737,2.3604119510301414E9,0.3339397757899916,1
200,2.783843563530095,0.01479067843103958,49.25082196225635,1.386272311971767E9,0.8863794127465096,3
200,2.121241016990899,0.01690323767670699,62.124567959768505,1.5785398094932413E9,0.633335668274653,1
200,1.6526938431511071,0.010607212368688773,70.0405022685102,7.755563203421973E8,0.7093490852172051,2
200,2.1253551765509444,0.01758434022448589,62.306126555779784,1.6695615610040026E9,0.6206342721151135,2
200,0.8705974093398563,0.023383259538883816,61.334410400658435,2.3846370506257925E9,0.3243452421637391,1
200,1.6256443153193172,0.01058928345748857,65.09472913109995,6.643413231785465E8,0.7431428838062298,1
200,2.0795937530356716,0.017645490489153093,64.37808073596827,1.7271787929321027E9,0.5993646604824787,2
200,0.0,0.0,60.96489423763422,1.2065854180659255E8,1.1938088768453912,3
200,2.080360094770214,0.017590937806941053,64.37969523811668,1.7117112299200058E9,0.5996803923822975,1
200,0.19228677984800838,4.02258898838696E-4,69.51079102747428,1.0421641732622275E8,1.0755574326006878,1
200,2.101896119428652,0.017362310783229393,64.96811491644192,1.716763156027717E9,0.6064759190931175,2
200,0.0,0.02719883328240399,63.263702214517224,1.4903440642162424E8,1.1842768426150152,4
200,4.336869199757631,0.04063029940819081,44.13776844716395,1.477071612471223E8,1.7600178575918233,4
200,6.651591626033611,0.09001295842763712,35.602349788197934,1.7060189637516078E8,1.5507297214145137,5
200,1.025434953765372,0.025467926127280417,62.29651469912631,1.4519574744317004E8,1.864826319012109,4
