evolution$generation,alpha,beta,tsteps,popfit,indicsfit,evolution$samples
100,0.8686708295838197,0.043007876072910525,24.837524277906528,1.1308235827381767E10,1.2665068121660585,4
100,0.647606900050246,0.01499432196817856,10.403785784470278,1.1204078135993187E10,0.9700611157427409,2
100,0.0018351789222070813,0.030384212841939397,15.585419696602687,3.779212363757905E9,1.1584296699416146,3
100,0.2133220944107994,0.03534264636871753,98.90592651666039,4.959384310755701E9,0.9099443115084185,1
100,0.07827726408724542,0.03036732728667689,15.75832692813517,4.021059333090185E9,0.9616329645838438,1
100,0.0018278257990577797,0.028830119676536377,15.609753401141814,3.75950579734419E9,1.1585697093442155,1
