evolution$generation,alpha,beta,tsteps,popfit,indicsfit,evolution$samples
200,0.0,0.0,26.694122497379258,3.686843433316496E9,1.5102300225634522,1
200,0.3014726078038624,0.029966160301265206,4.121380046582038,7.645615689564879E9,0.05788206479549554,1
200,4.1868790045473965,0.02065672471143938,63.93963711911908,7.88252977034036E11,5.956482314490349,5
200,0.6396851603440857,0.043149296787006165,24.2220967564517,7.317870132840411E9,0.12998708108339044,1
200,0.7884505634459755,0.03036037356794895,23.21248180867319,1.0749984107402197E10,1.1402665946620911,2
200,0.647606900050246,0.01499432196817856,10.403785784470278,1.1204078135993187E10,0.9700611157427409,2
200,0.3797516371436013,0.02139128623677977,19.436140336602794,3.8217181431748533E9,0.21030256979114975,1
200,0.006832593335776262,0.0072231068810345,10.610470531111446,3.703026047611843E9,1.0657039534607127,1
200,0.0018351789222070813,0.030384212841939397,15.585419696602687,3.7778090332356462E9,1.157907250245006,4
