evolution$generation,alpha,beta,tsteps,popfit,indicsfit,evolution$samples
100,0.6562083672672525,0.052362451110903964,21.218068123246088,4.198849871090488E10,0.16070014776177768,1
100,2.3130069245387674,0.05669952796897415,24.24964995574325,3.9562307231697495E10,0.3433125898430154,3
100,8.777994669884855,0.038654609575448265,80.04902431838352,5.569613246497516E10,0.1417750311111848,4
100,1.73934180012565,0.05683738196895685,18.848673034443895,3.5306201980196945E10,0.47450126521217867,1
100,0.6562083672672525,0.06373470091635235,21.218068123246088,4.7972557452434814E10,0.10808355946862482,2
100,0.0,0.08188049551968424,1.0,2.9041446181656292E10,2.755412323053393,1
100,1.329680245437136,0.05094093971756513,14.029734763399297,3.1404193858411148E10,0.8712475695709138,1
100,0.8426526447371869,0.09140041525522774,7.326906862058832,3.146913140526244E10,0.6952545146939493,1
100,2.0069147460752244,0.032398237517609854,44.98107359604679,3.986029792243118E10,0.2861981536709044,1
100,1.3347873153124854,0.04761103066347556,20.30497486179542,3.3604325821441223E10,0.5457946790633101,1
100,1.5704826429614167,0.05683778319969482,18.87932226108931,3.5401177381488625E10,0.4503476860118311,1
