evolution$generation,alpha,beta,tsteps,popfit,indicsfit,evolution$samples
200,1.3184042581617117,0.021670515694375104,30.226747328079906,2.038786446665637E8,0.5889916990433669,4
200,8.781649200772197,0.06674378964973293,82.91749070917854,2.038786446665637E8,0.5889916990433669,4
200,4.895299078132506,0.047863684968928386,83.49500557922752,2.038786446665637E8,0.5889916990433669,4
