evolution$generation,alpha,beta,tsteps,popfit,indicsfit,evolution$samples
200,4.354579254207782,0.08679587992566001,77.93002240137228,9.238259199126163E8,2.062750712942437,4
