evolution$generation,alpha,beta,tsteps,popfit,indicsfit,evolution$samples
400,3.893827608894542,0.019659731450218536,71.93632436331461,8.834706953108555E8,2.5078279612431746,5
