evolution$generation,alpha,beta,tsteps,popfit,indicsfit,evolution$samples
500,0.8400892298481755,0.018055397632456227,76.4983439491288,9.0609622267634E8,1.7599410213698674,7
