evolution$generation,alpha,beta,tsteps,popfit,indicsfit,evolution$samples
300,0.8400892298481755,0.018055397632456227,76.4983439491288,9.0609622267634E8,1.7599410213698674,6
300,4.240245925356123,0.016681747611072464,94.20282642565374,9.0609622267634E8,1.7599410213698674,6
