evolution$generation,alpha,beta,tsteps,popfit,indicsfit,evolution$samples
100,5.200340117751416,0.04099220120788678,57.14687315907462,1.9413717031262042E11,4.181293638384306,4
100,0.7993596528582825,0.07403030542555525,74.66937209520107,5.862126602102173E9,0.7554176877885251,2
100,0.5006263258374544,0.09885400995188742,29.511575911905044,4.956075821715699E9,1.4306206192131017,2
100,7.956169911438192,0.0403097175053881,84.5170716166426,1.2762155777927272E11,3.642688695444304,3
100,0.5216733328796257,0.09595337634464113,29.031598553020515,4.849503166021683E9,1.370838658692348,1
100,0.8402966481814238,0.07406371863457009,75.64445150148985,6.025276684016423E9,0.6940640469632323,1
100,0.5541802462360426,0.09676017439681142,27.87175435824359,4.878234899370773E9,1.2792640344800357,1
100,0.3774698186726156,0.1,19.385533803125362,4.509640194547968E9,1.7120773454391707,1
100,0.48903283084391735,0.08740130315591496,30.876039793039936,4.822837292692085E9,1.461384314690744,2
