evolution$generation,alpha,beta,tsteps,popfit,indicsfit,evolution$samples
900,8.682374399170135,0.09912421733599053,100.0,6.330439370083458E7,1.6272002310951013,8
900,9.26889927482986,0.09750926545858145,12.211843529960372,6.330439370083458E7,1.6272002310951013,8
900,4.478259390160368,0.0,92.18794673964872,6.330439370083458E7,1.6272002310951013,8
