evolution$generation,alpha,beta,tsteps,popfit,indicsfit,evolution$samples
1000,9.26889927482986,0.09750926545858145,12.211843529960372,6.330439370083458E7,1.6272002310951013,10
