evolution$generation,alpha,beta,tsteps,popfit,indicsfit,evolution$samples
700,0.0,0.09530135793254126,55.61614623921514,6.330439370083458E7,1.6272002310951013,7
700,8.682374399170135,0.09912421733599053,100.0,6.330439370083458E7,1.6272002310951013,7
700,4.540401192222494,0.0991745857005778,100.0,6.330439370083458E7,1.6272002310951013,7
