evolution$generation,alpha,beta,tsteps,popfit,indicsfit,evolution$samples
400,0.3869532189633357,0.012866481216568589,56.75980763989996,6.448279196960279E10,0.08681168012517701,1
400,9.104292879084202,0.057337356061668565,37.48032950414357,1.2954111316555005E11,0.3113996986771233,7
400,0.11439660397158492,0.01855930497657472,2.2793697427193997,2.414901189609314E10,2.05813095440623,2
400,1.3789284312827812,0.052069565360201964,16.508700111978598,5.668931512389085E10,0.610130331877705,1
400,0.20438626816865715,0.018880689229477384,9.788311475428022,2.7929841511980606E10,1.285393622059439,1
400,0.0,0.03666755412394136,20.04248988946965,7.328391059266922E10,0.25447302663241167,2
400,0.0,0.05199193260122462,16.833397269728984,8.380490806360028E10,0.3550450422872279,4
400,0.12703088346320685,0.018589965458487963,3.7735254364507123,2.4405049869856518E10,1.9512591487672863,1
400,9.161368381193641,0.05496039795786121,37.20620084986657,1.3017474813345526E11,0.2962035237810535,3
400,7.662725488106363,0.03474528958792091,61.69406597477047,1.2941397224584782E11,0.2988730863952786,3
