evolution$generation,alpha,beta,tsteps,popfit,indicsfit,evolution$samples
100,2.6139499422341617,0.018061961286464135,58.17118049496118,1.0280650715639809E11,0.7372829864524517,4
100,8.693392467861646,0.05516396819683909,37.88270339367469,1.3040688403273584E11,0.30246039798092583,2
100,9.066303220527132,0.055239446335640444,37.898596054642724,1.3038066099450456E11,0.3030466533327103,2
100,3.9773365780201235,0.02263844993500906,62.98313098958562,1.2872528661434155E11,0.4029699018983814,1
100,0.5423647644787383,0.01971613098519371,56.698938162721035,9.080229403803793E10,0.4900575663838074,1
100,9.06542594267459,0.05524030854784831,37.912547762043786,1.3035464404221736E11,0.3031159917923451,2
100,7.789688619741382,0.03353244337823283,61.800276841927406,1.294039014793841E11,0.28996417475861963,1
