evolution$generation,alpha,beta,tsteps,popfit,indicsfit,evolution$samples
600,5.793412738276511,0.030643894737409073,9.810236912154185,1.8527241291945634E9,2.2719012064615915,10
