evolution$generation,alpha,beta,tsteps,popfit,indicsfit,evolution$samples
200,0.1522778843025474,0.0022016895439612495,37.36507260777272,1.1808565556982443E9,1.723675771000608,6
200,0.7720559735219901,0.07854316401048886,3.92088928153083,3.5586069475601935E8,0.9062157262459217,1
200,0.9000724576856864,0.1,16.839388016079113,7.394944159010396E8,0.559120555242129,1
200,1.6610723644215442,0.08529999572716684,100.0,1.6804366264585235E9,0.665547827505527,3
200,1.6518897596892135,0.0845105444371595,6.73461752226121,1.3424666052403722E9,1.0558568178071535,4
200,0.6216705119463463,0.07453264013312408,10.710608701794973,5.520732910004882E8,0.6249546941616324,1
200,0.5773783969655856,0.07728647712581238,10.101298665156017,5.932895734116176E8,0.6726415713087572,2
200,0.7465430439167366,0.07950837042972353,5.8518992002371855,3.7660235334492046E8,0.7422416116240428,1
200,0.5753211370706266,0.08104863233224084,10.686811252640657,6.338366141428702E8,0.6672717489022938,2
200,0.4056517266760771,0.0,87.00723109729552,3.9922045283606786E8,1.439075805047338,3
200,0.5773079358744609,0.07427039103450868,4.077053263408044,4.0261302309420186E8,0.6739413984869667,2
200,1.8308211371752112,0.008958471462102473,91.61522768529551,1.657316456269538E9,0.9992945132127224,5
200,1.2911836484369759,0.00712950750293242,100.0,7.586223677152324E8,0.9085447928809771,3
200,0.9155582538839514,0.1,16.81312884534625,7.352553957945743E8,0.5614546938971445,1
200,0.35859928705357785,0.009802562966924017,97.35284189789928,1.1716119947750025E9,1.2298241201987015,4
