evolution$generation,alpha,beta,tsteps,popfit,indicsfit,evolution$samples
500,4.3218671172820065,0.02528224895679686,32.875967875973515,9.297952437598196E8,1.6910351576938107,6
