evolution$generation,alpha,beta,tsteps,popfit,indicsfit,evolution$samples
100,1.1496385478627391,0.028724041831913818,67.81971415531243,1.2114486860216382E9,0.7807537812904582,1
100,0.6707760524336415,0.05071470696573049,44.73019672637352,1.478889000791325E9,0.621013339813962,3
100,2.552586376856878,0.011419238055796633,68.090753512285,2.368638188186875E10,3.1505637901781136,4
100,1.5123345973627367,0.007873912637288694,37.17526559320904,9.285469187943721E7,1.6966530011093548,2
100,1.215677503916242,0.02895313487391701,67.25058037261348,1.197615088388052E9,0.7913531228625442,1
100,0.6500257165036628,0.05035600738323009,45.56110885018916,1.4930805966713622E9,0.608586151280045,1
100,1.2247415927958814,0.016547167479946775,71.41433277792626,7.213451924764163E8,0.9988985699405077,1
100,1.8975632298120149,0.011419238055796633,68.090753512285,4.5657674390110594E8,1.3341292746486184,1
100,1.518259259108682,0.006948230521590437,20.128360999600705,7.335643176201023E7,1.972338758081196,1
100,0.5065055005481246,0.04986450361177345,47.05424006373935,1.5645743150428467E9,0.597897810902366,2
100,1.267946789923352,0.025064930905462288,62.59248292452402,9.796604159426445E8,0.8817992813761771,1
100,1.1941053308592564,0.028911176740418695,67.26751691332356,1.197952986530853E9,0.7894950317642974,1
100,0.6859055562244721,0.05131614449629997,46.4332915361518,1.530555831248157E9,0.6070443446354161,3
100,0.6321533688959635,0.0518528127379794,48.97841857070153,1.6032252545097165E9,0.5779379504420205,1
100,0.6541381212910479,0.050485155342661105,36.43751015083724,1.287336826595053E9,0.6714002415022509,1
100,1.7207090124118318,0.0091833832181658,67.57783150058133,2.8559125079043365E8,1.3999090242008232,1
100,0.8788684347231559,0.1,42.36054739744099,2.0427620396714935E9,0.5072718410829997,1
100,0.6824987601985699,0.05136664593267409,42.768116909454406,1.4504634765513866E9,0.6192519546785834,1
100,0.7111807821331829,0.04980935212739939,42.712215471424706,1.414372050715812E9,0.6503542822706881,1
100,1.5204902396535336,0.0063789498077610534,20.358157276862304,7.076311647900471E7,1.9980254542656166,1
100,0.5331600958681884,0.034764353797125634,76.10553736088852,1.664864449183593E9,0.5738672647767181,1
