evolution$generation,alpha,beta,tsteps,popfit,indicsfit,evolution$samples
200,4.503641891607388,0.03153913047961732,77.91731702934936,6.273820772710983E8,2.336596737408105,5
200,1.5957279853670125,0.05082151251241316,99.161051187291,6.273820772710983E8,2.336596737408105,5
