evolution$generation,alpha,beta,tsteps,popfit,indicsfit,evolution$samples
700,1.6203420377292166,0.01116916061189357,4.0532241470291686,6.273820772710983E8,2.336596737408105,9
