evolution$generation,alpha,beta,tsteps,popfit,indicsfit,evolution$samples
200,0.7809636086836225,0.05214417974481722,32.853317301682736,6.087571289677752E9,0.5541787319165965,5
200,0.3498700325294646,0.08791959035347428,30.673241475307286,2.6922636105552177E9,1.0578577743706696,4
200,1.0282230396298968,0.08033828964488088,93.73871370258631,4.363423647076522E9,0.3695377911138198,1
200,0.7260153475693142,0.06724185591467662,83.8606155126157,3.592802448493405E9,0.42225986810953614,1
200,0.7475521561568417,0.06835851620780999,30.45731553810259,5.352006205319619E9,0.5212757103952942,3
200,0.43167031888500174,0.0897249892095866,33.692935239820166,2.82862187229411E9,0.900584638836083,1
200,0.5581161040311546,0.09304476007743795,33.500460237253385,3.2003181535439215E9,0.6585273518704338,1
200,0.6215903472927139,0.06258201651793303,84.4436084699868,3.219773541973837E9,0.5306973666862431,2
200,0.7808889055590669,0.083088521235014,80.08455618145035,3.706633076570528E9,0.3750932766322985,1
