evolution$generation,alpha,beta,tsteps,popfit,indicsfit,evolution$samples
600,7.4595086701025215,0.07301836975880563,97.82658398276999,1.3976412833647117E8,1.1139196120784596,6
600,0.9528243150116955,0.040515592405214435,58.65468379915296,1.3976412833647117E8,1.1139196120784596,6
