evolution$generation,alpha,beta,tsteps,popfit,indicsfit,evolution$samples
500,5.4562395687849286,0.04904487030868907,70.90810630138827,1.299552067424685E9,2.1878002857326857,7
