evolution$generation,alpha,beta,tsteps,popfit,indicsfit,evolution$samples
200,6.9033769770913,0.03370106021623125,96.92056091295301,5.991561519071961E9,2.448262498063192,4
200,8.034872781329092,0.09972023816443375,59.22891196390493,5.991561519071961E9,2.448262498063192,4
