evolution$generation,alpha,beta,tsteps,popfit,indicsfit,evolution$samples
200,1.241056780495895,0.010413280721439745,18.792540980310683,4.351015220713821E9,0.8653441461808327,4
200,0.0,0.05902928259090983,13.338058050249897,1.0325632834179536E9,1.919560926502918,2
200,1.0435146827594959,0.014719945502166399,65.22049160646885,2.8055676032726436E9,0.7272449516833737,1
200,0.43824598448626817,0.013537435208157714,28.727377983154128,1.7245980438067136E9,1.2538950405156482,2
200,0.8653588666513166,0.0942382796170646,49.222571247351794,1.8507484347351396E9,0.947730753734532,1
200,1.0308138486716047,0.1,47.83692464637489,2.106542719509172E9,0.8458195261914445,1
200,0.7588505923799318,0.010122558373303277,17.40975844957243,2.8658946942241635E9,0.8698331528538493,2
200,0.5387937356358188,0.09545698729476426,58.05479706871084,1.424866284720866E9,1.2876101367311756,1
200,0.71559512451222,0.019548498158688827,56.990864098496736,1.9618927816472502E9,0.9026626441909769,2
200,1.0727180837590555,0.08201305030757101,26.921536889474226,2.5293949137342606E9,0.7435767591796046,1
200,0.49455308350126503,0.08970822251292881,49.901893036232934,1.3961646563921869E9,1.2957244325990043,1
200,0.9576357647503153,0.08362686972164834,66.19271343923121,1.926422340193613E9,0.913252767654502,1
200,0.3691647014148324,0.1,53.256554410469924,1.2948008983097222E9,1.4708822872669158,1
200,1.1626411361335907,0.00993174009496358,32.60547094887784,3.9083673997005014E9,0.799547404644057,2
200,1.0666886763827668,0.09863573575870892,52.42775670669212,2.1582912699156747E9,0.8383488574539971,1
200,0.0,0.08531960984553891,14.336739558924663,1.042459446540046E9,1.896046227485065,2
200,0.9103526895134606,0.09799733556837412,48.72850344318792,1.929439548506322E9,0.9195912190505432,2
200,0.0,0.08826785178197469,35.67746915155799,1.1058824312057197E9,1.8862643994990895,1
200,0.125063968613877,0.036421099891671874,17.941057919324585,1.1303928601605341E9,1.7324583242744886,1
