evolution$generation,alpha,beta,tsteps,popfit,indicsfit,evolution$samples
100,4.263932989467878,0.023767312520614727,53.41888637296282,1.5435257332005457E11,3.2147232300851725,4
100,1.7308278306111613,0.07584227234034023,60.008238059334005,1.4163791265600782E10,0.6703301624945643,3
100,1.0477137018349758,0.08928482879047353,10.337943351938721,4.225453822259362E9,1.008122025010737,2
100,1.6721971240209585,0.07597643538859089,58.03357051636492,1.3872600276851376E10,0.6656890910859659,2
100,0.9968097253029261,0.0922847932074384,7.890562656519444,3.588276759123486E9,1.0456011328064787,2
100,1.421721835071486,0.024478505466354335,56.11520769955234,7.160800683582434E9,0.9759637903195353,2
100,1.0980586174299474,0.09033194570959319,11.656960714501288,5.078796207416862E9,0.968456391796432,1
100,1.2333276698463114,0.07552921568593152,56.17633145092191,1.2951686865549547E10,0.6095239515208629,1
