evolution$generation,alpha,beta,tsteps,popfit,indicsfit,evolution$samples
100,5.071389753127149,0.048452057958622244,12.214438680099994,4.9724460382244916E11,4.151699091904825,4
100,0.011970829934164762,0.008724014436899564,56.869128538742814,3.279198586989899E9,1.6794873881142705,3
100,0.7790405352587215,0.09578129619417389,45.866415171452886,5.160792848284658E9,0.15498592014124948,2
100,0.1569270952866175,0.01795979915876881,50.313580311040084,3.2680885155751963E9,1.1288721363248142,1
100,0.8255992145042867,0.044270968040518534,63.069732844658446,4.440703412655465E9,0.2433531451212184,1
100,1.1497910492367158,0.09691249151542829,39.03736859179013,4.982759383653007E9,0.16895120964625412,1
100,0.8212856923188383,0.09195659984019688,46.492833070411535,5.121627129421684E9,0.1496336118080666,1
100,0.1541776423752959,0.018402221436698403,50.30149958614722,3.2863543642354054E9,1.1164732996178044,1
100,1.1736771172333165,0.06744089059558904,52.47163755482364,4.853443280781698E9,0.1990060247843488,1
100,0.9615094665127438,0.09932580021622142,50.65750116576107,5.319523478897366E9,0.12052070882212,1
100,0.0,0.009802667425974661,56.98519408202387,3.2631285046241145E9,1.5856703741579241,1
