evolution$generation,alpha,beta,tsteps,popfit,indicsfit,evolution$samples
500,7.110994687912648,0.0710044497961726,52.268699668154746,8.248107634056003E9,2.991222376541409,7
500,6.645293334262141,0.016262207921569027,93.23404701136268,8.248107634056003E9,2.991222376541409,7
500,1.6666169077183413,0.015985522761630924,66.45120711491562,8.248107634056003E9,2.991222376541409,7
