evolution$generation,alpha,beta,tsteps,popfit,indicsfit,evolution$samples
500,7.491534879862311,0.03716190641628583,59.437229106098485,1.4006201147233996E9,0.8433861620164099,6
500,6.254406971598389,0.06122082413120453,57.70031363065634,1.4006201147233996E9,0.8433861620164099,6
