evolution$generation,alpha,beta,tsteps,popfit,indicsfit,evolution$samples
700,7.491534879862311,0.03716190641628583,59.437229106098485,1.4006201147233996E9,0.8433861620164099,8
