evolution$generation,alpha,beta,tsteps,popfit,indicsfit,evolution$samples
200,6.254406971598389,0.06122082413120453,57.70031363065634,1.4006201147233996E9,0.8433861620164099,4
