evolution$generation,alpha,beta,tsteps,popfit,indicsfit,evolution$samples
500,3.9090186624197054,0.09216789626481792,42.89271968666337,1.071511743617927E10,0.9334558788729246,6
500,1.462621673119511,0.05149737451885708,22.38058342511124,1.071511743617927E10,0.9334558788729246,6
