evolution$generation,alpha,beta,tsteps,popfit,indicsfit,evolution$samples
200,8.543095725966353,0.08698029518764896,90.13102615930129,1.071511743617927E10,0.9334558788729246,3
200,9.368963794718443,0.0120151865415462,81.69741767626691,1.071511743617927E10,0.9334558788729246,3
200,1.462621673119511,0.05149737451885708,22.38058342511124,1.071511743617927E10,0.9334558788729246,3
200,7.181657781724855,0.0711151410823073,27.16091424482158,1.071511743617927E10,0.9334558788729246,3
200,9.187719879722206,0.07665650845840333,13.362129787123212,1.071511743617927E10,0.9334558788729246,3
200,1.002236070174865,0.04531186566877151,22.88836482238524,1.071511743617927E10,0.9334558788729246,3
200,0.1839202816189922,0.0,64.87519425155449,1.071511743617927E10,0.9334558788729246,3
200,6.044214225384874,0.014012267164685947,55.20604171622825,1.071511743617927E10,0.9334558788729246,3
200,4.901305077131353,0.003216264697833382,55.20503423703311,1.071511743617927E10,0.9334558788729246,3
200,0.36192433649421263,0.021375878625437706,11.997811481232109,1.071511743617927E10,0.9334558788729246,3
