evolution$generation,alpha,beta,tsteps,popfit,indicsfit,evolution$samples
900,8.68772171735994,0.09030676172450591,36.17735735166624,2.932679909801874E10,4.202717261727306,11
