evolution$generation,alpha,beta,tsteps,popfit,indicsfit,evolution$samples
800,0.12230729276744068,0.021712204697496663,6.870826252669941,1.4565235190873818E9,0.5509521891813375,7
