evolution$generation,alpha,beta,tsteps,popfit,indicsfit,evolution$samples
200,9.860410194222471,0.07053393282913938,97.02487895468128,1.4565235190873818E9,0.5509521891813375,4
200,1.7761565313626926,0.08114824500322491,10.154101018911414,1.4565235190873818E9,0.5509521891813375,4
