evolution$generation,alpha,beta,tsteps,popfit,indicsfit,evolution$samples
800,0.0,0.0020218175167007863,34.73073022033431,1.893488472913271E10,4.885869633800086,8
800,4.747076276454544,0.09308651452514699,14.267845156244006,1.893488472913271E10,4.885869633800086,8
800,3.1001677836531427,0.07698240686108448,38.39111936584252,1.893488472913271E10,4.885869633800086,8
800,5.134983869778992,0.01656292149942561,27.40023133265612,1.893488472913271E10,4.885869633800086,8
