evolution$generation,alpha,beta,tsteps,popfit,indicsfit,evolution$samples
100,0.8166852645090694,0.09832600341205947,75.23868903606424,1.560337935052578E9,4.057925627683963,4
100,1.3045925858915397,0.08672928398717178,65.51626290044825,1.8708681369439516E9,0.45182906263855627,2
100,1.3045925858915397,0.08672928398717177,65.5000750078238,1.8593477857277794E9,0.45247738904944745,1
100,1.697122648483963,0.08161588198399117,65.50654512093266,1.5796767690498967E9,0.5063664742241774,2
100,1.1012867975487681,0.017477212174610103,51.56287471336132,1.3510201003999987E9,1.8966559294375243,2
100,1.346658309454258,0.08776647804045407,57.9009982680686,1.7325748809814942E9,0.4644241884728022,1
