evolution$generation,alpha,beta,tsteps,popfit,indicsfit,evolution$samples
100,1.634806122287329,0.014563194139799585,51.89511795442363,1.4300898079489088E9,1.0172923546617816,4
100,0.4447597319325248,0.015176959915402716,44.51474145957618,2.8776670191418433E8,0.6649920556195439,1
100,0.9273112565319812,0.03903328069319321,47.085895477291096,5.458230793602744E8,0.4535469245648343,1
