evolution$generation,alpha,beta,tsteps,popfit,indicsfit,evolution$samples
100,1.9165562406051007,0.004899724040145626,3.961795897677847,4.8589364479536206E11,4.717979795788592,4
100,1.0175041155497655,0.01246447178286796,26.48294351085238,3.796937363345404E10,1.8895597291734125,3
100,0.26943130857819186,0.06820190455977451,53.11955409163175,1.0222940582109228E10,0.5845089698779347,2
100,0.449299194249326,0.05899354400969484,57.406790042457,1.1932373465361696E10,0.28124093169138403,2
100,0.21467371623770076,0.016345826909237218,33.96346165675467,7.212715630163172E9,0.5060536233182302,1
