evolution$generation,alpha,beta,tsteps,popfit,indicsfit,evolution$samples
100,1.291053862567046,0.05684282300034521,73.2822048358442,8.5542080768596E9,0.16600383567836105,1
100,2.015308599435885,0.024058155862294275,35.585440547107225,2.5190694235645256E9,1.0071647836510298,1
100,5.74645215983423,0.05522019194359254,91.16890570599348,7.153630918095673E9,0.4386081417632576,4
100,1.4734806439971169,0.05960796096622968,65.36638194370879,8.06674806222339E9,0.16619998108148112,1
100,1.1534289859829172,0.056738435433703875,54.62804308757529,7.48764052588559E9,0.17849427365652146,2
100,1.1450067561283996,0.050179822140634295,50.38654134963503,6.546020034540468E9,0.2007913611032623,2
100,2.0534856033930224,0.05597180181600833,54.374885526004704,6.278225432974781E9,0.23131506962374018,2
100,1.5403457629782535,0.039117973575895575,42.753238717690046,3.913069519514396E9,0.3469618373263608,1
100,1.1891885636673372,0.05671286387664254,54.14349510775974,7.383041665518396E9,0.17885545253931104,2
100,1.0984117716472501,0.05686878537270295,45.17826090536665,6.697459419386848E9,0.19800360076229814,1
100,1.2604885761134024,0.056916990767896615,53.15957990517674,7.231873657670652E9,0.18026245104281172,1
100,2.305269515674736,0.0559515295905516,52.48384617391197,5.77585902093286E9,0.2779291915150764,1
100,2.489652728784586,0.05673843543370386,54.62804308757528,5.870351327249651E9,0.29239750944697146,2
100,2.328913464026915,0.022956974753760694,52.344197948421204,4.0928172462720404E9,1.0161638990418402,2
100,1.4815495404132661,0.05669445419388989,51.137722956162385,6.716936470743806E9,0.19454485669541918,1
100,1.2435106537114484,0.053842819260222045,54.15911755609076,7.078288602115105E9,0.18411353450031234,1
100,1.3054833378862782,0.05672524702854444,53.20070099501297,7.16034232120413E9,0.1814657792750136,2
100,5.6826000960801695,0.05026185688317802,93.51410508559233,7.047204327656956E9,0.47235030341787565,3
100,1.2863126502332967,0.05684247277256467,53.1783084551186,7.193779720785822E9,0.18102224349051768,2
100,1.2863126502332967,0.0568424567907394,53.1783084551186,7.190505652812634E9,0.18123502858690216,2
100,1.2975539538741834,0.0563929956184967,53.7215106350281,7.149464914700724E9,0.1823817336753559,1
100,1.4913268757328568,0.0579278924080692,54.62092462488402,7.108876731081669E9,0.1837878235991776,1
100,1.2621235205693218,0.05693061448077694,53.15730332397064,7.226477615788891E9,0.18078681979188052,1
