evolution$generation,alpha,beta,tsteps,popfit,indicsfit,evolution$samples
100,7.758460197182727,0.1,100.0,1.1998654256561357E10,0.6291743933817112,1
100,0.0,0.015828649402708016,33.5964148497419,2.0075786883581698E9,2.513958691442484,1
100,7.482071950211637,0.06108506545049089,85.39254352720235,2.3847926838996277E10,1.2693568664043762,4
100,0.6354503034222849,0.005379421745893855,32.7787627257989,4.443043625137834E9,2.6338658521129457,3
100,0.0,0.013334999288342676,34.03223928586302,2.0808012335962896E9,2.649338662617697,2
100,8.829686902910055,0.08390817309946275,95.97259581973566,1.477394261698158E10,0.8045241763367295,3
