evolution$generation,alpha,beta,tsteps,popfit,indicsfit,evolution$samples
200,1.7744071001767643,0.08539222599727096,98.11144862498374,3.4228286509965584E10,0.3824926977654564,1
200,1.0653763968021708,0.0,79.12579697968205,4.585557027457508E9,1.8946768288201516,1
200,1.6935606640714442,0.03172538488853358,68.56112672367577,2.1087669315219906E10,0.6554354255727346,1
200,0.8755019354959424,0.033287179780933894,67.93410809777775,2.333527478908466E10,0.48964091644371827,1
200,1.6711716777292607,0.0698620985617454,96.87289427324714,3.1751532376039783E10,0.38693756910717936,1
200,0.24963289444638326,0.031222334849826262,89.80626280233419,2.872764397716001E10,0.7891218182220778,5
200,0.25370108153125265,0.08414270161900797,98.78409431000549,3.960985258861234E10,0.7858667043160322,2
200,0.6179463407281971,0.0025649301107765646,98.59264142202814,5.337395041308838E9,1.6691070598425672,1
200,0.6150882513226326,0.0032162732714069,99.23124019731027,5.937663925489695E9,1.5281910292702225,2
200,0.0,0.0,100.0,5.821155612060328E9,2.0083963667003735,2
