evolution$generation,alpha,beta,tsteps,popfit,indicsfit,evolution$samples
100,1.387318164220459,0.07385232241532828,42.81923915922388,2.418399113938359E9,1.2207878227811348,2
100,0.2601900835460369,0.07320835587570902,89.57918647150859,1.4723605503610735E9,1.731708029092014,2
100,1.49495416452865,0.0167828359565887,48.17212138074148,9.0319357400834E9,2.494384164145717,4
100,1.2687903807379919,0.07291497466074302,44.693988057049644,1.7448484847515416E9,1.114068587099818,1
100,0.4047160201372779,0.0051862780200951815,82.76016166620974,7.665949451585081E8,2.124466274865086,2
100,0.32598750222747636,0.013617368364338809,33.80332856332589,7.503201629678183E8,2.252537600686328,1
100,0.43805994343909016,0.09346344068322372,84.6348934483716,1.4446273053755782E9,1.381219274057789,1
100,0.32837348036084557,0.06926016820411106,91.21055373095605,1.3806467285052123E9,1.6250180407775596,1
