evolution$generation,alpha,beta,tsteps,popfit,indicsfit,evolution$samples
100,1.1180455578417403,0.09223325614132812,50.5085879920687,7.892994890315012E9,1.2710317526136137,2
100,5.635534692560493,0.1,85.90593415889633,3.197710761282075E11,5.4623654788827505,3
100,1.042596240436737,0.0926977186838847,54.198289981605384,3.051114510721833E9,0.8781650979996894,1
