evolution$generation,alpha,beta,tsteps,popfit,indicsfit,evolution$samples
300,0.994612863528648,0.0926294813557259,59.42005950521987,2.8449431238168716E9,0.7715570185538352,1
300,1.1180455578417403,0.09223325614132812,50.5085879920687,7.998038047329024E9,1.2792601510760628,4
300,1.0038424342503787,0.1,100.0,3.5495283364044533E9,0.6181241458196208,1
300,1.0164441061896907,0.09643108312241112,58.8928947058867,2.893656465485343E9,0.7794217855674339,3
300,1.0137608324842824,0.1,83.589996855178,3.292611686795634E9,0.6686476481429038,1
