evolution$generation,alpha,beta,tsteps,popfit,indicsfit,evolution$samples
200,0.994612863528648,0.0926294813557259,59.42005950521987,2.8449431238168716E9,0.7715570185538352,1
200,0.9025342950641774,0.04582658286267713,57.96660989371526,3.0355800515451612E9,0.9599228977457733,2
200,1.1180455578417403,0.09223325614132812,50.5085879920687,7.976725270060207E9,1.2772692925813132,3
