evolution$generation,alpha,beta,tsteps,popfit,indicsfit,evolution$samples
200,1.0208083793134677,0.035506752723853105,87.82885770322528,2.6832491090567303E9,1.0165613610708992,2
200,0.652571488295517,0.004697395097267182,3.4109309356903585,5.757812593824058E8,2.4364697153901362,1
200,2.142460757626339,0.04466710158428453,9.42390540240248,4.596763231643759E9,2.0377570381250663,6
200,0.972147972674761,0.002705704131554422,100.0,7.345826105009993E8,1.7983947129252242,1
200,1.0981883056381103,0.05857357352876241,24.58186992336978,1.622005473192111E9,1.260822399197064,1
200,1.1023223152862591,0.03383595579568798,90.10636058773457,2.6168178346913843E9,1.043082861065564,2
200,0.36344401351930516,0.021539248420486337,2.460429328202696,8.019218720537896E8,1.6184813193712364,2
200,1.0741319579349624,0.05709055610224384,26.2291814895508,1.6685105072692118E9,1.2382316495115886,2
200,0.8273608947376909,0.02873777218058253,81.50274845517231,2.36524400425797E9,1.0459872371594998,1
200,1.1930576187435884,0.023388053847130833,3.9836925850317635,1.0032323013871181E9,2.3352733636692165,4
200,0.9023569927233487,0.05856682131826188,26.040452233330853,1.7113900755330558E9,1.1703688924294458,2
200,0.772679879504919,0.02562785266071879,76.62428678033,2.1515446776218643E9,1.0788348246227182,1
200,0.7656865130562961,0.026631621705428283,76.8510459376438,2.2319169566918206E9,1.072163105998881,1
200,0.99354915847751,0.00645888288869122,100.0,9.520223178825026E8,1.5029110294495736,2
200,0.7694325532122437,0.026157712541707713,76.80660339668368,2.1889903081775765E9,1.0763761211175638,3
200,0.38310687783181413,0.021228427860768343,5.021463399168472,9.394571061697748E8,1.5679474329420346,1
200,0.82664630487403,0.02608041514974407,57.786575193506266,1.7231555402249532E9,1.1486951520975768,2
