evolution$generation,alpha,beta,tsteps,popfit,indicsfit,evolution$samples
500,6.413975828244434,0.010765687728467999,97.59460700355457,1.628820047758287E10,3.7038351142781574,6
500,3.232602959470676,0.08927866378713248,63.116816883410024,1.628820047758287E10,3.7038351142781574,6
500,6.415664847944687,0.009844220481238891,97.70224459062295,1.628820047758287E10,3.7038351142781574,6
