evolution$generation,alpha,beta,tsteps,popfit,indicsfit,evolution$samples
700,6.413975828244434,0.010765687728467999,97.59460700355457,1.628820047758287E10,3.7038351142781574,8
700,6.386735467658853,0.028563001900930685,61.649502352767385,1.628820047758287E10,3.7038351142781574,8
