evolution$generation,alpha,beta,tsteps,popfit,indicsfit,evolution$samples
1000,6.386735467658853,0.028563001900930685,61.649502352767385,1.628820047758287E10,3.7038351142781574,8
1000,3.9654614171483935,0.08230598275671734,8.194762148178238,1.628820047758287E10,3.7038351142781574,8
1000,6.415664847944687,0.009844220481238891,97.70224459062295,1.628820047758287E10,3.7038351142781574,8
1000,6.413975828244434,0.010765687728467999,97.59460700355457,1.628820047758287E10,3.7038351142781574,8
