evolution$generation,alpha,beta,tsteps,popfit,indicsfit,evolution$samples
100,9.135783793825482,0.05303616253375636,95.82276994231042,5.719078872753433E8,2.566557230291745,2
100,9.244984457425058,0.09173054466658773,64.67435457758098,5.907295173596718E8,2.4009372724378184,3
100,0.018506468782661933,0.007000721961940593,48.97328366582805,7.623375571522745E8,1.4303084520653564,3
100,0.3804608802463383,0.07434222979441117,41.997490620782514,4.603703595112823E9,0.9713745542617699,3
100,0.9676415535073479,0.06380925093299912,47.39722038693404,3.8847713427546444E9,0.8860843541889646,1
100,8.739652583546794,0.08254451437439335,63.962810621645666,5.847489761232951E8,2.434837982974929,2
100,6.702039454860257,0.06558614890870305,87.5924457163693,5.77341789611983E8,2.5052032977759477,2
100,0.4845170564490195,0.00697939640529716,46.589015070560265,4.8026692956569946E8,1.299323826351861,1
100,0.0,0.09453335569391719,64.49340305753071,6.008783339541483E8,1.5415049771987068,2
100,0.0,0.003898204927233492,49.09817632649499,6.350335225863588E8,1.4701848664008377,2
100,1.0923960785628493,0.08739900164775286,43.858793840841315,4.576636231702701E9,0.8275585221033146,2
100,0.14427828134100146,0.011381021069169868,49.51776747618887,1.0259447844978933E9,1.3201753007636061,2
100,0.7660150013434069,0.0,50.402067797356956,3.6561152686859906E8,1.4125779089708117,1
100,8.66767142957019,0.0725330408955329,91.87282054684852,5.817455527139599E8,2.4747774267376283,2
100,1.1019337082580525,0.08582768572304364,43.78940763347403,4.499125170013177E9,0.8357226143179045,1
100,0.6697565472775158,0.012934223003093617,93.48738629695971,1.7588712669040053E9,1.107001861533567,1
100,1.081792369168248,0.025782307030540755,67.55106155444327,2.409985359279839E9,1.0951702876825782,1
