evolution$generation,alpha,beta,tsteps,popfit,indicsfit,evolution$samples
100,2.0036185866462564,0.018910253249904363,4.8257071280459805,1.9136089464284172E9,0.9904657941334127,8
100,2.3110692118383467,0.0033184354818061694,86.33598022174168,2.2756494392043996E9,0.8738404740859876,3
100,2.3790466320025168,0.07053274357723098,69.29307019262546,1.3169426687408386E10,0.5244141730272646,3
100,2.3885306177230508,0.06790668169416512,58.77211355747467,1.1311436325190428E10,0.5438190836021886,1
100,1.6214988887051702,0.043510650579004564,42.415587877756366,5.571631551745847E9,0.5947105415260074,1
100,2.322343758514099,0.06496896319797929,58.87574840283161,1.0943012191815886E10,0.5444076765940196,1
100,0.9456962099523631,0.032509766385023946,19.110776167389663,1.6544517861403444E9,0.6803664840750108,1
100,1.844028328057385,0.07491995593379633,69.59303038589344,1.370007414229649E10,0.5014125372791891,1
100,2.0549488219933014,0.05321038555214708,88.60059356596722,1.2489021558220587E10,0.5156257252697106,1
