evolution$generation,alpha,beta,tsteps,popfit,indicsfit,evolution$samples
400,3.4052639137588026,0.007510720313481612,32.80611486957845,1.0525916842210927E9,3.9455644531570284,8
400,0.21884558852592095,0.030680743964108234,10.645669036518441,4.120748546324907E8,1.1688986133567676,1
400,1.787127130635322,0.01988857389548775,5.825143098202844,8.739244882374012E8,4.071112188368109,7
400,0.32095027760765976,0.031143737252979233,24.22339243275616,4.536846562384218E8,1.0200969547384646,1
400,2.901803825559291,0.042725184464066486,77.87138353022732,9.971194522266567E8,2.5940044357540706,7
400,0.2200300744319905,0.05174647036649051,12.806824931722508,4.4475107481677634E8,1.1075888289857494,1
400,0.221477785668564,0.03382251037775654,11.6603183261871,4.167004269412933E8,1.1541714386345034,3
400,0.2226195456963083,0.03390083793513995,11.659429074083198,4.15746359985128E8,1.1525504933337136,2
400,0.22608686613307993,0.03062579670468345,10.23107683306214,4.1268619516926473E8,1.1653365164523775,3
400,0.22749408453824604,0.030398806080661013,10.123420715105395,4.1309110976485056E8,1.1591699604858123,3
400,0.2206400207263244,0.030703119403423785,10.698729248661385,4.1221179726708204E8,1.1474682437693746,1
400,0.22116061011745303,0.030675374130769612,10.686823140854324,4.1307279592906743E8,1.156020511758879,2
400,0.21546987920276034,0.030829829855534535,10.73201773886381,4.129991759710983E8,1.1664380916851183,6
400,0.2322986711378367,0.032041908842709015,10.589628146656104,4.125165794782106E8,1.1346542198310123,1
400,0.21833537887244917,0.030809633892264068,10.532408321002114,4.1207927208560425E8,1.1642053098915586,1
