evolution$generation,alpha,beta,tsteps,popfit,indicsfit,evolution$samples
500,4.592190736961246,0.09376615380706158,80.74551362547375,2.8877847593657818E7,1.3793439964610683,6
500,2.946313481666136,0.03590552869967085,49.401517110050335,2.8877847593657818E7,1.3793439964610683,6
