evolution$generation,alpha,beta,tsteps,popfit,indicsfit,evolution$samples
800,9.834462098276047,0.06446044693439923,24.849826929726735,2.8877847593657818E7,1.3793439964610683,8
800,2.946313481666136,0.03590552869967085,49.401517110050335,2.8877847593657818E7,1.3793439964610683,8
