evolution$generation,alpha,beta,tsteps,popfit,indicsfit,evolution$samples
200,7.1722753447643806,0.09969918348385068,69.85429304255973,1.0486707278867972E12,2.706900032931399,5
200,1.0983231497302963,0.015750931158357243,39.748538661942504,5.683521456745863E9,1.00175215317376,2
200,1.1496562157712655,0.0624352212956793,88.09547278204414,3.911817244597306E10,0.5868470324386256,1
200,0.7090842858076868,0.027389777402316663,43.47564610100959,1.5740462426455034E10,0.8142213861610251,2
200,0.78554818608533,0.048196289925840574,30.012607507048216,1.825647930295671E10,0.7718640225465233,1
200,1.1535298349850969,0.04161062069576521,84.40883071625221,3.122609576715369E10,0.6546793476328865,1
200,1.2228026810445394,0.04096399755791766,78.90787106657633,2.9696234188154774E10,0.6733789673192552,1
200,0.7917073150686376,0.046681091634956685,34.12138863148131,1.9639810972273273E10,0.7594161585591989,1
200,1.1307356484880327,0.06482487954202276,29.311202383704867,2.0912052246950787E10,0.757854025509716,1
200,0.8601618899538017,0.05077422950336498,36.22644285314348,2.1798615175272522E10,0.7339053506722344,1
200,1.3313120250781725,0.04650026093631799,74.18860909846377,3.0530431813848564E10,0.6724914994651333,1
200,0.9362083816252887,0.017910648110513565,39.46447421536232,7.402901364394828E9,0.9354394912830603,1
200,0.7578846424410979,0.04679132707213496,34.0307459598843,1.996086938039688E10,0.7629239563165549,3
200,1.1008095590240692,0.06682904707339103,33.16105405436055,2.398196547486349E10,0.7223532459505918,1
200,1.1025468112694357,0.016954312229336972,39.49903106966931,6.272214312231746E9,0.9854745599571757,2
200,0.9528395416395398,0.018750059551051516,32.32370342069011,5.889476906347885E9,0.9770903176318195,1
200,1.1912229933347596,0.01687932522996467,41.22898073582919,6.466853479417288E9,0.992612468668048,4
200,0.9301878358504883,0.017858898379751787,33.65199945415971,5.982241578819005E9,0.9693127993631773,1
200,0.938869527563735,0.018429341318473486,32.65782079320719,5.97043041365339E9,0.9705941684049658,1
