evolution$generation,alpha,beta,tsteps,popfit,indicsfit,evolution$samples
100,1.2683861813941166,0.09145562574642865,6.751200350598586,1.5207782510514816E11,1.6298561345440632,1
100,1.049839922348632,0.06381536610129286,87.49434159735424,2.818136863233396E11,0.6161051183977175,2
100,1.0405345624917883,0.06269989644528488,74.81746361280189,2.700414586194746E11,0.6499987651600903,1
100,0.0,0.0,57.37515680144556,1.5457719279010596E11,2.222988158264607,2
100,1.1754382583510115,0.09180903408587163,4.663999592011843,1.5606001167846225E11,1.8136050650664015,2
100,0.05077479005849127,0.01435577592596432,100.0,1.9580444883056375E11,1.3069094533662937,1
100,1.027012664496892,0.06091071073205944,74.79184370633247,2.6816898093130298E11,0.6545498995013537,1
100,0.13594172527916096,0.004656361166111893,56.72374622424623,1.3325323529800055E11,1.829167777941172,1
100,0.9105429110775348,0.0622525519265444,75.26047375542556,2.7237783576490015E11,0.6390255285135087,2
100,0.4824468779537686,0.09316271256922262,1.0,1.475977623559305E11,1.7528340869786383,1
100,1.4219347995949811,0.09171751966366583,7.420605602113226,1.6973353479052695E11,1.6238500668723133,1
100,0.90664654101836,0.08764145657306048,22.149009370428036,2.0430664198152902E11,0.8522715105693164,1
