evolution$generation,alpha,beta,tsteps,popfit,indicsfit,evolution$samples
300,1.4243142680765477,0.0,50.27470087778303,1.255398692824064E7,1.1389695202328391,5
