evolution$generation,alpha,beta,tsteps,popfit,indicsfit,evolution$samples
800,1.828772548714512,0.009972335495129912,35.865378757885914,1.255398692824064E7,1.1389695202328391,10
