evolution$generation,alpha,beta,tsteps,popfit,indicsfit,evolution$samples
600,8.229697103337406,0.022327892745896027,14.363541169238655,1.3292746513119958E8,0.7920489935436061,9
