evolution$generation,alpha,beta,tsteps,popfit,indicsfit,evolution$samples
100,2.468919000816201,0.006341351311931498,69.53229228473579,1.3292746513119958E8,0.7920489935436061,3
100,5.675481640802955,0.08398231401592415,41.27335896939516,1.3292746513119958E8,0.7920489935436061,3
100,7.539097453772068,0.03673238247859202,43.618881668647205,1.3292746513119958E8,0.7920489935436061,3
