evolution$generation,alpha,beta,tsteps,popfit,indicsfit,evolution$samples
100,2.710957483229741,0.04164926572789454,27.629888692871575,3.4850102242906866E9,1.1733487794163253,5
100,1.2354631597038812,0.041649265727894534,27.629888692871575,1.0953374657788892E9,0.4811419460667743,2
100,1.6435602915146206,0.04080335619526447,19.436202972415394,8.32163438308344E8,0.6884679358524048,2
100,0.9189627565226322,0.04051096688505226,97.8406752211271,2.6899300777843266E9,0.3160096240825171,2
100,1.1777804004728027,0.04143689762373644,27.723929923921613,1.0997455805370436E9,0.4736871292475217,2
100,0.0,0.0,36.14675938988319,6.695732015994543E8,1.5123450010188018,1
100,0.6301023398412842,0.0244221145781703,37.63261021547313,1.0903774441760654E9,0.538241626795245,1
