evolution$generation,alpha,beta,tsteps,popfit,indicsfit,evolution$samples
200,2.024208368387923,0.05344504539647427,62.195243617404095,3.1309070181783857E9,0.03350822627143575,2
200,0.5417390593863438,5.240344253619912E-4,5.149925642813641,2.4000508959581706E8,1.1509944648910575,1
200,0.10248011779835478,0.024053336533792852,9.793301227003727,1.236451877695595E9,0.8107878525937854,7
200,0.3438798746045755,0.0,4.159464646328558,4.19730813563473E8,0.8378330322598659,2
200,2.2429670418274212,0.03965547640618916,78.8859267647479,2.9428978117245607E9,0.10830154917915258,2
200,0.3558435169683432,0.02206761446618366,5.895649941757442,6.99316881828257E8,0.4328658748998414,1
200,0.30157269228148753,0.0073509087366419555,3.3269565457405097,5.251271068237359E8,0.4508559955024566,1
200,0.6186224308713804,0.04472636131808619,13.426316191600884,1.3024019563827956E9,0.12334915502898781,3
200,0.3632750255076913,0.024476813411061477,6.429305826990246,7.526128067194729E8,0.42962099722338715,1
200,2.3802764525636344,0.053046904753509774,61.93857359091629,3.166875500642743E9,0.15030948815684575,6
200,0.5311150698782212,0.0,7.550342860277279,2.601452703165909E8,0.717034768395455,1
200,1.8183771199545888,0.07891759657759861,54.09640219679273,3.803597092629386E9,0.09260803449530793,3
